mode: set
github.com/softivite/puxbay/cmd/createsuperuser/main.go:21.13,26.16 4 0
github.com/softivite/puxbay/cmd/createsuperuser/main.go:26.16,28.3 1 0
github.com/softivite/puxbay/cmd/createsuperuser/main.go:29.2,39.16 3 0
github.com/softivite/puxbay/cmd/createsuperuser/main.go:39.16,41.3 1 0
github.com/softivite/puxbay/cmd/createsuperuser/main.go:43.2,48.20 5 0
github.com/softivite/puxbay/cmd/createsuperuser/main.go:48.20,50.3 1 0
github.com/softivite/puxbay/cmd/createsuperuser/main.go:52.2,55.17 4 0
github.com/softivite/puxbay/cmd/createsuperuser/main.go:55.17,57.3 1 0
github.com/softivite/puxbay/cmd/createsuperuser/main.go:59.2,62.16 4 0
github.com/softivite/puxbay/cmd/createsuperuser/main.go:62.16,64.3 1 0
github.com/softivite/puxbay/cmd/createsuperuser/main.go:65.2,70.16 5 0
github.com/softivite/puxbay/cmd/createsuperuser/main.go:70.16,72.3 1 0
github.com/softivite/puxbay/cmd/createsuperuser/main.go:73.2,75.33 2 0
github.com/softivite/puxbay/cmd/createsuperuser/main.go:75.33,77.3 1 0
github.com/softivite/puxbay/cmd/createsuperuser/main.go:79.2,80.16 2 0
github.com/softivite/puxbay/cmd/createsuperuser/main.go:80.16,82.3 1 0
github.com/softivite/puxbay/cmd/createsuperuser/main.go:84.2,94.47 2 0
github.com/softivite/puxbay/cmd/createsuperuser/main.go:94.47,96.3 1 0
github.com/softivite/puxbay/cmd/createsuperuser/main.go:98.2,98.48 1 0
github.com/softivite/puxbay/cmd/migrate/main.go:12.13,14.16 2 0
github.com/softivite/puxbay/cmd/migrate/main.go:14.16,16.3 1 0
github.com/softivite/puxbay/cmd/migrate/main.go:18.2,19.16 2 0
github.com/softivite/puxbay/cmd/migrate/main.go:19.16,21.3 1 0
github.com/softivite/puxbay/cmd/migrate/main.go:23.2,31.55 3 0
github.com/softivite/puxbay/internal/admin/admin.go:19.59,55.22 4 0
github.com/softivite/puxbay/internal/admin/admin.go:55.22,57.3 1 0
github.com/softivite/puxbay/internal/admin/admin.go:59.2,59.12 1 0
github.com/softivite/puxbay/internal/admin/tables.go:6.45,12.2 1 0
github.com/softivite/puxbay/internal/config/config.go:49.39,54.2 1 0
github.com/softivite/puxbay/internal/config/config.go:111.30,141.38 25 0
github.com/softivite/puxbay/internal/config/config.go:141.38,143.3 1 0
github.com/softivite/puxbay/internal/config/config.go:145.2,233.17 15 0
github.com/softivite/puxbay/internal/config/config.go:238.29,248.73 4 0
github.com/softivite/puxbay/internal/config/config.go:248.73,249.33 1 0
github.com/softivite/puxbay/internal/config/config.go:249.33,251.4 1 0
github.com/softivite/puxbay/internal/database/audit_callbacks.go:13.42,18.2 4 0
github.com/softivite/puxbay/internal/database/audit_callbacks.go:20.50,21.27 1 0
github.com/softivite/puxbay/internal/database/audit_callbacks.go:21.27,22.75 1 0
github.com/softivite/puxbay/internal/database/audit_callbacks.go:22.75,24.4 1 0
github.com/softivite/puxbay/internal/database/audit_callbacks.go:26.3,28.151 2 0
github.com/softivite/puxbay/internal/database/audit_callbacks.go:28.151,30.4 1 0
github.com/softivite/puxbay/internal/database/audit_callbacks.go:32.3,36.34 4 0
github.com/softivite/puxbay/internal/database/audit_callbacks.go:36.34,37.74 1 0
github.com/softivite/puxbay/internal/database/audit_callbacks.go:37.74,39.5 1 0
github.com/softivite/puxbay/internal/database/audit_callbacks.go:40.4,40.72 1 0
github.com/softivite/puxbay/internal/database/audit_callbacks.go:40.72,42.5 1 0
github.com/softivite/puxbay/internal/database/audit_callbacks.go:45.3,53.22 4 0
github.com/softivite/puxbay/internal/database/audit_callbacks.go:53.22,55.68 1 0
github.com/softivite/puxbay/internal/database/audit_callbacks.go:55.68,57.5 1 0
github.com/softivite/puxbay/internal/database/audit_callbacks.go:60.3,73.34 5 0
github.com/softivite/puxbay/internal/database/audit_callbacks.go:73.34,74.94 1 0
github.com/softivite/puxbay/internal/database/audit_callbacks.go:74.94,76.5 1 0
github.com/softivite/puxbay/internal/database/audit_callbacks.go:80.3,80.54 1 0
github.com/softivite/puxbay/internal/database/audit_callbacks.go:80.54,81.17 1 0
github.com/softivite/puxbay/internal/database/audit_callbacks.go:81.17,83.63 2 0
github.com/softivite/puxbay/internal/database/audit_callbacks.go:83.63,84.44 1 0
github.com/softivite/puxbay/internal/database/audit_callbacks.go:84.44,87.7 1 0
github.com/softivite/puxbay/internal/database/audit_callbacks.go:87.12,89.7 1 0
github.com/softivite/puxbay/internal/database/audit_callbacks.go:91.6,91.81 1 0
github.com/softivite/puxbay/internal/database/database.go:26.42,28.2 1 0
github.com/softivite/puxbay/internal/database/database.go:33.60,36.43 2 0
github.com/softivite/puxbay/internal/database/database.go:36.43,38.3 1 0
github.com/softivite/puxbay/internal/database/database.go:40.2,55.16 3 0
github.com/softivite/puxbay/internal/database/database.go:55.16,57.3 1 0
github.com/softivite/puxbay/internal/database/database.go:60.2,64.16 3 0
github.com/softivite/puxbay/internal/database/database.go:64.16,66.3 1 0
github.com/softivite/puxbay/internal/database/database.go:68.2,73.37 4 0
github.com/softivite/puxbay/internal/database/database.go:73.37,75.3 1 0
github.com/softivite/puxbay/internal/database/database.go:77.2,78.16 2 0
github.com/softivite/puxbay/internal/database/database.go:83.63,84.22 1 0
github.com/softivite/puxbay/internal/database/database.go:84.22,86.3 1 0
github.com/softivite/puxbay/internal/database/database.go:87.2,87.89 1 0
github.com/softivite/puxbay/internal/database/database.go:91.46,93.2 1 0
github.com/softivite/puxbay/internal/database/database.go:96.64,97.22 1 0
github.com/softivite/puxbay/internal/database/database.go:97.22,99.3 1 0
github.com/softivite/puxbay/internal/database/database.go:101.2,102.56 2 0
github.com/softivite/puxbay/internal/database/database.go:102.56,104.3 1 0
github.com/softivite/puxbay/internal/database/database.go:104.8,106.3 1 0
github.com/softivite/puxbay/internal/database/database.go:107.2,108.28 2 0
github.com/softivite/puxbay/internal/database/database.go:112.63,114.2 1 0
github.com/softivite/puxbay/internal/database/schema_validator.go:15.44,16.16 1 0
github.com/softivite/puxbay/internal/database/schema_validator.go:16.16,18.3 1 0
github.com/softivite/puxbay/internal/database/schema_validator.go:19.2,19.40 1 0
github.com/softivite/puxbay/internal/database/schema_validator.go:19.40,21.3 1 0
github.com/softivite/puxbay/internal/database/schema_validator.go:22.2,22.12 1 0
github.com/softivite/puxbay/internal/errors/wrapper.go:18.35,19.18 1 0
github.com/softivite/puxbay/internal/errors/wrapper.go:19.18,21.3 1 0
github.com/softivite/puxbay/internal/errors/wrapper.go:22.2,22.18 1 0
github.com/softivite/puxbay/internal/errors/wrapper.go:25.35,27.2 1 0
github.com/softivite/puxbay/internal/errors/wrapper.go:31.35,32.16 1 0
github.com/softivite/puxbay/internal/errors/wrapper.go:32.16,34.3 1 0
github.com/softivite/puxbay/internal/errors/wrapper.go:36.2,36.44 1 0
github.com/softivite/puxbay/internal/errors/wrapper.go:36.44,38.3 1 0
github.com/softivite/puxbay/internal/errors/wrapper.go:41.2,41.109 1 0
github.com/softivite/puxbay/internal/errors/wrapper.go:41.109,43.3 1 0
github.com/softivite/puxbay/internal/errors/wrapper.go:46.2,46.70 1 0
github.com/softivite/puxbay/internal/errors/wrapper.go:46.70,48.3 1 0
github.com/softivite/puxbay/internal/errors/wrapper.go:51.2,51.87 1 0
github.com/softivite/puxbay/cmd/server/main.go:40.13,43.16 2 0
github.com/softivite/puxbay/cmd/server/main.go:43.16,45.3 1 0
github.com/softivite/puxbay/cmd/server/main.go:47.2,53.16 5 0
github.com/softivite/puxbay/cmd/server/main.go:53.16,55.3 1 0
github.com/softivite/puxbay/cmd/server/main.go:56.2,64.34 3 0
github.com/softivite/puxbay/cmd/server/main.go:64.34,97.17 4 0
github.com/softivite/puxbay/cmd/server/main.go:97.17,99.4 1 0
github.com/softivite/puxbay/cmd/server/main.go:101.3,105.34 4 0
github.com/softivite/puxbay/cmd/server/main.go:105.34,111.49 3 0
github.com/softivite/puxbay/cmd/server/main.go:111.49,112.70 1 0
github.com/softivite/puxbay/cmd/server/main.go:112.70,114.6 1 0
github.com/softivite/puxbay/cmd/server/main.go:116.5,197.6 1 0
github.com/softivite/puxbay/cmd/server/main.go:199.4,199.18 1 0
github.com/softivite/puxbay/cmd/server/main.go:199.18,201.5 1 0
github.com/softivite/puxbay/cmd/server/main.go:205.3,207.45 2 0
github.com/softivite/puxbay/cmd/server/main.go:211.2,218.44 4 0
github.com/softivite/puxbay/cmd/server/main.go:218.44,220.3 1 0
github.com/softivite/puxbay/cmd/server/main.go:223.2,224.12 2 0
github.com/softivite/puxbay/cmd/server/main.go:224.12,225.46 1 0
github.com/softivite/puxbay/cmd/server/main.go:225.46,227.4 1 0
github.com/softivite/puxbay/cmd/server/main.go:229.2,242.12 6 0
github.com/softivite/puxbay/cmd/server/main.go:242.12,244.77 2 0
github.com/softivite/puxbay/cmd/server/main.go:244.77,246.4 1 0
github.com/softivite/puxbay/cmd/server/main.go:251.2,259.42 7 0
github.com/softivite/puxbay/cmd/server/main.go:259.42,261.3 1 0
github.com/softivite/puxbay/cmd/server/main.go:264.2,264.39 1 0
github.com/softivite/puxbay/cmd/server/main.go:264.39,267.3 2 0
github.com/softivite/puxbay/cmd/server/main.go:269.2,269.44 1 0
github.com/softivite/puxbay/internal/middleware/auth.go:25.72,26.30 1 0
github.com/softivite/puxbay/internal/middleware/auth.go:26.30,29.23 3 0
github.com/softivite/puxbay/internal/middleware/auth.go:29.23,31.64 2 0
github.com/softivite/puxbay/internal/middleware/auth.go:31.64,33.5 1 0
github.com/softivite/puxbay/internal/middleware/auth.go:37.3,37.24 1 0
github.com/softivite/puxbay/internal/middleware/auth.go:37.24,39.4 1 0
github.com/softivite/puxbay/internal/middleware/auth.go:41.3,41.24 1 0
github.com/softivite/puxbay/internal/middleware/auth.go:41.24,46.4 2 0
github.com/softivite/puxbay/internal/middleware/auth.go:49.3,50.17 2 0
github.com/softivite/puxbay/internal/middleware/auth.go:50.17,55.4 2 0
github.com/softivite/puxbay/internal/middleware/auth.go:58.3,58.35 1 0
github.com/softivite/puxbay/internal/middleware/auth.go:58.35,63.4 2 0
github.com/softivite/puxbay/internal/middleware/auth.go:66.3,66.64 1 0
github.com/softivite/puxbay/internal/middleware/auth.go:66.64,71.4 2 0
github.com/softivite/puxbay/internal/middleware/auth.go:74.3,79.29 5 0
github.com/softivite/puxbay/internal/middleware/auth.go:79.29,81.4 1 0
github.com/softivite/puxbay/internal/middleware/auth.go:83.3,83.11 1 0
github.com/softivite/puxbay/internal/middleware/auth.go:88.61,89.30 1 1
github.com/softivite/puxbay/internal/middleware/auth.go:89.30,91.14 2 1
github.com/softivite/puxbay/internal/middleware/auth.go:91.14,96.4 2 1
github.com/softivite/puxbay/internal/middleware/auth.go:98.3,99.40 2 1
github.com/softivite/puxbay/internal/middleware/auth.go:99.40,100.27 1 1
github.com/softivite/puxbay/internal/middleware/auth.go:100.27,103.5 2 1
github.com/softivite/puxbay/internal/middleware/auth.go:106.3,108.5 1 1
github.com/softivite/puxbay/internal/middleware/auth.go:113.45,114.30 1 0
github.com/softivite/puxbay/internal/middleware/auth.go:114.30,116.14 2 0
github.com/softivite/puxbay/internal/middleware/auth.go:116.14,121.4 2 0
github.com/softivite/puxbay/internal/middleware/auth.go:123.3,125.39 2 0
github.com/softivite/puxbay/internal/middleware/auth.go:125.39,130.4 2 0
github.com/softivite/puxbay/internal/middleware/auth.go:132.3,132.11 1 0
github.com/softivite/puxbay/internal/middleware/auth.go:138.81,139.42 1 0
github.com/softivite/puxbay/internal/middleware/auth.go:139.42,141.3 1 0
github.com/softivite/puxbay/internal/middleware/auth.go:144.2,149.67 4 0
github.com/softivite/puxbay/internal/middleware/auth.go:149.67,151.3 1 0
github.com/softivite/puxbay/internal/middleware/auth.go:153.2,153.13 1 0
github.com/softivite/puxbay/internal/middleware/auth.go:156.37,157.20 1 0
github.com/softivite/puxbay/internal/middleware/auth.go:157.20,159.3 1 0
github.com/softivite/puxbay/internal/middleware/auth.go:160.2,160.14 1 0
github.com/softivite/puxbay/internal/middleware/billing.go:18.42,19.30 1 0
github.com/softivite/puxbay/internal/middleware/billing.go:19.30,22.98 2 0
github.com/softivite/puxbay/internal/middleware/billing.go:22.98,25.4 2 0
github.com/softivite/puxbay/internal/middleware/billing.go:28.3,29.14 2 0
github.com/softivite/puxbay/internal/middleware/billing.go:29.14,33.4 3 0
github.com/softivite/puxbay/internal/middleware/billing.go:35.3,36.10 2 0
github.com/softivite/puxbay/internal/middleware/billing.go:36.10,40.4 3 0
github.com/softivite/puxbay/internal/middleware/billing.go:42.3,43.97 2 0
github.com/softivite/puxbay/internal/middleware/billing.go:43.97,51.4 3 0
github.com/softivite/puxbay/internal/middleware/billing.go:54.3,54.80 1 0
github.com/softivite/puxbay/internal/middleware/billing.go:54.80,55.56 1 0
github.com/softivite/puxbay/internal/middleware/billing.go:55.56,59.5 2 0
github.com/softivite/puxbay/internal/middleware/billing.go:63.3,63.151 1 0
github.com/softivite/puxbay/internal/middleware/billing.go:63.151,71.4 3 0
github.com/softivite/puxbay/internal/middleware/billing.go:74.3,74.11 1 0
github.com/softivite/puxbay/internal/middleware/branch.go:13.41,14.30 1 0
github.com/softivite/puxbay/internal/middleware/branch.go:14.30,16.24 2 0
github.com/softivite/puxbay/internal/middleware/branch.go:16.24,17.60 1 0
github.com/softivite/puxbay/internal/middleware/branch.go:17.60,20.5 1 0
github.com/softivite/puxbay/internal/middleware/branch.go:22.3,22.11 1 0
github.com/softivite/puxbay/internal/middleware/branch.go:28.53,30.13 2 0
github.com/softivite/puxbay/internal/middleware/branch.go:30.13,32.3 1 0
github.com/softivite/puxbay/internal/middleware/branch.go:33.2,34.9 2 0
github.com/softivite/puxbay/internal/middleware/branch.go:34.9,36.3 1 0
github.com/softivite/puxbay/internal/middleware/branch.go:37.2,37.19 1 0
github.com/softivite/puxbay/internal/middleware/branch.go:41.49,42.30 1 0
github.com/softivite/puxbay/internal/middleware/branch.go:42.30,43.35 1 0
github.com/softivite/puxbay/internal/middleware/branch.go:43.35,46.4 2 0
github.com/softivite/puxbay/internal/middleware/branch.go:47.3,47.11 1 0
github.com/softivite/puxbay/internal/middleware/branch.go:54.63,56.55 1 0
github.com/softivite/puxbay/internal/middleware/branch.go:56.55,57.45 1 0
github.com/softivite/puxbay/internal/middleware/branch.go:57.45,59.4 1 0
github.com/softivite/puxbay/internal/middleware/branch.go:60.3,60.45 1 0
github.com/softivite/puxbay/internal/middleware/branch.go:60.45,62.4 1 0
github.com/softivite/puxbay/internal/middleware/branch.go:65.2,65.21 1 0
github.com/softivite/puxbay/internal/middleware/branch.go:65.21,67.3 1 0
github.com/softivite/puxbay/internal/middleware/branch.go:70.2,70.61 1 0
github.com/softivite/puxbay/internal/middleware/branch.go:70.61,71.46 1 0
github.com/softivite/puxbay/internal/middleware/branch.go:71.46,73.4 1 0
github.com/softivite/puxbay/internal/middleware/branch.go:76.2,76.18 1 0
github.com/softivite/puxbay/internal/middleware/cors.go:15.61,17.45 1 0
github.com/softivite/puxbay/internal/middleware/cors.go:17.45,22.21 3 0
github.com/softivite/puxbay/internal/middleware/cors.go:22.21,23.87 1 0
github.com/softivite/puxbay/internal/middleware/cors.go:23.87,25.6 1 0
github.com/softivite/puxbay/internal/middleware/cors.go:29.4,29.47 1 0
github.com/softivite/puxbay/internal/middleware/cors.go:29.47,31.26 1 0
github.com/softivite/puxbay/internal/middleware/cors.go:31.26,33.6 1 0
github.com/softivite/puxbay/internal/middleware/cors.go:35.5,41.59 5 0
github.com/softivite/puxbay/internal/middleware/cors.go:41.59,43.6 1 0
github.com/softivite/puxbay/internal/middleware/cors.go:45.4,45.16 1 0
github.com/softivite/puxbay/internal/middleware/cors.go:56.40,57.30 1 0
github.com/softivite/puxbay/internal/middleware/cors.go:57.30,79.3 8 0
github.com/softivite/puxbay/internal/middleware/cors.go:83.38,84.30 1 0
github.com/softivite/puxbay/internal/middleware/cors.go:84.30,93.150 5 0
github.com/softivite/puxbay/internal/middleware/cors.go:93.150,95.4 1 0
github.com/softivite/puxbay/internal/middleware/cors.go:97.3,97.24 1 0
github.com/softivite/puxbay/internal/middleware/cors.go:97.24,105.4 1 0
github.com/softivite/puxbay/internal/middleware/cors.go:105.9,113.4 1 0
github.com/softivite/puxbay/internal/middleware/csrf.go:14.39,15.30 1 0
github.com/softivite/puxbay/internal/middleware/csrf.go:15.30,17.33 2 0
github.com/softivite/puxbay/internal/middleware/csrf.go:17.33,25.4 5 0
github.com/softivite/puxbay/internal/middleware/csrf.go:28.3,32.121 3 0
github.com/softivite/puxbay/internal/middleware/csrf.go:32.121,34.50 2 0
github.com/softivite/puxbay/internal/middleware/csrf.go:34.50,37.5 2 0
github.com/softivite/puxbay/internal/middleware/csrf.go:40.3,40.11 1 0
github.com/softivite/puxbay/internal/middleware/field_filtering.go:11.39,12.30 1 0
github.com/softivite/puxbay/internal/middleware/field_filtering.go:12.30,14.24 2 0
github.com/softivite/puxbay/internal/middleware/field_filtering.go:14.24,18.32 3 0
github.com/softivite/puxbay/internal/middleware/field_filtering.go:18.32,20.22 2 0
github.com/softivite/puxbay/internal/middleware/field_filtering.go:20.22,22.49 1 0
github.com/softivite/puxbay/internal/middleware/field_filtering.go:22.49,24.7 1 0
github.com/softivite/puxbay/internal/middleware/field_filtering.go:27.4,27.23 1 0
github.com/softivite/puxbay/internal/middleware/field_filtering.go:27.23,29.5 1 0
github.com/softivite/puxbay/internal/middleware/field_filtering.go:31.3,31.11 1 0
github.com/softivite/puxbay/internal/middleware/field_filtering.go:36.61,37.36 1 0
github.com/softivite/puxbay/internal/middleware/field_filtering.go:37.36,39.9 2 0
github.com/softivite/puxbay/internal/middleware/field_filtering.go:39.9,40.62 1 0
github.com/softivite/puxbay/internal/middleware/field_filtering.go:40.62,42.5 1 0
github.com/softivite/puxbay/internal/middleware/field_filtering.go:44.3,44.12 1 0
github.com/softivite/puxbay/internal/middleware/idempotency.go:13.64,14.30 1 0
github.com/softivite/puxbay/internal/middleware/idempotency.go:14.30,16.16 2 0
github.com/softivite/puxbay/internal/middleware/idempotency.go:16.16,19.4 2 0
github.com/softivite/puxbay/internal/middleware/idempotency.go:21.3,26.17 4 0
github.com/softivite/puxbay/internal/middleware/idempotency.go:26.17,29.4 2 0
github.com/softivite/puxbay/internal/middleware/idempotency.go:31.3,31.15 1 0
github.com/softivite/puxbay/internal/middleware/idempotency.go:31.15,35.4 2 0
github.com/softivite/puxbay/internal/middleware/idempotency.go:37.3,37.11 1 0
github.com/softivite/puxbay/internal/middleware/ratelimit.go:24.139,32.24 2 0
github.com/softivite/puxbay/internal/middleware/ratelimit.go:32.24,34.13 2 0
github.com/softivite/puxbay/internal/middleware/ratelimit.go:34.13,35.23 1 0
github.com/softivite/puxbay/internal/middleware/ratelimit.go:35.23,38.37 3 0
github.com/softivite/puxbay/internal/middleware/ratelimit.go:38.37,39.71 1 0
github.com/softivite/puxbay/internal/middleware/ratelimit.go:39.71,41.7 1 0
github.com/softivite/puxbay/internal/middleware/ratelimit.go:43.5,43.16 1 0
github.com/softivite/puxbay/internal/middleware/ratelimit.go:48.2,48.30 1 0
github.com/softivite/puxbay/internal/middleware/ratelimit.go:48.30,52.25 3 0
github.com/softivite/puxbay/internal/middleware/ratelimit.go:52.25,59.18 5 0
github.com/softivite/puxbay/internal/middleware/ratelimit.go:59.18,64.5 2 0
github.com/softivite/puxbay/internal/middleware/ratelimit.go:66.4,67.18 2 0
github.com/softivite/puxbay/internal/middleware/ratelimit.go:67.18,71.5 2 0
github.com/softivite/puxbay/internal/middleware/ratelimit.go:73.4,73.18 1 0
github.com/softivite/puxbay/internal/middleware/ratelimit.go:73.18,75.5 1 0
github.com/softivite/puxbay/internal/middleware/ratelimit.go:77.4,77.34 1 0
github.com/softivite/puxbay/internal/middleware/ratelimit.go:77.34,83.5 3 0
github.com/softivite/puxbay/internal/middleware/ratelimit.go:85.4,86.10 2 0
github.com/softivite/puxbay/internal/middleware/ratelimit.go:90.3,92.81 3 0
github.com/softivite/puxbay/internal/middleware/ratelimit.go:92.81,100.4 4 0
github.com/softivite/puxbay/internal/middleware/ratelimit.go:102.3,102.38 1 0
github.com/softivite/puxbay/internal/middleware/ratelimit.go:102.38,108.4 3 0
github.com/softivite/puxbay/internal/middleware/ratelimit.go:110.3,110.34 1 0
github.com/softivite/puxbay/internal/middleware/ratelimit.go:110.34,117.4 4 0
github.com/softivite/puxbay/internal/middleware/ratelimit.go:119.3,121.11 3 0
github.com/softivite/puxbay/internal/middleware/recovery.go:13.43,14.30 1 0
github.com/softivite/puxbay/internal/middleware/recovery.go:14.30,15.16 1 0
github.com/softivite/puxbay/internal/middleware/recovery.go:15.16,16.36 1 0
github.com/softivite/puxbay/internal/middleware/recovery.go:16.36,17.26 1 0
github.com/softivite/puxbay/internal/middleware/recovery.go:17.26,22.6 1 0
github.com/softivite/puxbay/internal/middleware/recovery.go:24.5,26.7 1 0
github.com/softivite/puxbay/internal/middleware/recovery.go:29.3,29.11 1 0
github.com/softivite/puxbay/internal/middleware/request_id.go:9.34,10.30 1 0
github.com/softivite/puxbay/internal/middleware/request_id.go:10.30,12.18 2 0
github.com/softivite/puxbay/internal/middleware/request_id.go:12.18,14.4 1 0
github.com/softivite/puxbay/internal/middleware/request_id.go:17.3,22.11 3 0
github.com/softivite/puxbay/internal/middleware/tenant.go:19.46,20.81 1 1
github.com/softivite/puxbay/internal/middleware/tenant.go:20.81,22.3 1 1
github.com/softivite/puxbay/internal/middleware/tenant.go:24.2,24.63 1 1
github.com/softivite/puxbay/internal/middleware/tenant.go:24.63,26.3 1 0
github.com/softivite/puxbay/internal/middleware/tenant.go:28.2,32.44 3 1
github.com/softivite/puxbay/internal/middleware/tenant.go:32.44,36.48 4 0
github.com/softivite/puxbay/internal/middleware/tenant.go:36.48,38.4 1 0
github.com/softivite/puxbay/internal/middleware/tenant.go:39.8,39.50 1 1
github.com/softivite/puxbay/internal/middleware/tenant.go:39.50,43.48 4 1
github.com/softivite/puxbay/internal/middleware/tenant.go:43.48,45.4 1 1
github.com/softivite/puxbay/internal/middleware/tenant.go:48.2,48.11 1 1
github.com/softivite/puxbay/internal/middleware/tenant.go:52.41,53.30 1 0
github.com/softivite/puxbay/internal/middleware/tenant.go:53.30,56.22 2 0
github.com/softivite/puxbay/internal/middleware/tenant.go:56.22,62.4 3 0
github.com/softivite/puxbay/internal/middleware/tenant.go:65.3,70.168 2 0
github.com/softivite/puxbay/internal/middleware/tenant.go:70.168,74.4 3 0
github.com/softivite/puxbay/internal/middleware/tenant.go:77.3,77.66 1 0
github.com/softivite/puxbay/internal/middleware/tenant.go:77.66,79.39 2 0
github.com/softivite/puxbay/internal/middleware/tenant.go:79.39,83.5 3 0
github.com/softivite/puxbay/internal/middleware/tenant.go:84.9,87.4 1 0
github.com/softivite/puxbay/internal/middleware/tenant.go:92.3,92.58 1 0
github.com/softivite/puxbay/internal/middleware/tenant.go:92.58,100.57 4 0
github.com/softivite/puxbay/internal/middleware/tenant.go:100.57,102.5 1 0
github.com/softivite/puxbay/internal/middleware/tenant.go:103.4,112.53 4 0
github.com/softivite/puxbay/internal/middleware/tenant.go:112.53,114.5 1 0
github.com/softivite/puxbay/internal/middleware/tenant.go:115.4,115.14 1 0
github.com/softivite/puxbay/internal/middleware/tenant.go:118.3,118.44 1 0
github.com/softivite/puxbay/internal/middleware/tenant.go:118.44,121.4 1 0
github.com/softivite/puxbay/internal/middleware/webhook_signature.go:15.54,16.30 1 0
github.com/softivite/puxbay/internal/middleware/webhook_signature.go:16.30,18.22 2 0
github.com/softivite/puxbay/internal/middleware/webhook_signature.go:18.22,21.4 2 0
github.com/softivite/puxbay/internal/middleware/webhook_signature.go:23.3,24.17 2 0
github.com/softivite/puxbay/internal/middleware/webhook_signature.go:24.17,27.4 2 0
github.com/softivite/puxbay/internal/middleware/webhook_signature.go:30.3,36.58 5 0
github.com/softivite/puxbay/internal/middleware/webhook_signature.go:36.58,39.4 2 0
github.com/softivite/puxbay/internal/middleware/webhook_signature.go:41.3,41.11 1 0
github.com/softivite/puxbay/internal/handlers/admin_handler.go:21.84,26.2 1 0
github.com/softivite/puxbay/internal/handlers/admin_handler.go:59.58,68.47 4 0
github.com/softivite/puxbay/internal/handlers/admin_handler.go:68.47,70.3 1 0
github.com/softivite/puxbay/internal/handlers/admin_handler.go:73.2,74.105 2 0
github.com/softivite/puxbay/internal/handlers/admin_handler.go:74.105,88.26 6 0
github.com/softivite/puxbay/internal/handlers/admin_handler.go:88.26,94.4 2 0
github.com/softivite/puxbay/internal/handlers/admin_handler.go:97.3,101.21 4 0
github.com/softivite/puxbay/internal/handlers/admin_handler.go:101.21,104.4 2 0
github.com/softivite/puxbay/internal/handlers/admin_handler.go:108.2,109.50 2 0
github.com/softivite/puxbay/internal/handlers/admin_handler.go:109.50,111.3 1 0
github.com/softivite/puxbay/internal/handlers/admin_handler.go:113.2,113.27 1 0
github.com/softivite/puxbay/internal/handlers/admin_handler.go:113.27,118.21 4 0
github.com/softivite/puxbay/internal/handlers/admin_handler.go:119.17,122.23 3 0
github.com/softivite/puxbay/internal/handlers/admin_handler.go:123.17,126.19 3 0
github.com/softivite/puxbay/internal/handlers/admin_handler.go:127.16,130.18 3 0
github.com/softivite/puxbay/internal/handlers/admin_handler.go:133.3,134.26 2 0
github.com/softivite/puxbay/internal/handlers/admin_handler.go:134.26,136.4 1 0
github.com/softivite/puxbay/internal/handlers/admin_handler.go:138.3,145.5 1 0
github.com/softivite/puxbay/internal/handlers/admin_handler.go:149.2,157.26 6 0
github.com/softivite/puxbay/internal/handlers/admin_handler.go:157.26,161.3 3 0
github.com/softivite/puxbay/internal/handlers/admin_handler.go:163.2,163.28 1 0
github.com/softivite/puxbay/internal/handlers/admin_handler.go:163.28,165.44 2 0
github.com/softivite/puxbay/internal/handlers/admin_handler.go:165.44,167.4 1 0
github.com/softivite/puxbay/internal/handlers/admin_handler.go:172.2,178.27 5 0
github.com/softivite/puxbay/internal/handlers/admin_handler.go:178.27,184.3 2 0
github.com/softivite/puxbay/internal/handlers/admin_handler.go:186.2,186.30 1 0
github.com/softivite/puxbay/internal/handlers/admin_handler.go:190.53,195.39 4 0
github.com/softivite/puxbay/internal/handlers/admin_handler.go:195.39,197.3 1 0
github.com/softivite/puxbay/internal/handlers/admin_handler.go:199.2,205.4 2 0
github.com/softivite/puxbay/internal/handlers/admin_handler.go:209.52,214.16 4 0
github.com/softivite/puxbay/internal/handlers/admin_handler.go:214.16,217.3 2 0
github.com/softivite/puxbay/internal/handlers/admin_handler.go:219.2,222.4 1 0
github.com/softivite/puxbay/internal/handlers/admin_handler.go:225.52,229.16 4 0
github.com/softivite/puxbay/internal/handlers/admin_handler.go:229.16,232.3 2 0
github.com/softivite/puxbay/internal/handlers/admin_handler.go:233.2,233.32 1 0
github.com/softivite/puxbay/internal/handlers/admin_handler.go:240.53,244.47 4 0
github.com/softivite/puxbay/internal/handlers/admin_handler.go:244.47,247.3 2 0
github.com/softivite/puxbay/internal/handlers/admin_handler.go:249.2,250.16 2 0
github.com/softivite/puxbay/internal/handlers/admin_handler.go:250.16,253.3 2 0
github.com/softivite/puxbay/internal/handlers/admin_handler.go:254.2,254.36 1 0
github.com/softivite/puxbay/internal/handlers/admin_handler.go:257.53,259.57 2 0
github.com/softivite/puxbay/internal/handlers/admin_handler.go:259.57,262.3 2 0
github.com/softivite/puxbay/internal/handlers/admin_handler.go:263.2,263.51 1 0
github.com/softivite/puxbay/internal/handlers/admin_handler.go:266.53,268.57 2 0
github.com/softivite/puxbay/internal/handlers/admin_handler.go:268.57,271.3 2 0
github.com/softivite/puxbay/internal/handlers/admin_handler.go:272.2,272.52 1 0
github.com/softivite/puxbay/internal/handlers/admin_handler.go:275.57,279.71 4 0
github.com/softivite/puxbay/internal/handlers/admin_handler.go:279.71,282.3 2 0
github.com/softivite/puxbay/internal/handlers/admin_handler.go:283.2,283.58 1 0
github.com/softivite/puxbay/internal/handlers/admin_handler.go:286.54,288.16 2 0
github.com/softivite/puxbay/internal/handlers/admin_handler.go:288.16,291.3 2 0
github.com/softivite/puxbay/internal/handlers/admin_handler.go:293.2,293.58 1 0
github.com/softivite/puxbay/internal/handlers/admin_handler.go:293.58,296.3 2 0
github.com/softivite/puxbay/internal/handlers/admin_handler.go:297.2,297.53 1 0
github.com/softivite/puxbay/internal/handlers/admin_handler.go:300.58,302.16 2 0
github.com/softivite/puxbay/internal/handlers/admin_handler.go:302.16,305.3 2 0
github.com/softivite/puxbay/internal/handlers/admin_handler.go:307.2,311.16 4 0
github.com/softivite/puxbay/internal/handlers/admin_handler.go:311.16,314.3 2 0
github.com/softivite/puxbay/internal/handlers/admin_handler.go:315.2,315.46 1 0
github.com/softivite/puxbay/internal/handlers/admin_handler.go:318.50,320.16 2 0
github.com/softivite/puxbay/internal/handlers/admin_handler.go:320.16,323.3 2 0
github.com/softivite/puxbay/internal/handlers/admin_handler.go:324.2,324.30 1 0
github.com/softivite/puxbay/internal/handlers/admin_handler.go:327.51,329.48 2 0
github.com/softivite/puxbay/internal/handlers/admin_handler.go:329.48,332.3 2 0
github.com/softivite/puxbay/internal/handlers/admin_handler.go:334.2,334.52 1 0
github.com/softivite/puxbay/internal/handlers/admin_handler.go:334.52,337.3 2 0
github.com/softivite/puxbay/internal/handlers/admin_handler.go:338.2,338.34 1 0
github.com/softivite/puxbay/internal/handlers/admin_handler.go:341.55,343.16 2 0
github.com/softivite/puxbay/internal/handlers/admin_handler.go:343.16,346.3 2 0
github.com/softivite/puxbay/internal/handlers/admin_handler.go:347.2,347.35 1 0
github.com/softivite/puxbay/internal/handlers/admin_handler.go:350.56,352.53 2 0
github.com/softivite/puxbay/internal/handlers/admin_handler.go:352.53,355.3 2 0
github.com/softivite/puxbay/internal/handlers/admin_handler.go:357.2,360.62 3 0
github.com/softivite/puxbay/internal/handlers/admin_handler.go:360.62,363.3 2 0
github.com/softivite/puxbay/internal/handlers/admin_handler.go:364.2,364.39 1 0
github.com/softivite/puxbay/internal/handlers/admin_handler.go:367.59,369.49 2 0
github.com/softivite/puxbay/internal/handlers/admin_handler.go:369.49,372.3 2 0
github.com/softivite/puxbay/internal/handlers/admin_handler.go:374.2,374.60 1 0
github.com/softivite/puxbay/internal/handlers/admin_handler.go:374.60,377.3 2 0
github.com/softivite/puxbay/internal/handlers/admin_handler.go:378.2,378.51 1 0
github.com/softivite/puxbay/internal/handlers/admin_handler.go:383.57,385.16 2 0
github.com/softivite/puxbay/internal/handlers/admin_handler.go:385.16,388.3 2 0
github.com/softivite/puxbay/internal/handlers/admin_handler.go:389.2,389.30 1 0
github.com/softivite/puxbay/internal/handlers/admin_handler.go:392.58,394.48 2 0
github.com/softivite/puxbay/internal/handlers/admin_handler.go:394.48,397.3 2 0
github.com/softivite/puxbay/internal/handlers/admin_handler.go:399.2,399.59 1 0
github.com/softivite/puxbay/internal/handlers/admin_handler.go:399.59,402.3 2 0
github.com/softivite/puxbay/internal/handlers/admin_handler.go:403.2,403.34 1 0
github.com/softivite/puxbay/internal/handlers/admin_handler.go:406.58,409.16 3 0
github.com/softivite/puxbay/internal/handlers/admin_handler.go:409.16,412.3 2 0
github.com/softivite/puxbay/internal/handlers/admin_handler.go:414.2,415.48 2 0
github.com/softivite/puxbay/internal/handlers/admin_handler.go:415.48,418.3 2 0
github.com/softivite/puxbay/internal/handlers/admin_handler.go:419.2,421.59 2 0
github.com/softivite/puxbay/internal/handlers/admin_handler.go:421.59,424.3 2 0
github.com/softivite/puxbay/internal/handlers/admin_handler.go:425.2,425.29 1 0
github.com/softivite/puxbay/internal/handlers/admin_handler.go:428.58,431.16 3 0
github.com/softivite/puxbay/internal/handlers/admin_handler.go:431.16,434.3 2 0
github.com/softivite/puxbay/internal/handlers/admin_handler.go:436.2,436.56 1 0
github.com/softivite/puxbay/internal/handlers/admin_handler.go:436.56,439.3 2 0
github.com/softivite/puxbay/internal/handlers/admin_handler.go:440.3,440.33 1 0
github.com/softivite/puxbay/internal/handlers/admin_handler.go:444.58,446.16 2 0
github.com/softivite/puxbay/internal/handlers/admin_handler.go:446.16,449.3 2 0
github.com/softivite/puxbay/internal/handlers/admin_handler.go:450.2,453.4 1 0
github.com/softivite/puxbay/internal/handlers/admin_handler.go:456.61,458.16 2 0
github.com/softivite/puxbay/internal/handlers/admin_handler.go:458.16,461.3 2 0
github.com/softivite/puxbay/internal/handlers/admin_handler.go:462.2,465.47 2 0
github.com/softivite/puxbay/internal/handlers/admin_handler.go:465.47,468.3 2 0
github.com/softivite/puxbay/internal/handlers/admin_handler.go:469.2,469.71 1 0
github.com/softivite/puxbay/internal/handlers/admin_handler.go:469.71,472.3 2 0
github.com/softivite/puxbay/internal/handlers/admin_handler.go:473.2,473.54 1 0
github.com/softivite/puxbay/internal/handlers/admin_handler.go:477.55,479.16 2 0
github.com/softivite/puxbay/internal/handlers/admin_handler.go:479.16,482.3 2 0
github.com/softivite/puxbay/internal/handlers/admin_handler.go:483.2,486.4 1 0
github.com/softivite/puxbay/internal/handlers/admin_handler.go:489.56,491.48 2 0
github.com/softivite/puxbay/internal/handlers/admin_handler.go:491.48,494.3 2 0
github.com/softivite/puxbay/internal/handlers/admin_handler.go:495.2,495.57 1 0
github.com/softivite/puxbay/internal/handlers/admin_handler.go:495.57,498.3 2 0
github.com/softivite/puxbay/internal/handlers/admin_handler.go:499.2,499.34 1 0
github.com/softivite/puxbay/internal/handlers/admin_handler.go:502.56,504.16 2 0
github.com/softivite/puxbay/internal/handlers/admin_handler.go:504.16,507.3 2 0
github.com/softivite/puxbay/internal/handlers/admin_handler.go:508.2,508.54 1 0
github.com/softivite/puxbay/internal/handlers/admin_handler.go:508.54,511.3 2 0
github.com/softivite/puxbay/internal/handlers/admin_handler.go:512.2,512.51 1 0
github.com/softivite/puxbay/internal/handlers/admin_handler.go:516.60,518.16 2 0
github.com/softivite/puxbay/internal/handlers/admin_handler.go:518.16,521.3 2 0
github.com/softivite/puxbay/internal/handlers/admin_handler.go:522.2,525.4 1 0
github.com/softivite/puxbay/internal/handlers/admin_handler.go:529.54,531.16 2 0
github.com/softivite/puxbay/internal/handlers/admin_handler.go:531.16,534.3 2 0
github.com/softivite/puxbay/internal/handlers/admin_handler.go:535.2,538.4 1 0
github.com/softivite/puxbay/internal/handlers/admin_handler.go:542.49,544.16 2 0
github.com/softivite/puxbay/internal/handlers/admin_handler.go:544.16,547.3 2 0
github.com/softivite/puxbay/internal/handlers/admin_handler.go:548.2,548.29 1 0
github.com/softivite/puxbay/internal/handlers/admin_handler.go:551.50,553.47 2 0
github.com/softivite/puxbay/internal/handlers/admin_handler.go:553.47,556.3 2 0
github.com/softivite/puxbay/internal/handlers/admin_handler.go:557.2,557.50 1 0
github.com/softivite/puxbay/internal/handlers/admin_handler.go:557.50,560.3 2 0
github.com/softivite/puxbay/internal/handlers/admin_handler.go:561.2,561.33 1 0
github.com/softivite/puxbay/internal/handlers/admin_handler.go:564.50,566.16 2 0
github.com/softivite/puxbay/internal/handlers/admin_handler.go:566.16,569.3 2 0
github.com/softivite/puxbay/internal/handlers/admin_handler.go:570.2,570.54 1 0
github.com/softivite/puxbay/internal/handlers/admin_handler.go:570.54,573.3 2 0
github.com/softivite/puxbay/internal/handlers/admin_handler.go:574.2,574.51 1 0
github.com/softivite/puxbay/internal/handlers/admin_handler.go:578.60,580.16 2 0
github.com/softivite/puxbay/internal/handlers/admin_handler.go:580.16,583.3 2 0
github.com/softivite/puxbay/internal/handlers/admin_handler.go:584.2,584.32 1 0
github.com/softivite/puxbay/internal/handlers/admin_handler.go:587.61,589.16 2 0
github.com/softivite/puxbay/internal/handlers/admin_handler.go:589.16,592.3 2 0
github.com/softivite/puxbay/internal/handlers/admin_handler.go:593.2,594.66 2 0
github.com/softivite/puxbay/internal/handlers/admin_handler.go:594.66,597.3 2 0
github.com/softivite/puxbay/internal/handlers/admin_handler.go:598.2,598.51 1 0
github.com/softivite/puxbay/internal/handlers/admin_handler.go:602.60,604.16 2 0
github.com/softivite/puxbay/internal/handlers/admin_handler.go:604.16,607.3 2 0
github.com/softivite/puxbay/internal/handlers/admin_handler.go:608.2,608.32 1 0
github.com/softivite/puxbay/internal/handlers/admin_handler.go:614.56,617.16 3 0
github.com/softivite/puxbay/internal/handlers/admin_handler.go:617.16,620.3 2 0
github.com/softivite/puxbay/internal/handlers/admin_handler.go:621.2,621.31 1 0
github.com/softivite/puxbay/internal/handlers/admin_handler.go:625.54,630.16 5 0
github.com/softivite/puxbay/internal/handlers/admin_handler.go:630.16,633.3 2 0
github.com/softivite/puxbay/internal/handlers/admin_handler.go:634.2,634.63 1 0
github.com/softivite/puxbay/internal/handlers/admin_handler.go:638.53,643.45 2 0
github.com/softivite/puxbay/internal/handlers/admin_handler.go:643.45,646.3 2 0
github.com/softivite/puxbay/internal/handlers/admin_handler.go:647.2,652.55 2 0
github.com/softivite/puxbay/internal/handlers/admin_handler.go:652.55,655.3 2 0
github.com/softivite/puxbay/internal/handlers/admin_handler.go:656.2,656.36 1 0
github.com/softivite/puxbay/internal/handlers/admin_handler.go:660.58,665.48 3 0
github.com/softivite/puxbay/internal/handlers/admin_handler.go:665.48,668.3 2 0
github.com/softivite/puxbay/internal/handlers/admin_handler.go:669.2,669.68 1 0
github.com/softivite/puxbay/internal/handlers/admin_handler.go:669.68,672.3 2 0
github.com/softivite/puxbay/internal/handlers/admin_handler.go:673.2,673.47 1 0
github.com/softivite/puxbay/internal/handlers/admin_handler.go:679.61,681.16 2 0
github.com/softivite/puxbay/internal/handlers/admin_handler.go:681.16,684.3 2 0
github.com/softivite/puxbay/internal/handlers/admin_handler.go:685.2,685.44 1 0
github.com/softivite/puxbay/internal/handlers/admin_handler.go:689.59,691.16 2 0
github.com/softivite/puxbay/internal/handlers/admin_handler.go:691.16,694.3 2 0
github.com/softivite/puxbay/internal/handlers/admin_handler.go:695.2,695.48 1 0
github.com/softivite/puxbay/internal/handlers/admin_handler.go:701.54,703.16 2 0
github.com/softivite/puxbay/internal/handlers/admin_handler.go:703.16,706.3 2 0
github.com/softivite/puxbay/internal/handlers/admin_handler.go:707.2,707.47 1 0
github.com/softivite/puxbay/internal/handlers/admin_handler.go:713.58,715.16 2 0
github.com/softivite/puxbay/internal/handlers/admin_handler.go:715.16,718.3 2 0
github.com/softivite/puxbay/internal/handlers/admin_handler.go:719.2,719.46 1 0
github.com/softivite/puxbay/internal/handlers/admin_handler.go:724.55,726.16 2 0
github.com/softivite/puxbay/internal/handlers/admin_handler.go:726.16,729.3 2 0
github.com/softivite/puxbay/internal/handlers/admin_handler.go:730.2,730.45 1 0
github.com/softivite/puxbay/internal/handlers/admin_handler.go:733.56,735.48 2 0
github.com/softivite/puxbay/internal/handlers/admin_handler.go:735.48,738.3 2 0
github.com/softivite/puxbay/internal/handlers/admin_handler.go:739.2,739.57 1 0
github.com/softivite/puxbay/internal/handlers/admin_handler.go:739.57,742.3 2 0
github.com/softivite/puxbay/internal/handlers/admin_handler.go:743.2,743.34 1 0
github.com/softivite/puxbay/internal/handlers/admin_handler.go:746.56,751.48 3 0
github.com/softivite/puxbay/internal/handlers/admin_handler.go:751.48,754.3 2 0
github.com/softivite/puxbay/internal/handlers/admin_handler.go:755.2,755.72 1 0
github.com/softivite/puxbay/internal/handlers/admin_handler.go:755.72,758.3 2 0
github.com/softivite/puxbay/internal/handlers/admin_handler.go:759.2,759.47 1 0
github.com/softivite/puxbay/internal/handlers/admin_handler.go:762.56,764.16 2 0
github.com/softivite/puxbay/internal/handlers/admin_handler.go:764.16,767.3 2 0
github.com/softivite/puxbay/internal/handlers/admin_handler.go:768.2,768.43 1 0
github.com/softivite/puxbay/internal/handlers/admin_handler.go:771.57,773.46 2 0
github.com/softivite/puxbay/internal/handlers/admin_handler.go:773.46,776.3 2 0
github.com/softivite/puxbay/internal/handlers/admin_handler.go:777.2,777.56 1 0
github.com/softivite/puxbay/internal/handlers/admin_handler.go:777.56,780.3 2 0
github.com/softivite/puxbay/internal/handlers/admin_handler.go:781.2,781.32 1 0
github.com/softivite/puxbay/internal/handlers/admin_handler.go:784.62,786.60 2 0
github.com/softivite/puxbay/internal/handlers/admin_handler.go:786.60,789.3 2 0
github.com/softivite/puxbay/internal/handlers/admin_handler.go:790.2,790.47 1 0
github.com/softivite/puxbay/internal/handlers/admin_handler.go:795.58,797.16 2 0
github.com/softivite/puxbay/internal/handlers/admin_handler.go:797.16,800.3 2 0
github.com/softivite/puxbay/internal/handlers/admin_handler.go:801.2,801.44 1 0
github.com/softivite/puxbay/internal/handlers/admin_handler.go:804.59,806.47 2 0
github.com/softivite/puxbay/internal/handlers/admin_handler.go:806.47,809.3 2 0
github.com/softivite/puxbay/internal/handlers/admin_handler.go:812.2,814.59 2 0
github.com/softivite/puxbay/internal/handlers/admin_handler.go:814.59,817.3 2 0
github.com/softivite/puxbay/internal/handlers/admin_handler.go:818.2,818.33 1 0
github.com/softivite/puxbay/internal/handlers/admin_handler.go:821.59,823.57 2 0
github.com/softivite/puxbay/internal/handlers/admin_handler.go:823.57,826.3 2 0
github.com/softivite/puxbay/internal/handlers/admin_handler.go:827.2,827.47 1 0
github.com/softivite/puxbay/internal/handlers/admin_handler.go:832.57,839.16 6 0
github.com/softivite/puxbay/internal/handlers/admin_handler.go:839.16,842.3 2 0
github.com/softivite/puxbay/internal/handlers/admin_handler.go:843.2,843.63 1 0
github.com/softivite/puxbay/internal/handlers/admin_handler.go:846.58,850.49 2 0
github.com/softivite/puxbay/internal/handlers/admin_handler.go:850.49,853.3 2 0
github.com/softivite/puxbay/internal/handlers/admin_handler.go:855.2,855.63 1 0
github.com/softivite/puxbay/internal/handlers/admin_handler.go:855.63,858.3 2 0
github.com/softivite/puxbay/internal/handlers/admin_handler.go:859.2,859.47 1 0
github.com/softivite/puxbay/internal/handlers/admin_handler.go:862.61,864.16 2 0
github.com/softivite/puxbay/internal/handlers/admin_handler.go:864.16,867.3 2 0
github.com/softivite/puxbay/internal/handlers/admin_handler.go:869.2,870.16 2 0
github.com/softivite/puxbay/internal/handlers/admin_handler.go:870.16,873.3 2 0
github.com/softivite/puxbay/internal/handlers/admin_handler.go:874.2,874.36 1 0
github.com/softivite/puxbay/internal/handlers/analytics_handler.go:17.57,19.2 1 0
github.com/softivite/puxbay/internal/handlers/analytics_handler.go:21.79,23.2 1 0
github.com/softivite/puxbay/internal/handlers/analytics_handler.go:26.54,31.16 4 0
github.com/softivite/puxbay/internal/handlers/analytics_handler.go:31.16,34.3 2 0
github.com/softivite/puxbay/internal/handlers/analytics_handler.go:36.2,36.31 1 0
github.com/softivite/puxbay/internal/handlers/analytics_handler.go:40.56,47.16 6 0
github.com/softivite/puxbay/internal/handlers/analytics_handler.go:47.16,50.3 2 0
github.com/softivite/puxbay/internal/handlers/analytics_handler.go:52.2,61.4 1 0
github.com/softivite/puxbay/internal/handlers/analytics_handler.go:65.61,72.16 6 0
github.com/softivite/puxbay/internal/handlers/analytics_handler.go:72.16,75.3 2 0
github.com/softivite/puxbay/internal/handlers/analytics_handler.go:77.2,80.4 1 0
github.com/softivite/puxbay/internal/handlers/analytics_handler.go:84.56,92.16 7 0
github.com/softivite/puxbay/internal/handlers/analytics_handler.go:92.16,95.3 2 0
github.com/softivite/puxbay/internal/handlers/analytics_handler.go:97.2,100.4 1 0
github.com/softivite/puxbay/internal/handlers/analytics_handler.go:104.60,109.16 4 0
github.com/softivite/puxbay/internal/handlers/analytics_handler.go:109.16,112.3 2 0
github.com/softivite/puxbay/internal/handlers/analytics_handler.go:114.2,118.4 1 0
github.com/softivite/puxbay/internal/handlers/analytics_handler.go:122.60,127.16 4 0
github.com/softivite/puxbay/internal/handlers/analytics_handler.go:127.16,130.3 2 0
github.com/softivite/puxbay/internal/handlers/analytics_handler.go:132.2,139.4 1 0
github.com/softivite/puxbay/internal/handlers/analytics_handler.go:142.57,147.16 4 0
github.com/softivite/puxbay/internal/handlers/analytics_handler.go:147.16,150.3 2 0
github.com/softivite/puxbay/internal/handlers/analytics_handler.go:152.2,152.31 1 0
github.com/softivite/puxbay/internal/handlers/analytics_handler.go:155.58,166.47 5 0
github.com/softivite/puxbay/internal/handlers/analytics_handler.go:166.47,169.3 2 0
github.com/softivite/puxbay/internal/handlers/analytics_handler.go:171.2,172.16 2 0
github.com/softivite/puxbay/internal/handlers/analytics_handler.go:172.16,175.3 2 0
github.com/softivite/puxbay/internal/handlers/analytics_handler.go:177.2,177.31 1 0
github.com/softivite/puxbay/internal/handlers/analytics_handler.go:180.61,187.16 6 0
github.com/softivite/puxbay/internal/handlers/analytics_handler.go:187.16,190.3 2 0
github.com/softivite/puxbay/internal/handlers/analytics_handler.go:192.2,192.31 1 0
github.com/softivite/puxbay/internal/handlers/analytics_handler.go:195.62,200.16 4 0
github.com/softivite/puxbay/internal/handlers/analytics_handler.go:200.16,203.3 2 0
github.com/softivite/puxbay/internal/handlers/analytics_handler.go:205.2,205.31 1 0
github.com/softivite/puxbay/internal/handlers/auth_handler.go:23.109,25.2 1 0
github.com/softivite/puxbay/internal/handlers/auth_handler.go:49.45,51.47 2 0
github.com/softivite/puxbay/internal/handlers/auth_handler.go:51.47,54.3 2 0
github.com/softivite/puxbay/internal/handlers/auth_handler.go:56.2,57.16 2 0
github.com/softivite/puxbay/internal/handlers/auth_handler.go:57.16,58.36 1 0
github.com/softivite/puxbay/internal/handlers/auth_handler.go:58.36,61.4 2 0
github.com/softivite/puxbay/internal/handlers/auth_handler.go:62.3,63.9 2 0
github.com/softivite/puxbay/internal/handlers/auth_handler.go:66.2,80.4 1 0
github.com/softivite/puxbay/internal/handlers/auth_handler.go:85.52,89.47 2 0
github.com/softivite/puxbay/internal/handlers/auth_handler.go:89.47,92.3 2 0
github.com/softivite/puxbay/internal/handlers/auth_handler.go:94.2,95.16 2 0
github.com/softivite/puxbay/internal/handlers/auth_handler.go:95.16,98.3 2 0
github.com/softivite/puxbay/internal/handlers/auth_handler.go:100.2,100.31 1 0
github.com/softivite/puxbay/internal/handlers/auth_handler.go:105.46,107.22 2 0
github.com/softivite/puxbay/internal/handlers/auth_handler.go:107.22,109.63 2 0
github.com/softivite/puxbay/internal/handlers/auth_handler.go:109.63,113.4 2 0
github.com/softivite/puxbay/internal/handlers/auth_handler.go:116.2,116.68 1 0
github.com/softivite/puxbay/internal/handlers/auth_handler.go:121.51,126.16 4 0
github.com/softivite/puxbay/internal/handlers/auth_handler.go:126.16,129.3 2 0
github.com/softivite/puxbay/internal/handlers/auth_handler.go:131.2,144.4 1 0
github.com/softivite/puxbay/internal/handlers/auth_handler.go:149.48,151.47 2 0
github.com/softivite/puxbay/internal/handlers/auth_handler.go:151.47,154.3 2 0
github.com/softivite/puxbay/internal/handlers/auth_handler.go:156.2,166.54 2 0
github.com/softivite/puxbay/internal/handlers/auth_handler.go:166.54,168.103 1 0
github.com/softivite/puxbay/internal/handlers/auth_handler.go:168.103,171.4 2 0
github.com/softivite/puxbay/internal/handlers/auth_handler.go:172.3,173.9 2 0
github.com/softivite/puxbay/internal/handlers/auth_handler.go:176.2,178.4 1 0
github.com/softivite/puxbay/internal/handlers/auth_handler.go:183.54,187.47 2 0
github.com/softivite/puxbay/internal/handlers/auth_handler.go:187.47,190.3 2 0
github.com/softivite/puxbay/internal/handlers/auth_handler.go:192.2,195.94 3 0
github.com/softivite/puxbay/internal/handlers/auth_handler.go:200.53,205.47 2 0
github.com/softivite/puxbay/internal/handlers/auth_handler.go:205.47,208.3 2 0
github.com/softivite/puxbay/internal/handlers/auth_handler.go:210.2,211.76 2 0
github.com/softivite/puxbay/internal/handlers/auth_handler.go:211.76,214.3 2 0
github.com/softivite/puxbay/internal/handlers/auth_handler.go:216.2,216.72 1 0
github.com/softivite/puxbay/internal/handlers/auth_handler.go:229.48,233.47 3 0
github.com/softivite/puxbay/internal/handlers/auth_handler.go:233.47,236.3 2 0
github.com/softivite/puxbay/internal/handlers/auth_handler.go:238.2,239.88 2 0
github.com/softivite/puxbay/internal/handlers/auth_handler.go:239.88,242.3 2 0
github.com/softivite/puxbay/internal/handlers/auth_handler.go:245.2,246.25 2 0
github.com/softivite/puxbay/internal/handlers/auth_handler.go:246.25,248.3 1 0
github.com/softivite/puxbay/internal/handlers/auth_handler.go:249.2,249.24 1 0
github.com/softivite/puxbay/internal/handlers/auth_handler.go:249.24,251.3 1 0
github.com/softivite/puxbay/internal/handlers/auth_handler.go:254.2,254.27 1 0
github.com/softivite/puxbay/internal/handlers/auth_handler.go:254.27,255.32 1 0
github.com/softivite/puxbay/internal/handlers/auth_handler.go:255.32,258.4 2 0
github.com/softivite/puxbay/internal/handlers/auth_handler.go:259.3,259.71 1 0
github.com/softivite/puxbay/internal/handlers/auth_handler.go:259.71,262.4 2 0
github.com/softivite/puxbay/internal/handlers/auth_handler.go:263.3,263.31 1 0
github.com/softivite/puxbay/internal/handlers/auth_handler.go:263.31,266.4 2 0
github.com/softivite/puxbay/internal/handlers/auth_handler.go:267.3,268.17 2 0
github.com/softivite/puxbay/internal/handlers/auth_handler.go:268.17,271.4 2 0
github.com/softivite/puxbay/internal/handlers/auth_handler.go:272.3,274.51 2 0
github.com/softivite/puxbay/internal/handlers/auth_handler.go:277.2,277.23 1 0
github.com/softivite/puxbay/internal/handlers/auth_handler.go:277.23,280.3 2 0
github.com/softivite/puxbay/internal/handlers/auth_handler.go:282.2,282.75 1 0
github.com/softivite/puxbay/internal/handlers/auth_handler.go:282.75,285.3 2 0
github.com/softivite/puxbay/internal/handlers/auth_handler.go:287.2,293.4 1 0
github.com/softivite/puxbay/internal/handlers/b2b_handler.go:18.45,20.2 1 0
github.com/softivite/puxbay/internal/handlers/b2b_handler.go:22.67,24.2 1 0
github.com/softivite/puxbay/internal/handlers/b2b_handler.go:26.69,29.30 3 0
github.com/softivite/puxbay/internal/handlers/b2b_handler.go:29.30,31.3 1 0
github.com/softivite/puxbay/internal/handlers/b2b_handler.go:32.2,32.26 1 0
github.com/softivite/puxbay/internal/handlers/b2b_handler.go:35.49,40.16 4 0
github.com/softivite/puxbay/internal/handlers/b2b_handler.go:40.16,41.55 1 0
github.com/softivite/puxbay/internal/handlers/b2b_handler.go:41.55,44.4 2 0
github.com/softivite/puxbay/internal/handlers/b2b_handler.go:45.3,46.9 2 0
github.com/softivite/puxbay/internal/handlers/b2b_handler.go:49.2,49.35 1 0
github.com/softivite/puxbay/internal/handlers/b2b_handler.go:62.50,66.47 3 0
github.com/softivite/puxbay/internal/handlers/b2b_handler.go:66.47,69.3 2 0
github.com/softivite/puxbay/internal/handlers/b2b_handler.go:71.2,72.33 2 0
github.com/softivite/puxbay/internal/handlers/b2b_handler.go:72.33,77.3 1 0
github.com/softivite/puxbay/internal/handlers/b2b_handler.go:79.2,86.16 3 0
github.com/softivite/puxbay/internal/handlers/b2b_handler.go:86.16,87.43 1 0
github.com/softivite/puxbay/internal/handlers/b2b_handler.go:87.43,90.4 2 0
github.com/softivite/puxbay/internal/handlers/b2b_handler.go:91.3,92.9 2 0
github.com/softivite/puxbay/internal/handlers/b2b_handler.go:95.2,95.73 1 0
github.com/softivite/puxbay/internal/handlers/b2b_handler.go:98.50,105.47 3 0
github.com/softivite/puxbay/internal/handlers/b2b_handler.go:105.47,108.3 2 0
github.com/softivite/puxbay/internal/handlers/b2b_handler.go:110.2,116.16 3 0
github.com/softivite/puxbay/internal/handlers/b2b_handler.go:116.16,117.39 1 0
github.com/softivite/puxbay/internal/handlers/b2b_handler.go:117.39,120.4 2 0
github.com/softivite/puxbay/internal/handlers/b2b_handler.go:121.3,121.38 1 0
github.com/softivite/puxbay/internal/handlers/b2b_handler.go:121.38,124.4 2 0
github.com/softivite/puxbay/internal/handlers/b2b_handler.go:125.3,126.9 2 0
github.com/softivite/puxbay/internal/handlers/b2b_handler.go:129.2,129.65 1 0
github.com/softivite/puxbay/internal/handlers/b2b_handler.go:132.50,134.16 2 0
github.com/softivite/puxbay/internal/handlers/b2b_handler.go:134.16,137.3 2 0
github.com/softivite/puxbay/internal/handlers/b2b_handler.go:138.2,138.34 1 0
github.com/softivite/puxbay/internal/handlers/b2b_handler.go:141.47,145.96 3 0
github.com/softivite/puxbay/internal/handlers/b2b_handler.go:145.96,148.3 2 0
github.com/softivite/puxbay/internal/handlers/b2b_handler.go:149.2,149.20 1 0
github.com/softivite/puxbay/internal/handlers/b2b_handler.go:152.58,157.88 4 0
github.com/softivite/puxbay/internal/handlers/b2b_handler.go:157.88,160.3 2 0
github.com/softivite/puxbay/internal/handlers/b2b_handler.go:162.2,162.33 1 0
github.com/softivite/puxbay/internal/handlers/b2b_handler.go:162.33,165.3 2 0
github.com/softivite/puxbay/internal/handlers/b2b_handler.go:167.2,167.52 1 0
github.com/softivite/puxbay/internal/handlers/b2b_handler.go:167.52,176.49 2 0
github.com/softivite/puxbay/internal/handlers/b2b_handler.go:176.49,178.4 1 0
github.com/softivite/puxbay/internal/handlers/b2b_handler.go:180.3,180.36 1 0
github.com/softivite/puxbay/internal/handlers/b2b_handler.go:180.36,188.79 2 0
github.com/softivite/puxbay/internal/handlers/b2b_handler.go:188.79,190.5 1 0
github.com/softivite/puxbay/internal/handlers/b2b_handler.go:193.3,196.11 1 0
github.com/softivite/puxbay/internal/handlers/b2b_handler.go:199.2,199.16 1 0
github.com/softivite/puxbay/internal/handlers/b2b_handler.go:199.16,202.3 2 0
github.com/softivite/puxbay/internal/handlers/b2b_handler.go:203.2,203.43 1 0
github.com/softivite/puxbay/internal/handlers/b2b_handler.go:206.48,208.47 2 0
github.com/softivite/puxbay/internal/handlers/b2b_handler.go:208.47,211.3 2 0
github.com/softivite/puxbay/internal/handlers/b2b_handler.go:213.2,213.83 1 0
github.com/softivite/puxbay/internal/handlers/barcode_handler.go:16.53,18.2 1 0
github.com/softivite/puxbay/internal/handlers/barcode_handler.go:20.75,22.2 1 0
github.com/softivite/puxbay/internal/handlers/barcode_handler.go:25.65,29.16 3 0
github.com/softivite/puxbay/internal/handlers/barcode_handler.go:29.16,30.41 1 0
github.com/softivite/puxbay/internal/handlers/barcode_handler.go:30.41,33.4 2 0
github.com/softivite/puxbay/internal/handlers/barcode_handler.go:34.3,34.53 1 0
github.com/softivite/puxbay/internal/handlers/barcode_handler.go:34.53,37.4 2 0
github.com/softivite/puxbay/internal/handlers/barcode_handler.go:38.3,39.9 2 0
github.com/softivite/puxbay/internal/handlers/barcode_handler.go:42.2,43.24 2 0
github.com/softivite/puxbay/internal/handlers/barcode_handler.go:43.24,47.3 3 0
github.com/softivite/puxbay/internal/handlers/barcode_handler.go:49.2,49.48 1 0
github.com/softivite/puxbay/internal/handlers/barcode_handler.go:53.60,57.16 3 0
github.com/softivite/puxbay/internal/handlers/barcode_handler.go:57.16,58.41 1 0
github.com/softivite/puxbay/internal/handlers/barcode_handler.go:58.41,61.4 2 0
github.com/softivite/puxbay/internal/handlers/barcode_handler.go:62.3,63.9 2 0
github.com/softivite/puxbay/internal/handlers/barcode_handler.go:66.2,67.24 2 0
github.com/softivite/puxbay/internal/handlers/barcode_handler.go:67.24,71.3 3 0
github.com/softivite/puxbay/internal/handlers/barcode_handler.go:73.2,73.48 1 0
github.com/softivite/puxbay/internal/handlers/barcode_handler.go:80.63,82.47 2 0
github.com/softivite/puxbay/internal/handlers/barcode_handler.go:82.47,85.3 2 0
github.com/softivite/puxbay/internal/handlers/barcode_handler.go:87.2,88.16 2 0
github.com/softivite/puxbay/internal/handlers/barcode_handler.go:88.16,91.3 2 0
github.com/softivite/puxbay/internal/handlers/barcode_handler.go:94.2,95.36 2 0
github.com/softivite/puxbay/internal/handlers/barcode_handler.go:95.36,98.3 2 0
github.com/softivite/puxbay/internal/handlers/barcode_handler.go:100.2,100.55 1 0
github.com/softivite/puxbay/internal/handlers/billing_handler.go:30.89,32.2 1 0
github.com/softivite/puxbay/internal/handlers/billing_handler.go:34.75,36.2 1 0
github.com/softivite/puxbay/internal/handlers/billing_handler.go:38.55,42.16 3 0
github.com/softivite/puxbay/internal/handlers/billing_handler.go:42.16,45.3 2 0
github.com/softivite/puxbay/internal/handlers/billing_handler.go:47.2,47.33 1 0
github.com/softivite/puxbay/internal/handlers/billing_handler.go:50.58,54.16 3 0
github.com/softivite/puxbay/internal/handlers/billing_handler.go:54.16,63.3 2 0
github.com/softivite/puxbay/internal/handlers/billing_handler.go:66.2,66.60 1 0
github.com/softivite/puxbay/internal/handlers/billing_handler.go:66.60,68.94 2 0
github.com/softivite/puxbay/internal/handlers/billing_handler.go:68.94,73.4 1 0
github.com/softivite/puxbay/internal/handlers/billing_handler.go:76.2,76.37 1 0
github.com/softivite/puxbay/internal/handlers/billing_handler.go:79.56,83.47 2 0
github.com/softivite/puxbay/internal/handlers/billing_handler.go:83.47,86.3 2 0
github.com/softivite/puxbay/internal/handlers/billing_handler.go:88.2,89.101 2 0
github.com/softivite/puxbay/internal/handlers/billing_handler.go:89.101,92.3 2 0
github.com/softivite/puxbay/internal/handlers/billing_handler.go:94.2,99.4 1 0
github.com/softivite/puxbay/internal/handlers/billing_handler.go:102.52,114.2 1 0
github.com/softivite/puxbay/internal/handlers/billing_handler.go:116.34,120.16 2 0
github.com/softivite/puxbay/internal/handlers/billing_handler.go:120.16,125.66 3 0
github.com/softivite/puxbay/internal/handlers/billing_handler.go:125.66,126.53 1 0
github.com/softivite/puxbay/internal/handlers/billing_handler.go:126.53,128.5 1 0
github.com/softivite/puxbay/internal/handlers/billing_handler.go:131.2,131.15 1 0
github.com/softivite/puxbay/internal/handlers/billing_handler.go:134.57,144.77 4 0
github.com/softivite/puxbay/internal/handlers/billing_handler.go:144.78,146.3 0 0
github.com/softivite/puxbay/internal/handlers/billing_handler.go:149.2,149.24 1 0
github.com/softivite/puxbay/internal/handlers/billing_handler.go:149.24,151.25 2 0
github.com/softivite/puxbay/internal/handlers/billing_handler.go:151.25,153.4 1 0
github.com/softivite/puxbay/internal/handlers/billing_handler.go:155.2,155.28 1 0
github.com/softivite/puxbay/internal/handlers/billing_handler.go:155.28,157.29 2 0
github.com/softivite/puxbay/internal/handlers/billing_handler.go:157.29,159.4 1 0
github.com/softivite/puxbay/internal/handlers/billing_handler.go:162.2,163.72 2 0
github.com/softivite/puxbay/internal/handlers/billing_handler.go:163.72,166.3 2 0
github.com/softivite/puxbay/internal/handlers/billing_handler.go:168.2,169.34 2 0
github.com/softivite/puxbay/internal/handlers/billing_handler.go:169.34,171.3 1 0
github.com/softivite/puxbay/internal/handlers/billing_handler.go:174.2,174.25 1 0
github.com/softivite/puxbay/internal/handlers/billing_handler.go:174.25,176.107 2 0
github.com/softivite/puxbay/internal/handlers/billing_handler.go:176.107,177.30 1 0
github.com/softivite/puxbay/internal/handlers/billing_handler.go:178.22,180.29 2 0
github.com/softivite/puxbay/internal/handlers/billing_handler.go:181.16,182.40 1 0
github.com/softivite/puxbay/internal/handlers/billing_handler.go:184.4,184.17 1 0
github.com/softivite/puxbay/internal/handlers/billing_handler.go:184.17,186.5 1 0
github.com/softivite/puxbay/internal/handlers/billing_handler.go:190.2,190.27 1 0
github.com/softivite/puxbay/internal/handlers/billing_handler.go:190.27,193.3 2 0
github.com/softivite/puxbay/internal/handlers/billing_handler.go:195.2,198.32 2 0
github.com/softivite/puxbay/internal/handlers/billing_handler.go:198.32,200.81 2 0
github.com/softivite/puxbay/internal/handlers/billing_handler.go:200.81,206.4 4 0
github.com/softivite/puxbay/internal/handlers/billing_handler.go:208.3,213.9 2 0
github.com/softivite/puxbay/internal/handlers/billing_handler.go:217.2,219.22 3 0
github.com/softivite/puxbay/internal/handlers/billing_handler.go:219.22,221.110 2 0
github.com/softivite/puxbay/internal/handlers/billing_handler.go:221.110,223.4 1 0
github.com/softivite/puxbay/internal/handlers/billing_handler.go:225.2,225.22 1 0
github.com/softivite/puxbay/internal/handlers/billing_handler.go:225.22,236.3 3 0
github.com/softivite/puxbay/internal/handlers/billing_handler.go:237.2,237.22 1 0
github.com/softivite/puxbay/internal/handlers/billing_handler.go:237.22,240.3 2 0
github.com/softivite/puxbay/internal/handlers/billing_handler.go:243.2,245.122 3 0
github.com/softivite/puxbay/internal/handlers/billing_handler.go:245.122,247.3 1 0
github.com/softivite/puxbay/internal/handlers/billing_handler.go:249.2,250.27 2 0
github.com/softivite/puxbay/internal/handlers/billing_handler.go:250.27,255.17 2 0
github.com/softivite/puxbay/internal/handlers/billing_handler.go:255.17,258.4 2 0
github.com/softivite/puxbay/internal/handlers/billing_handler.go:262.2,279.16 6 0
github.com/softivite/puxbay/internal/handlers/billing_handler.go:279.16,282.3 2 0
github.com/softivite/puxbay/internal/handlers/billing_handler.go:284.2,289.16 5 0
github.com/softivite/puxbay/internal/handlers/billing_handler.go:289.16,292.3 2 0
github.com/softivite/puxbay/internal/handlers/billing_handler.go:293.2,309.87 5 0
github.com/softivite/puxbay/internal/handlers/billing_handler.go:309.87,313.3 3 0
github.com/softivite/puxbay/internal/handlers/billing_handler.go:315.2,321.4 2 0
github.com/softivite/puxbay/internal/handlers/billing_handler.go:324.57,326.2 0 0
github.com/softivite/puxbay/internal/handlers/billing_handler.go:331.56,333.21 2 0
github.com/softivite/puxbay/internal/handlers/billing_handler.go:333.21,336.3 2 0
github.com/softivite/puxbay/internal/handlers/billing_handler.go:338.2,340.9 3 0
github.com/softivite/puxbay/internal/handlers/billing_handler.go:340.9,343.3 2 0
github.com/softivite/puxbay/internal/handlers/billing_handler.go:346.2,348.16 3 0
github.com/softivite/puxbay/internal/handlers/billing_handler.go:348.16,351.3 2 0
github.com/softivite/puxbay/internal/handlers/billing_handler.go:352.2,356.16 4 0
github.com/softivite/puxbay/internal/handlers/billing_handler.go:356.16,359.3 2 0
github.com/softivite/puxbay/internal/handlers/billing_handler.go:360.2,386.83 5 0
github.com/softivite/puxbay/internal/handlers/billing_handler.go:386.83,389.3 2 0
github.com/softivite/puxbay/internal/handlers/billing_handler.go:391.2,391.41 1 0
github.com/softivite/puxbay/internal/handlers/billing_handler.go:391.41,394.3 2 0
github.com/softivite/puxbay/internal/handlers/billing_handler.go:398.2,399.117 2 0
github.com/softivite/puxbay/internal/handlers/billing_handler.go:399.117,400.36 1 0
github.com/softivite/puxbay/internal/handlers/billing_handler.go:400.36,406.87 3 0
github.com/softivite/puxbay/internal/handlers/billing_handler.go:406.87,410.5 3 0
github.com/softivite/puxbay/internal/handlers/billing_handler.go:411.9,415.4 3 0
github.com/softivite/puxbay/internal/handlers/billing_handler.go:419.2,420.49 2 0
github.com/softivite/puxbay/internal/handlers/billing_handler.go:420.49,422.3 1 0
github.com/softivite/puxbay/internal/handlers/billing_handler.go:425.2,426.49 2 0
github.com/softivite/puxbay/internal/handlers/billing_handler.go:426.49,428.3 1 0
github.com/softivite/puxbay/internal/handlers/billing_handler.go:428.8,430.3 1 0
github.com/softivite/puxbay/internal/handlers/billing_handler.go:431.2,434.90 2 0
github.com/softivite/puxbay/internal/handlers/billing_handler.go:434.90,435.55 1 0
github.com/softivite/puxbay/internal/handlers/billing_handler.go:435.55,437.4 1 0
github.com/softivite/puxbay/internal/handlers/billing_handler.go:440.2,458.4 7 0
github.com/softivite/puxbay/internal/handlers/billing_handler.go:461.58,464.21 2 0
github.com/softivite/puxbay/internal/handlers/billing_handler.go:464.21,467.3 2 0
github.com/softivite/puxbay/internal/handlers/billing_handler.go:469.2,470.16 2 0
github.com/softivite/puxbay/internal/handlers/billing_handler.go:470.16,473.3 2 0
github.com/softivite/puxbay/internal/handlers/billing_handler.go:475.2,479.36 4 0
github.com/softivite/puxbay/internal/handlers/billing_handler.go:479.36,482.3 2 0
github.com/softivite/puxbay/internal/handlers/billing_handler.go:485.2,500.51 3 0
github.com/softivite/puxbay/internal/handlers/billing_handler.go:500.51,503.3 2 0
github.com/softivite/puxbay/internal/handlers/billing_handler.go:505.2,505.71 1 0
github.com/softivite/puxbay/internal/handlers/billing_handler.go:505.71,510.3 2 0
github.com/softivite/puxbay/internal/handlers/billing_handler.go:512.2,512.25 1 0
github.com/softivite/puxbay/internal/handlers/branch_handler.go:19.51,21.2 1 0
github.com/softivite/puxbay/internal/handlers/branch_handler.go:23.73,25.2 1 0
github.com/softivite/puxbay/internal/handlers/branch_handler.go:29.46,34.16 4 0
github.com/softivite/puxbay/internal/handlers/branch_handler.go:34.16,37.3 2 0
github.com/softivite/puxbay/internal/handlers/branch_handler.go:39.2,42.4 1 0
github.com/softivite/puxbay/internal/handlers/branch_handler.go:58.48,60.47 2 0
github.com/softivite/puxbay/internal/handlers/branch_handler.go:60.47,63.3 2 0
github.com/softivite/puxbay/internal/handlers/branch_handler.go:65.2,80.16 5 0
github.com/softivite/puxbay/internal/handlers/branch_handler.go:80.16,83.3 2 0
github.com/softivite/puxbay/internal/handlers/branch_handler.go:85.2,85.36 1 0
github.com/softivite/puxbay/internal/handlers/branch_handler.go:90.45,94.16 3 0
github.com/softivite/puxbay/internal/handlers/branch_handler.go:94.16,97.3 2 0
github.com/softivite/puxbay/internal/handlers/branch_handler.go:99.2,99.31 1 0
github.com/softivite/puxbay/internal/handlers/branch_handler.go:117.48,121.47 3 0
github.com/softivite/puxbay/internal/handlers/branch_handler.go:121.47,124.3 2 0
github.com/softivite/puxbay/internal/handlers/branch_handler.go:126.2,139.16 3 0
github.com/softivite/puxbay/internal/handlers/branch_handler.go:139.16,140.40 1 0
github.com/softivite/puxbay/internal/handlers/branch_handler.go:140.40,143.4 2 0
github.com/softivite/puxbay/internal/handlers/branch_handler.go:144.3,145.9 2 0
github.com/softivite/puxbay/internal/handlers/branch_handler.go:148.2,148.31 1 0
github.com/softivite/puxbay/internal/handlers/branch_handler.go:153.48,156.54 2 0
github.com/softivite/puxbay/internal/handlers/branch_handler.go:156.54,159.3 2 0
github.com/softivite/puxbay/internal/handlers/branch_handler.go:161.2,161.35 1 0
github.com/softivite/puxbay/internal/handlers/branch_handler.go:166.56,171.16 4 0
github.com/softivite/puxbay/internal/handlers/branch_handler.go:171.16,174.3 2 0
github.com/softivite/puxbay/internal/handlers/branch_handler.go:175.2,175.32 1 0
github.com/softivite/puxbay/internal/handlers/branch_handler.go:180.55,184.16 3 0
github.com/softivite/puxbay/internal/handlers/branch_handler.go:184.16,187.3 2 0
github.com/softivite/puxbay/internal/handlers/branch_handler.go:188.2,188.32 1 0
github.com/softivite/puxbay/internal/handlers/cash_drawer_handler.go:18.59,20.2 1 0
github.com/softivite/puxbay/internal/handlers/cash_drawer_handler.go:22.60,24.2 1 0
github.com/softivite/puxbay/internal/handlers/cash_drawer_handler.go:26.65,30.2 3 0
github.com/softivite/puxbay/internal/handlers/cash_drawer_handler.go:33.50,38.47 2 0
github.com/softivite/puxbay/internal/handlers/cash_drawer_handler.go:38.47,41.3 2 0
github.com/softivite/puxbay/internal/handlers/cash_drawer_handler.go:43.2,44.16 2 0
github.com/softivite/puxbay/internal/handlers/cash_drawer_handler.go:44.16,47.3 2 0
github.com/softivite/puxbay/internal/handlers/cash_drawer_handler.go:49.2,56.58 3 0
github.com/softivite/puxbay/internal/handlers/cash_drawer_handler.go:56.58,59.3 2 0
github.com/softivite/puxbay/internal/handlers/cash_drawer_handler.go:61.2,61.37 1 0
github.com/softivite/puxbay/internal/handlers/cash_drawer_handler.go:65.51,71.47 2 0
github.com/softivite/puxbay/internal/handlers/cash_drawer_handler.go:71.47,74.3 2 0
github.com/softivite/puxbay/internal/handlers/cash_drawer_handler.go:76.2,77.16 2 0
github.com/softivite/puxbay/internal/handlers/cash_drawer_handler.go:77.16,80.3 2 0
github.com/softivite/puxbay/internal/handlers/cash_drawer_handler.go:82.2,83.78 2 0
github.com/softivite/puxbay/internal/handlers/cash_drawer_handler.go:83.78,86.3 2 0
github.com/softivite/puxbay/internal/handlers/cash_drawer_handler.go:88.2,92.17 5 0
github.com/softivite/puxbay/internal/handlers/cash_drawer_handler.go:92.17,94.3 1 0
github.com/softivite/puxbay/internal/handlers/cash_drawer_handler.go:96.2,96.56 1 0
github.com/softivite/puxbay/internal/handlers/cash_drawer_handler.go:96.56,99.3 2 0
github.com/softivite/puxbay/internal/handlers/cash_drawer_handler.go:101.2,101.32 1 0
github.com/softivite/puxbay/internal/handlers/cash_drawer_handler.go:105.55,108.16 3 0
github.com/softivite/puxbay/internal/handlers/cash_drawer_handler.go:108.16,111.3 2 0
github.com/softivite/puxbay/internal/handlers/cash_drawer_handler.go:113.2,114.78 2 0
github.com/softivite/puxbay/internal/handlers/cash_drawer_handler.go:114.78,117.3 2 0
github.com/softivite/puxbay/internal/handlers/cash_drawer_handler.go:119.2,124.4 1 0
github.com/softivite/puxbay/internal/handlers/cash_drawer_handler.go:128.50,133.20 4 0
github.com/softivite/puxbay/internal/handlers/cash_drawer_handler.go:133.20,135.3 1 0
github.com/softivite/puxbay/internal/handlers/cash_drawer_handler.go:136.2,138.52 2 0
github.com/softivite/puxbay/internal/handlers/cash_drawer_handler.go:138.52,141.3 2 0
github.com/softivite/puxbay/internal/handlers/cash_drawer_handler.go:143.2,143.33 1 0
github.com/softivite/puxbay/internal/handlers/category_handler.go:15.55,17.2 1 0
github.com/softivite/puxbay/internal/handlers/category_handler.go:19.77,21.2 1 0
github.com/softivite/puxbay/internal/handlers/category_handler.go:23.48,25.16 2 0
github.com/softivite/puxbay/internal/handlers/category_handler.go:25.16,28.3 2 0
github.com/softivite/puxbay/internal/handlers/category_handler.go:30.2,30.23 1 0
github.com/softivite/puxbay/internal/handlers/category_handler.go:30.23,32.3 1 0
github.com/softivite/puxbay/internal/handlers/category_handler.go:33.2,33.35 1 0
github.com/softivite/puxbay/internal/handlers/category_handler.go:42.50,44.47 2 0
github.com/softivite/puxbay/internal/handlers/category_handler.go:44.47,47.3 2 0
github.com/softivite/puxbay/internal/handlers/category_handler.go:49.2,56.16 3 0
github.com/softivite/puxbay/internal/handlers/category_handler.go:56.16,59.3 2 0
github.com/softivite/puxbay/internal/handlers/category_handler.go:61.2,61.38 1 0
github.com/softivite/puxbay/internal/handlers/category_handler.go:64.47,68.16 3 0
github.com/softivite/puxbay/internal/handlers/category_handler.go:68.16,71.3 2 0
github.com/softivite/puxbay/internal/handlers/category_handler.go:73.2,73.33 1 0
github.com/softivite/puxbay/internal/handlers/category_handler.go:76.50,80.47 3 0
github.com/softivite/puxbay/internal/handlers/category_handler.go:80.47,83.3 2 0
github.com/softivite/puxbay/internal/handlers/category_handler.go:85.2,92.16 3 0
github.com/softivite/puxbay/internal/handlers/category_handler.go:92.16,93.42 1 0
github.com/softivite/puxbay/internal/handlers/category_handler.go:93.42,96.4 2 0
github.com/softivite/puxbay/internal/handlers/category_handler.go:97.3,98.9 2 0
github.com/softivite/puxbay/internal/handlers/category_handler.go:101.2,101.33 1 0
github.com/softivite/puxbay/internal/handlers/category_handler.go:104.50,107.56 2 0
github.com/softivite/puxbay/internal/handlers/category_handler.go:107.56,110.3 2 0
github.com/softivite/puxbay/internal/handlers/category_handler.go:112.2,112.35 1 0
github.com/softivite/puxbay/internal/handlers/content_handler.go:15.53,17.2 1 0
github.com/softivite/puxbay/internal/handlers/content_handler.go:21.52,25.48 2 0
github.com/softivite/puxbay/internal/handlers/content_handler.go:25.48,28.3 2 0
github.com/softivite/puxbay/internal/handlers/content_handler.go:31.2,40.29 3 0
github.com/softivite/puxbay/internal/handlers/content_handler.go:40.29,48.3 1 0
github.com/softivite/puxbay/internal/handlers/content_handler.go:50.2,50.46 1 0
github.com/softivite/puxbay/internal/handlers/copilot_handler.go:19.73,24.2 1 0
github.com/softivite/puxbay/internal/handlers/copilot_handler.go:34.47,36.13 2 0
github.com/softivite/puxbay/internal/handlers/copilot_handler.go:36.13,39.3 2 0
github.com/softivite/puxbay/internal/handlers/copilot_handler.go:40.2,41.9 2 0
github.com/softivite/puxbay/internal/handlers/copilot_handler.go:41.9,44.3 2 0
github.com/softivite/puxbay/internal/handlers/copilot_handler.go:46.2,47.47 2 0
github.com/softivite/puxbay/internal/handlers/copilot_handler.go:47.47,50.3 2 0
github.com/softivite/puxbay/internal/handlers/copilot_handler.go:52.2,53.16 2 0
github.com/softivite/puxbay/internal/handlers/copilot_handler.go:53.16,56.3 2 0
github.com/softivite/puxbay/internal/handlers/copilot_handler.go:58.2,58.51 1 0
github.com/softivite/puxbay/internal/handlers/crm_handler.go:17.45,19.2 1 0
github.com/softivite/puxbay/internal/handlers/crm_handler.go:21.67,23.2 1 0
github.com/softivite/puxbay/internal/handlers/crm_handler.go:28.62,32.16 3 0
github.com/softivite/puxbay/internal/handlers/crm_handler.go:32.16,35.3 2 0
github.com/softivite/puxbay/internal/handlers/crm_handler.go:37.2,37.60 1 0
github.com/softivite/puxbay/internal/handlers/crm_handler.go:43.52,47.16 3 0
github.com/softivite/puxbay/internal/handlers/crm_handler.go:47.16,50.3 2 0
github.com/softivite/puxbay/internal/handlers/crm_handler.go:52.2,52.55 1 0
github.com/softivite/puxbay/internal/handlers/crm_handler.go:56.53,58.47 2 0
github.com/softivite/puxbay/internal/handlers/crm_handler.go:58.47,61.3 2 0
github.com/softivite/puxbay/internal/handlers/crm_handler.go:63.2,63.58 1 0
github.com/softivite/puxbay/internal/handlers/crm_handler.go:63.58,66.3 2 0
github.com/softivite/puxbay/internal/handlers/crm_handler.go:68.2,68.33 1 0
github.com/softivite/puxbay/internal/handlers/crm_handler.go:74.53,76.16 2 0
github.com/softivite/puxbay/internal/handlers/crm_handler.go:76.16,79.3 2 0
github.com/softivite/puxbay/internal/handlers/crm_handler.go:81.2,81.33 1 0
github.com/softivite/puxbay/internal/handlers/crm_handler.go:85.56,90.47 2 0
github.com/softivite/puxbay/internal/handlers/crm_handler.go:90.47,93.3 2 0
github.com/softivite/puxbay/internal/handlers/crm_handler.go:95.2,96.16 2 0
github.com/softivite/puxbay/internal/handlers/crm_handler.go:96.16,99.3 2 0
github.com/softivite/puxbay/internal/handlers/crm_handler.go:101.2,101.33 1 0
github.com/softivite/puxbay/internal/handlers/crm_handler.go:107.48,109.16 2 0
github.com/softivite/puxbay/internal/handlers/crm_handler.go:109.16,112.3 2 0
github.com/softivite/puxbay/internal/handlers/crm_handler.go:113.2,113.46 1 0
github.com/softivite/puxbay/internal/handlers/crm_handler.go:117.49,119.47 2 0
github.com/softivite/puxbay/internal/handlers/crm_handler.go:119.47,122.3 2 0
github.com/softivite/puxbay/internal/handlers/crm_handler.go:124.2,124.62 1 0
github.com/softivite/puxbay/internal/handlers/crm_handler.go:124.62,127.3 2 0
github.com/softivite/puxbay/internal/handlers/crm_handler.go:129.2,129.33 1 0
github.com/softivite/puxbay/internal/handlers/crm_handler.go:133.49,137.47 3 0
github.com/softivite/puxbay/internal/handlers/crm_handler.go:137.47,140.3 2 0
github.com/softivite/puxbay/internal/handlers/crm_handler.go:142.2,143.16 2 0
github.com/softivite/puxbay/internal/handlers/crm_handler.go:143.16,144.39 1 0
github.com/softivite/puxbay/internal/handlers/crm_handler.go:144.39,147.4 2 0
github.com/softivite/puxbay/internal/handlers/crm_handler.go:148.3,148.38 1 0
github.com/softivite/puxbay/internal/handlers/crm_handler.go:148.38,151.4 2 0
github.com/softivite/puxbay/internal/handlers/crm_handler.go:152.3,153.9 2 0
github.com/softivite/puxbay/internal/handlers/crm_handler.go:156.2,156.29 1 0
github.com/softivite/puxbay/internal/handlers/crm_handler.go:160.49,163.60 2 0
github.com/softivite/puxbay/internal/handlers/crm_handler.go:163.60,164.39 1 0
github.com/softivite/puxbay/internal/handlers/crm_handler.go:164.39,167.4 2 0
github.com/softivite/puxbay/internal/handlers/crm_handler.go:168.3,169.9 2 0
github.com/softivite/puxbay/internal/handlers/crm_handler.go:172.2,172.57 1 0
github.com/softivite/puxbay/internal/handlers/crm_handler.go:178.69,182.16 3 0
github.com/softivite/puxbay/internal/handlers/crm_handler.go:182.16,185.3 2 0
github.com/softivite/puxbay/internal/handlers/crm_handler.go:187.2,190.4 1 0
github.com/softivite/puxbay/internal/handlers/crm_handler.go:194.60,202.47 3 0
github.com/softivite/puxbay/internal/handlers/crm_handler.go:202.47,205.3 2 0
github.com/softivite/puxbay/internal/handlers/crm_handler.go:207.2,214.16 3 0
github.com/softivite/puxbay/internal/handlers/crm_handler.go:214.16,215.43 1 0
github.com/softivite/puxbay/internal/handlers/crm_handler.go:215.43,218.4 2 0
github.com/softivite/puxbay/internal/handlers/crm_handler.go:219.3,219.42 1 0
github.com/softivite/puxbay/internal/handlers/crm_handler.go:219.42,222.4 2 0
github.com/softivite/puxbay/internal/handlers/crm_handler.go:223.3,224.9 2 0
github.com/softivite/puxbay/internal/handlers/crm_handler.go:227.2,231.4 1 0
github.com/softivite/puxbay/internal/handlers/crm_handler.go:235.51,237.16 2 0
github.com/softivite/puxbay/internal/handlers/crm_handler.go:237.16,240.3 2 0
github.com/softivite/puxbay/internal/handlers/crm_handler.go:241.2,241.52 1 0
github.com/softivite/puxbay/internal/handlers/crm_handler.go:244.66,247.16 3 0
github.com/softivite/puxbay/internal/handlers/crm_handler.go:247.16,250.3 2 0
github.com/softivite/puxbay/internal/handlers/crm_handler.go:251.2,254.4 1 0
github.com/softivite/puxbay/internal/handlers/crm_handler.go:263.53,265.47 2 0
github.com/softivite/puxbay/internal/handlers/crm_handler.go:265.47,268.3 2 0
github.com/softivite/puxbay/internal/handlers/crm_handler.go:270.2,271.15 2 0
github.com/softivite/puxbay/internal/handlers/crm_handler.go:271.15,273.3 1 0
github.com/softivite/puxbay/internal/handlers/crm_handler.go:275.2,276.16 2 0
github.com/softivite/puxbay/internal/handlers/crm_handler.go:276.16,279.3 2 0
github.com/softivite/puxbay/internal/handlers/crm_handler.go:281.2,285.23 2 0
github.com/softivite/puxbay/internal/handlers/crm_handler.go:285.23,287.3 1 0
github.com/softivite/puxbay/internal/handlers/crm_handler.go:289.2,289.63 1 0
github.com/softivite/puxbay/internal/handlers/crm_handler.go:289.63,292.3 2 0
github.com/softivite/puxbay/internal/handlers/crm_handler.go:294.2,294.23 1 0
github.com/softivite/puxbay/internal/handlers/crm_handler.go:298.53,301.15 3 0
github.com/softivite/puxbay/internal/handlers/crm_handler.go:301.15,303.3 1 0
github.com/softivite/puxbay/internal/handlers/crm_handler.go:304.2,304.94 1 0
github.com/softivite/puxbay/internal/handlers/crm_handler.go:304.94,307.3 2 0
github.com/softivite/puxbay/internal/handlers/crm_handler.go:308.2,308.51 1 0
github.com/softivite/puxbay/internal/handlers/customer_handler.go:18.55,20.2 1 0
github.com/softivite/puxbay/internal/handlers/customer_handler.go:22.77,24.2 1 0
github.com/softivite/puxbay/internal/handlers/customer_handler.go:28.48,36.16 6 0
github.com/softivite/puxbay/internal/handlers/customer_handler.go:36.16,39.3 2 0
github.com/softivite/puxbay/internal/handlers/customer_handler.go:41.2,46.4 1 0
github.com/softivite/puxbay/internal/handlers/customer_handler.go:59.50,61.47 2 0
github.com/softivite/puxbay/internal/handlers/customer_handler.go:61.47,64.3 2 0
github.com/softivite/puxbay/internal/handlers/customer_handler.go:66.2,74.16 3 0
github.com/softivite/puxbay/internal/handlers/customer_handler.go:74.16,77.3 2 0
github.com/softivite/puxbay/internal/handlers/customer_handler.go:79.2,79.38 1 0
github.com/softivite/puxbay/internal/handlers/customer_handler.go:84.47,88.16 3 0
github.com/softivite/puxbay/internal/handlers/customer_handler.go:88.16,91.3 2 0
github.com/softivite/puxbay/internal/handlers/customer_handler.go:93.2,93.33 1 0
github.com/softivite/puxbay/internal/handlers/customer_handler.go:98.50,102.47 3 0
github.com/softivite/puxbay/internal/handlers/customer_handler.go:102.47,105.3 2 0
github.com/softivite/puxbay/internal/handlers/customer_handler.go:107.2,115.16 3 0
github.com/softivite/puxbay/internal/handlers/customer_handler.go:115.16,116.42 1 0
github.com/softivite/puxbay/internal/handlers/customer_handler.go:116.42,119.4 2 0
github.com/softivite/puxbay/internal/handlers/customer_handler.go:120.3,121.9 2 0
github.com/softivite/puxbay/internal/handlers/customer_handler.go:124.2,124.33 1 0
github.com/softivite/puxbay/internal/handlers/customer_handler.go:129.50,132.56 2 0
github.com/softivite/puxbay/internal/handlers/customer_handler.go:132.56,135.3 2 0
github.com/softivite/puxbay/internal/handlers/customer_handler.go:137.2,137.35 1 0
github.com/softivite/puxbay/internal/handlers/customer_handler.go:147.57,151.47 3 0
github.com/softivite/puxbay/internal/handlers/customer_handler.go:151.47,154.3 2 0
github.com/softivite/puxbay/internal/handlers/customer_handler.go:156.2,156.97 1 0
github.com/softivite/puxbay/internal/handlers/customer_handler.go:156.97,159.3 2 0
github.com/softivite/puxbay/internal/handlers/customer_handler.go:161.2,161.60 1 0
github.com/softivite/puxbay/internal/handlers/delivery_handler.go:18.55,20.2 1 0
github.com/softivite/puxbay/internal/handlers/delivery_handler.go:23.55,25.60 2 0
github.com/softivite/puxbay/internal/handlers/delivery_handler.go:25.60,28.3 2 0
github.com/softivite/puxbay/internal/handlers/delivery_handler.go:29.2,29.32 1 0
github.com/softivite/puxbay/internal/handlers/delivery_handler.go:33.53,42.47 2 0
github.com/softivite/puxbay/internal/handlers/delivery_handler.go:42.47,45.3 2 0
github.com/softivite/puxbay/internal/handlers/delivery_handler.go:47.2,54.61 2 0
github.com/softivite/puxbay/internal/handlers/delivery_handler.go:54.61,57.3 2 0
github.com/softivite/puxbay/internal/handlers/delivery_handler.go:59.2,59.36 1 0
github.com/softivite/puxbay/internal/handlers/delivery_handler.go:63.57,73.47 2 0
github.com/softivite/puxbay/internal/handlers/delivery_handler.go:73.47,76.3 2 0
github.com/softivite/puxbay/internal/handlers/delivery_handler.go:78.2,96.51 7 0
github.com/softivite/puxbay/internal/handlers/delivery_handler.go:96.51,99.3 2 0
github.com/softivite/puxbay/internal/handlers/delivery_handler.go:102.2,104.38 2 0
github.com/softivite/puxbay/internal/handlers/delivery_handler.go:108.54,113.128 4 0
github.com/softivite/puxbay/internal/handlers/delivery_handler.go:113.128,116.3 2 0
github.com/softivite/puxbay/internal/handlers/delivery_handler.go:118.2,124.4 1 0
github.com/softivite/puxbay/internal/handlers/export_handler.go:18.51,20.2 1 0
github.com/softivite/puxbay/internal/handlers/export_handler.go:22.73,24.2 1 0
github.com/softivite/puxbay/internal/handlers/export_handler.go:27.57,35.99 6 0
github.com/softivite/puxbay/internal/handlers/export_handler.go:35.99,38.3 2 0
github.com/softivite/puxbay/internal/handlers/export_handler.go:42.59,48.75 4 0
github.com/softivite/puxbay/internal/handlers/export_handler.go:48.75,51.3 2 0
github.com/softivite/puxbay/internal/handlers/export_handler.go:55.60,61.76 4 0
github.com/softivite/puxbay/internal/handlers/export_handler.go:61.76,64.3 2 0
github.com/softivite/puxbay/internal/handlers/export_handler.go:68.60,72.66 3 0
github.com/softivite/puxbay/internal/handlers/export_handler.go:72.66,75.3 2 0
github.com/softivite/puxbay/internal/handlers/export_handler.go:78.56,82.2 3 0
github.com/softivite/puxbay/internal/handlers/export_handler.go:84.61,88.2 3 0
github.com/softivite/puxbay/internal/handlers/financial_handler.go:18.57,20.2 1 0
github.com/softivite/puxbay/internal/handlers/financial_handler.go:22.79,24.2 1 0
github.com/softivite/puxbay/internal/handlers/financial_handler.go:26.67,31.108 4 0
github.com/softivite/puxbay/internal/handlers/financial_handler.go:31.108,33.3 1 0
github.com/softivite/puxbay/internal/handlers/financial_handler.go:34.2,34.17 1 0
github.com/softivite/puxbay/internal/handlers/financial_handler.go:37.57,44.16 6 0
github.com/softivite/puxbay/internal/handlers/financial_handler.go:44.16,47.3 2 0
github.com/softivite/puxbay/internal/handlers/financial_handler.go:48.2,48.33 1 0
github.com/softivite/puxbay/internal/handlers/financial_handler.go:61.58,65.47 3 0
github.com/softivite/puxbay/internal/handlers/financial_handler.go:65.47,68.3 2 0
github.com/softivite/puxbay/internal/handlers/financial_handler.go:70.2,71.54 2 0
github.com/softivite/puxbay/internal/handlers/financial_handler.go:71.54,73.3 1 0
github.com/softivite/puxbay/internal/handlers/financial_handler.go:75.2,88.16 3 0
github.com/softivite/puxbay/internal/handlers/financial_handler.go:88.16,89.83 1 0
github.com/softivite/puxbay/internal/handlers/financial_handler.go:89.83,92.4 2 0
github.com/softivite/puxbay/internal/handlers/financial_handler.go:93.3,94.9 2 0
github.com/softivite/puxbay/internal/handlers/financial_handler.go:97.2,97.37 1 0
github.com/softivite/puxbay/internal/handlers/financial_handler.go:100.61,107.16 6 0
github.com/softivite/puxbay/internal/handlers/financial_handler.go:107.16,110.3 2 0
github.com/softivite/puxbay/internal/handlers/financial_handler.go:112.2,121.4 1 0
github.com/softivite/puxbay/internal/handlers/financial_handler.go:124.57,126.16 2 0
github.com/softivite/puxbay/internal/handlers/financial_handler.go:126.16,130.3 2 0
github.com/softivite/puxbay/internal/handlers/financial_handler.go:131.2,131.34 1 0
github.com/softivite/puxbay/internal/handlers/financial_handler.go:134.57,140.16 5 0
github.com/softivite/puxbay/internal/handlers/financial_handler.go:140.16,143.3 2 0
github.com/softivite/puxbay/internal/handlers/financial_handler.go:145.2,145.53 1 0
github.com/softivite/puxbay/internal/handlers/financial_handler.go:148.56,151.2 1 0
github.com/softivite/puxbay/internal/handlers/financial_handler.go:153.64,156.2 1 0
github.com/softivite/puxbay/internal/handlers/financial_handler.go:158.66,160.81 2 0
github.com/softivite/puxbay/internal/handlers/financial_handler.go:160.81,163.3 2 0
github.com/softivite/puxbay/internal/handlers/financial_handler.go:164.2,164.46 1 0
github.com/softivite/puxbay/internal/handlers/financial_handler.go:174.66,176.47 2 0
github.com/softivite/puxbay/internal/handlers/financial_handler.go:176.47,179.3 2 0
github.com/softivite/puxbay/internal/handlers/financial_handler.go:181.2,186.27 2 0
github.com/softivite/puxbay/internal/handlers/financial_handler.go:186.27,188.3 1 0
github.com/softivite/puxbay/internal/handlers/financial_handler.go:190.2,190.58 1 0
github.com/softivite/puxbay/internal/handlers/financial_handler.go:190.58,193.3 2 0
github.com/softivite/puxbay/internal/handlers/financial_handler.go:195.2,195.18 1 0
github.com/softivite/puxbay/internal/handlers/financial_handler.go:208.58,210.16 2 0
github.com/softivite/puxbay/internal/handlers/financial_handler.go:210.16,213.3 2 0
github.com/softivite/puxbay/internal/handlers/financial_handler.go:215.2,216.47 2 0
github.com/softivite/puxbay/internal/handlers/financial_handler.go:216.47,219.3 2 0
github.com/softivite/puxbay/internal/handlers/financial_handler.go:221.2,230.16 2 0
github.com/softivite/puxbay/internal/handlers/financial_handler.go:230.16,233.3 2 0
github.com/softivite/puxbay/internal/handlers/financial_handler.go:235.2,235.32 1 0
github.com/softivite/puxbay/internal/handlers/financial_handler.go:238.58,240.16 2 0
github.com/softivite/puxbay/internal/handlers/financial_handler.go:240.16,243.3 2 0
github.com/softivite/puxbay/internal/handlers/financial_handler.go:245.2,245.62 1 0
github.com/softivite/puxbay/internal/handlers/financial_handler.go:245.62,248.3 2 0
github.com/softivite/puxbay/internal/handlers/financial_handler.go:250.2,250.35 1 0
github.com/softivite/puxbay/internal/handlers/financial_handler.go:253.60,255.48 2 0
github.com/softivite/puxbay/internal/handlers/financial_handler.go:255.48,258.3 2 0
github.com/softivite/puxbay/internal/handlers/financial_handler.go:260.2,262.49 3 0
github.com/softivite/puxbay/internal/handlers/financial_handler.go:262.49,264.51 1 0
github.com/softivite/puxbay/internal/handlers/financial_handler.go:264.51,267.4 2 0
github.com/softivite/puxbay/internal/handlers/financial_handler.go:270.2,270.63 1 0
github.com/softivite/puxbay/internal/handlers/financial_handler.go:270.63,273.3 2 0
github.com/softivite/puxbay/internal/handlers/financial_handler.go:275.2,275.31 1 0
github.com/softivite/puxbay/internal/handlers/fnb_handler.go:18.65,20.2 1 0
github.com/softivite/puxbay/internal/handlers/fnb_handler.go:22.67,24.2 1 0
github.com/softivite/puxbay/internal/handlers/fnb_handler.go:26.49,28.16 2 0
github.com/softivite/puxbay/internal/handlers/fnb_handler.go:28.16,31.3 2 0
github.com/softivite/puxbay/internal/handlers/fnb_handler.go:32.2,32.31 1 0
github.com/softivite/puxbay/internal/handlers/fnb_handler.go:35.50,37.47 2 0
github.com/softivite/puxbay/internal/handlers/fnb_handler.go:37.47,40.3 2 0
github.com/softivite/puxbay/internal/handlers/fnb_handler.go:42.2,42.55 1 0
github.com/softivite/puxbay/internal/handlers/fnb_handler.go:42.55,45.3 2 0
github.com/softivite/puxbay/internal/handlers/fnb_handler.go:47.2,47.33 1 0
github.com/softivite/puxbay/internal/handlers/fnb_handler.go:50.56,55.47 3 0
github.com/softivite/puxbay/internal/handlers/fnb_handler.go:55.47,58.3 2 0
github.com/softivite/puxbay/internal/handlers/fnb_handler.go:60.2,61.16 2 0
github.com/softivite/puxbay/internal/handlers/fnb_handler.go:61.16,62.39 1 0
github.com/softivite/puxbay/internal/handlers/fnb_handler.go:62.39,65.4 2 0
github.com/softivite/puxbay/internal/handlers/fnb_handler.go:66.3,67.9 2 0
github.com/softivite/puxbay/internal/handlers/fnb_handler.go:70.2,70.54 1 0
github.com/softivite/puxbay/internal/handlers/fnb_handler.go:73.46,75.16 2 0
github.com/softivite/puxbay/internal/handlers/fnb_handler.go:75.16,78.3 2 0
github.com/softivite/puxbay/internal/handlers/fnb_handler.go:79.2,79.32 1 0
github.com/softivite/puxbay/internal/handlers/fnb_handler.go:82.58,86.16 3 0
github.com/softivite/puxbay/internal/handlers/fnb_handler.go:86.16,87.40 1 0
github.com/softivite/puxbay/internal/handlers/fnb_handler.go:87.40,90.4 2 0
github.com/softivite/puxbay/internal/handlers/fnb_handler.go:91.3,91.58 1 0
github.com/softivite/puxbay/internal/handlers/fnb_handler.go:91.58,94.4 2 0
github.com/softivite/puxbay/internal/handlers/fnb_handler.go:95.3,96.9 2 0
github.com/softivite/puxbay/internal/handlers/fnb_handler.go:99.2,99.59 1 0
github.com/softivite/puxbay/internal/handlers/fnb_handler.go:102.54,105.2 1 0
github.com/softivite/puxbay/internal/handlers/fnb_handler.go:107.51,110.2 2 0
github.com/softivite/puxbay/internal/handlers/gift_card_handler.go:16.55,18.2 1 0
github.com/softivite/puxbay/internal/handlers/gift_card_handler.go:20.58,22.2 1 0
github.com/softivite/puxbay/internal/handlers/gift_card_handler.go:25.48,28.74 3 0
github.com/softivite/puxbay/internal/handlers/gift_card_handler.go:28.74,31.3 2 0
github.com/softivite/puxbay/internal/handlers/gift_card_handler.go:32.2,32.30 1 0
github.com/softivite/puxbay/internal/handlers/gift_card_handler.go:36.47,39.16 3 0
github.com/softivite/puxbay/internal/handlers/gift_card_handler.go:39.16,42.3 2 0
github.com/softivite/puxbay/internal/handlers/gift_card_handler.go:43.2,44.72 2 0
github.com/softivite/puxbay/internal/handlers/gift_card_handler.go:44.72,47.3 2 0
github.com/softivite/puxbay/internal/handlers/gift_card_handler.go:48.2,48.29 1 0
github.com/softivite/puxbay/internal/handlers/gift_card_handler.go:52.50,54.48 2 0
github.com/softivite/puxbay/internal/handlers/gift_card_handler.go:54.48,57.3 2 0
github.com/softivite/puxbay/internal/handlers/gift_card_handler.go:59.2,59.21 1 0
github.com/softivite/puxbay/internal/handlers/gift_card_handler.go:59.21,61.3 1 0
github.com/softivite/puxbay/internal/handlers/gift_card_handler.go:62.2,66.55 4 0
github.com/softivite/puxbay/internal/handlers/gift_card_handler.go:66.55,69.3 2 0
github.com/softivite/puxbay/internal/handlers/gift_card_handler.go:70.2,70.34 1 0
github.com/softivite/puxbay/internal/handlers/gift_card_handler.go:74.50,79.47 2 0
github.com/softivite/puxbay/internal/handlers/gift_card_handler.go:79.47,82.3 2 0
github.com/softivite/puxbay/internal/handlers/gift_card_handler.go:84.2,85.106 2 0
github.com/softivite/puxbay/internal/handlers/gift_card_handler.go:85.106,88.3 2 0
github.com/softivite/puxbay/internal/handlers/gift_card_handler.go:90.2,91.38 2 0
github.com/softivite/puxbay/internal/handlers/gift_card_handler.go:91.38,93.3 1 0
github.com/softivite/puxbay/internal/handlers/gift_card_handler.go:95.2,96.30 2 0
github.com/softivite/puxbay/internal/handlers/gift_card_handler.go:96.30,98.3 1 0
github.com/softivite/puxbay/internal/handlers/gift_card_handler.go:100.2,100.53 1 0
github.com/softivite/puxbay/internal/handlers/gift_card_handler.go:100.53,103.3 2 0
github.com/softivite/puxbay/internal/handlers/gift_card_handler.go:105.2,105.84 1 0
github.com/softivite/puxbay/internal/handlers/gift_card_handler.go:109.56,111.16 2 0
github.com/softivite/puxbay/internal/handlers/gift_card_handler.go:111.16,114.3 2 0
github.com/softivite/puxbay/internal/handlers/gift_card_handler.go:116.2,117.78 2 0
github.com/softivite/puxbay/internal/handlers/gift_card_handler.go:117.78,120.3 2 0
github.com/softivite/puxbay/internal/handlers/gift_card_handler.go:122.2,122.49 1 0
github.com/softivite/puxbay/internal/handlers/gift_card_handler.go:126.51,129.16 3 0
github.com/softivite/puxbay/internal/handlers/gift_card_handler.go:129.16,132.3 2 0
github.com/softivite/puxbay/internal/handlers/gift_card_handler.go:134.2,135.72 2 0
github.com/softivite/puxbay/internal/handlers/gift_card_handler.go:135.72,138.3 2 0
github.com/softivite/puxbay/internal/handlers/gift_card_handler.go:140.2,143.53 3 0
github.com/softivite/puxbay/internal/handlers/gift_card_handler.go:143.53,146.3 2 0
github.com/softivite/puxbay/internal/handlers/gift_card_handler.go:148.2,148.29 1 0
github.com/softivite/puxbay/internal/handlers/health_handler.go:22.78,28.2 1 1
github.com/softivite/puxbay/internal/handlers/health_handler.go:32.53,38.2 1 1
github.com/softivite/puxbay/internal/handlers/health_handler.go:42.56,48.39 4 0
github.com/softivite/puxbay/internal/handlers/health_handler.go:48.39,51.3 2 0
github.com/softivite/puxbay/internal/handlers/health_handler.go:51.8,53.3 1 0
github.com/softivite/puxbay/internal/handlers/health_handler.go:56.2,56.26 1 0
github.com/softivite/puxbay/internal/handlers/health_handler.go:56.26,59.55 3 0
github.com/softivite/puxbay/internal/handlers/health_handler.go:59.55,62.4 2 0
github.com/softivite/puxbay/internal/handlers/health_handler.go:62.9,64.4 1 0
github.com/softivite/puxbay/internal/handlers/health_handler.go:65.8,67.3 1 0
github.com/softivite/puxbay/internal/handlers/health_handler.go:69.2,71.17 3 0
github.com/softivite/puxbay/internal/handlers/health_handler.go:71.17,74.3 2 0
github.com/softivite/puxbay/internal/handlers/health_handler.go:76.2,79.4 1 0
github.com/softivite/puxbay/internal/handlers/health_handler.go:84.54,101.2 5 0
github.com/softivite/puxbay/internal/handlers/helpers.go:16.56,17.39 1 0
github.com/softivite/puxbay/internal/handlers/helpers.go:17.39,18.38 1 0
github.com/softivite/puxbay/internal/handlers/helpers.go:18.38,20.4 1 0
github.com/softivite/puxbay/internal/handlers/helpers.go:22.2,22.17 1 0
github.com/softivite/puxbay/internal/handlers/helpers.go:26.119,27.12 1 0
github.com/softivite/puxbay/internal/handlers/helpers.go:27.12,29.144 2 0
github.com/softivite/puxbay/internal/handlers/helpers.go:29.144,30.43 1 0
github.com/softivite/puxbay/internal/handlers/helpers.go:30.43,34.5 3 0
github.com/softivite/puxbay/internal/handlers/helpers.go:35.9,37.4 1 0
github.com/softivite/puxbay/internal/handlers/hr_handler.go:19.43,21.2 1 0
github.com/softivite/puxbay/internal/handlers/hr_handler.go:23.65,25.2 1 0
github.com/softivite/puxbay/internal/handlers/hr_handler.go:27.60,30.13 2 0
github.com/softivite/puxbay/internal/handlers/hr_handler.go:30.13,32.3 1 0
github.com/softivite/puxbay/internal/handlers/hr_handler.go:33.2,34.16 2 0
github.com/softivite/puxbay/internal/handlers/hr_handler.go:34.16,36.3 1 0
github.com/softivite/puxbay/internal/handlers/hr_handler.go:37.2,40.108 3 0
github.com/softivite/puxbay/internal/handlers/hr_handler.go:40.108,43.3 1 0
github.com/softivite/puxbay/internal/handlers/hr_handler.go:44.2,44.19 1 0
github.com/softivite/puxbay/internal/handlers/hr_handler.go:47.52,54.16 6 0
github.com/softivite/puxbay/internal/handlers/hr_handler.go:54.16,57.3 2 0
github.com/softivite/puxbay/internal/handlers/hr_handler.go:58.2,58.36 1 0
github.com/softivite/puxbay/internal/handlers/hr_handler.go:62.45,66.16 3 0
github.com/softivite/puxbay/internal/handlers/hr_handler.go:66.16,67.42 1 0
github.com/softivite/puxbay/internal/handlers/hr_handler.go:67.42,70.4 2 0
github.com/softivite/puxbay/internal/handlers/hr_handler.go:71.3,72.9 2 0
github.com/softivite/puxbay/internal/handlers/hr_handler.go:75.2,75.40 1 0
github.com/softivite/puxbay/internal/handlers/hr_handler.go:79.46,83.16 3 0
github.com/softivite/puxbay/internal/handlers/hr_handler.go:83.16,84.48 1 0
github.com/softivite/puxbay/internal/handlers/hr_handler.go:84.48,87.4 2 0
github.com/softivite/puxbay/internal/handlers/hr_handler.go:88.3,89.9 2 0
github.com/softivite/puxbay/internal/handlers/hr_handler.go:92.2,92.35 1 0
github.com/softivite/puxbay/internal/handlers/hr_handler.go:95.55,97.16 2 0
github.com/softivite/puxbay/internal/handlers/hr_handler.go:97.16,100.3 2 0
github.com/softivite/puxbay/internal/handlers/hr_handler.go:101.2,101.31 1 0
github.com/softivite/puxbay/internal/handlers/hr_handler.go:111.56,115.47 3 0
github.com/softivite/puxbay/internal/handlers/hr_handler.go:115.47,118.3 2 0
github.com/softivite/puxbay/internal/handlers/hr_handler.go:120.2,129.16 3 0
github.com/softivite/puxbay/internal/handlers/hr_handler.go:129.16,130.93 1 0
github.com/softivite/puxbay/internal/handlers/hr_handler.go:130.93,133.4 2 0
github.com/softivite/puxbay/internal/handlers/hr_handler.go:134.3,135.9 2 0
github.com/softivite/puxbay/internal/handlers/hr_handler.go:138.2,138.35 1 0
github.com/softivite/puxbay/internal/handlers/hr_handler.go:140.57,144.72 3 0
github.com/softivite/puxbay/internal/handlers/hr_handler.go:144.72,147.3 2 0
github.com/softivite/puxbay/internal/handlers/hr_handler.go:148.2,148.52 1 0
github.com/softivite/puxbay/internal/handlers/hr_handler.go:151.56,155.71 3 0
github.com/softivite/puxbay/internal/handlers/hr_handler.go:155.71,158.3 2 0
github.com/softivite/puxbay/internal/handlers/hr_handler.go:159.2,159.52 1 0
github.com/softivite/puxbay/internal/handlers/hr_handler.go:161.56,163.85 2 0
github.com/softivite/puxbay/internal/handlers/hr_handler.go:163.85,166.3 2 0
github.com/softivite/puxbay/internal/handlers/hr_handler.go:167.2,167.40 1 0
github.com/softivite/puxbay/internal/handlers/hr_handler.go:170.54,173.80 3 0
github.com/softivite/puxbay/internal/handlers/hr_handler.go:173.80,176.3 2 0
github.com/softivite/puxbay/internal/handlers/hr_handler.go:177.2,177.21 1 0
github.com/softivite/puxbay/internal/handlers/hr_handler.go:180.52,184.60 3 0
github.com/softivite/puxbay/internal/handlers/hr_handler.go:184.60,185.69 1 0
github.com/softivite/puxbay/internal/handlers/hr_handler.go:185.69,187.4 1 0
github.com/softivite/puxbay/internal/handlers/hr_handler.go:188.3,191.32 4 0
github.com/softivite/puxbay/internal/handlers/hr_handler.go:194.2,194.16 1 0
github.com/softivite/puxbay/internal/handlers/hr_handler.go:194.16,197.3 2 0
github.com/softivite/puxbay/internal/handlers/hr_handler.go:199.2,199.61 1 0
github.com/softivite/puxbay/internal/handlers/hr_handler.go:202.48,205.80 3 0
github.com/softivite/puxbay/internal/handlers/hr_handler.go:205.80,208.3 2 0
github.com/softivite/puxbay/internal/handlers/hr_handler.go:209.2,209.21 1 0
github.com/softivite/puxbay/internal/handlers/hr_handler.go:212.57,215.91 3 0
github.com/softivite/puxbay/internal/handlers/hr_handler.go:215.91,218.3 2 0
github.com/softivite/puxbay/internal/handlers/hr_handler.go:219.2,219.30 1 0
github.com/softivite/puxbay/internal/handlers/hr_handler.go:222.58,224.47 2 0
github.com/softivite/puxbay/internal/handlers/hr_handler.go:224.47,227.3 2 0
github.com/softivite/puxbay/internal/handlers/hr_handler.go:229.2,229.58 1 0
github.com/softivite/puxbay/internal/handlers/hr_handler.go:229.58,232.3 2 0
github.com/softivite/puxbay/internal/handlers/hr_handler.go:233.2,233.33 1 0
github.com/softivite/puxbay/internal/handlers/hr_handler.go:236.59,238.65 2 0
github.com/softivite/puxbay/internal/handlers/hr_handler.go:238.65,241.3 2 0
github.com/softivite/puxbay/internal/handlers/hr_handler.go:242.2,242.37 1 0
github.com/softivite/puxbay/internal/handlers/hr_handler.go:245.60,247.47 2 0
github.com/softivite/puxbay/internal/handlers/hr_handler.go:247.47,250.3 2 0
github.com/softivite/puxbay/internal/handlers/hr_handler.go:252.2,252.58 1 0
github.com/softivite/puxbay/internal/handlers/hr_handler.go:252.58,255.3 2 0
github.com/softivite/puxbay/internal/handlers/hr_handler.go:256.2,256.33 1 0
github.com/softivite/puxbay/internal/handlers/hr_handler.go:259.59,261.61 2 0
github.com/softivite/puxbay/internal/handlers/hr_handler.go:261.61,264.3 2 0
github.com/softivite/puxbay/internal/handlers/hr_handler.go:265.2,265.33 1 0
github.com/softivite/puxbay/internal/handlers/hr_handler.go:268.60,270.47 2 0
github.com/softivite/puxbay/internal/handlers/hr_handler.go:270.47,273.3 2 0
github.com/softivite/puxbay/internal/handlers/hr_handler.go:275.2,275.58 1 0
github.com/softivite/puxbay/internal/handlers/hr_handler.go:275.58,278.3 2 0
github.com/softivite/puxbay/internal/handlers/hr_handler.go:279.2,279.33 1 0
github.com/softivite/puxbay/internal/handlers/hr_handler.go:283.55,289.48 3 0
github.com/softivite/puxbay/internal/handlers/hr_handler.go:289.48,292.3 2 0
github.com/softivite/puxbay/internal/handlers/hr_handler.go:294.2,295.16 2 0
github.com/softivite/puxbay/internal/handlers/hr_handler.go:295.16,298.17 2 0
github.com/softivite/puxbay/internal/handlers/hr_handler.go:298.17,301.4 2 0
github.com/softivite/puxbay/internal/handlers/hr_handler.go:304.2,305.84 2 0
github.com/softivite/puxbay/internal/handlers/hr_handler.go:305.84,308.3 2 0
github.com/softivite/puxbay/internal/handlers/hr_handler.go:310.2,311.63 2 0
github.com/softivite/puxbay/internal/handlers/hr_handler.go:311.63,314.3 2 0
github.com/softivite/puxbay/internal/handlers/hr_handler.go:316.2,316.35 1 0
github.com/softivite/puxbay/internal/handlers/hr_handler.go:320.54,323.94 2 0
github.com/softivite/puxbay/internal/handlers/hr_handler.go:323.94,326.3 2 0
github.com/softivite/puxbay/internal/handlers/hr_handler.go:328.2,328.35 1 0
github.com/softivite/puxbay/internal/handlers/integration_handler.go:23.81,39.2 2 0
github.com/softivite/puxbay/internal/handlers/integration_handler.go:42.63,44.65 2 0
github.com/softivite/puxbay/internal/handlers/integration_handler.go:44.65,47.3 2 0
github.com/softivite/puxbay/internal/handlers/integration_handler.go:50.2,50.30 1 0
github.com/softivite/puxbay/internal/handlers/integration_handler.go:50.30,53.3 2 0
github.com/softivite/puxbay/internal/handlers/integration_handler.go:55.2,55.37 1 0
github.com/softivite/puxbay/internal/handlers/integration_handler.go:59.58,65.2 4 0
github.com/softivite/puxbay/internal/handlers/integration_handler.go:68.59,72.31 3 0
github.com/softivite/puxbay/internal/handlers/integration_handler.go:72.31,75.3 2 0
github.com/softivite/puxbay/internal/handlers/integration_handler.go:77.2,78.16 2 0
github.com/softivite/puxbay/internal/handlers/integration_handler.go:78.16,81.3 2 0
github.com/softivite/puxbay/internal/handlers/integration_handler.go:82.2,86.16 3 0
github.com/softivite/puxbay/internal/handlers/integration_handler.go:86.16,90.3 3 0
github.com/softivite/puxbay/internal/handlers/integration_handler.go:92.2,96.67 4 0
github.com/softivite/puxbay/internal/handlers/integration_handler.go:96.67,105.3 2 0
github.com/softivite/puxbay/internal/handlers/integration_handler.go:105.8,111.3 5 0
github.com/softivite/puxbay/internal/handlers/integration_handler.go:114.2,114.60 1 0
github.com/softivite/puxbay/internal/handlers/integration_handler.go:118.58,123.20 4 0
github.com/softivite/puxbay/internal/handlers/integration_handler.go:123.20,126.3 2 0
github.com/softivite/puxbay/internal/handlers/integration_handler.go:128.2,129.16 2 0
github.com/softivite/puxbay/internal/handlers/integration_handler.go:129.16,132.3 2 0
github.com/softivite/puxbay/internal/handlers/integration_handler.go:134.2,138.72 3 0
github.com/softivite/puxbay/internal/handlers/intelligence_handler.go:17.63,19.2 1 0
github.com/softivite/puxbay/internal/handlers/intelligence_handler.go:21.85,23.2 1 0
github.com/softivite/puxbay/internal/handlers/intelligence_handler.go:26.65,31.16 4 0
github.com/softivite/puxbay/internal/handlers/intelligence_handler.go:31.16,34.3 2 0
github.com/softivite/puxbay/internal/handlers/intelligence_handler.go:36.2,36.54 1 0
github.com/softivite/puxbay/internal/handlers/intelligence_handler.go:40.66,45.16 4 0
github.com/softivite/puxbay/internal/handlers/intelligence_handler.go:45.16,48.3 2 0
github.com/softivite/puxbay/internal/handlers/intelligence_handler.go:50.2,50.66 1 0
github.com/softivite/puxbay/internal/handlers/intelligence_handler.go:54.64,60.16 5 0
github.com/softivite/puxbay/internal/handlers/intelligence_handler.go:60.16,63.3 2 0
github.com/softivite/puxbay/internal/handlers/intelligence_handler.go:65.2,65.58 1 0
github.com/softivite/puxbay/internal/handlers/intelligence_handler.go:69.68,73.16 3 0
github.com/softivite/puxbay/internal/handlers/intelligence_handler.go:73.16,76.3 2 0
github.com/softivite/puxbay/internal/handlers/intelligence_handler.go:78.2,81.4 1 0
github.com/softivite/puxbay/internal/handlers/intelligence_handler.go:90.62,96.2 1 0
github.com/softivite/puxbay/internal/handlers/intelligence_handler.go:103.66,105.47 2 0
github.com/softivite/puxbay/internal/handlers/intelligence_handler.go:105.47,108.3 2 0
github.com/softivite/puxbay/internal/handlers/intelligence_handler.go:110.2,110.103 1 0
github.com/softivite/puxbay/internal/handlers/intelligence_handler.go:113.63,116.2 1 0
github.com/softivite/puxbay/internal/handlers/inventory_handler.go:20.57,22.2 1 0
github.com/softivite/puxbay/internal/handlers/inventory_handler.go:24.79,27.2 2 0
github.com/softivite/puxbay/internal/handlers/inventory_handler.go:29.67,34.108 4 0
github.com/softivite/puxbay/internal/handlers/inventory_handler.go:34.108,36.3 1 0
github.com/softivite/puxbay/internal/handlers/inventory_handler.go:37.2,37.17 1 0
github.com/softivite/puxbay/internal/handlers/inventory_handler.go:44.58,52.16 6 0
github.com/softivite/puxbay/internal/handlers/inventory_handler.go:52.16,55.3 2 0
github.com/softivite/puxbay/internal/handlers/inventory_handler.go:56.2,59.4 1 0
github.com/softivite/puxbay/internal/handlers/inventory_handler.go:73.59,77.47 3 0
github.com/softivite/puxbay/internal/handlers/inventory_handler.go:77.47,80.3 2 0
github.com/softivite/puxbay/internal/handlers/inventory_handler.go:82.2,93.33 4 0
github.com/softivite/puxbay/internal/handlers/inventory_handler.go:93.33,99.3 2 0
github.com/softivite/puxbay/internal/handlers/inventory_handler.go:101.2,102.16 2 0
github.com/softivite/puxbay/internal/handlers/inventory_handler.go:102.16,105.3 2 0
github.com/softivite/puxbay/internal/handlers/inventory_handler.go:107.2,107.38 1 0
github.com/softivite/puxbay/internal/handlers/inventory_handler.go:114.52,122.16 6 0
github.com/softivite/puxbay/internal/handlers/inventory_handler.go:122.16,125.3 2 0
github.com/softivite/puxbay/internal/handlers/inventory_handler.go:126.2,129.4 1 0
github.com/softivite/puxbay/internal/handlers/inventory_handler.go:143.53,145.47 2 0
github.com/softivite/puxbay/internal/handlers/inventory_handler.go:145.47,148.3 2 0
github.com/softivite/puxbay/internal/handlers/inventory_handler.go:150.2,152.54 3 0
github.com/softivite/puxbay/internal/handlers/inventory_handler.go:152.54,154.3 1 0
github.com/softivite/puxbay/internal/handlers/inventory_handler.go:156.2,163.33 2 0
github.com/softivite/puxbay/internal/handlers/inventory_handler.go:163.33,170.3 2 0
github.com/softivite/puxbay/internal/handlers/inventory_handler.go:172.2,173.16 2 0
github.com/softivite/puxbay/internal/handlers/inventory_handler.go:173.16,176.3 2 0
github.com/softivite/puxbay/internal/handlers/inventory_handler.go:179.2,185.32 6 0
github.com/softivite/puxbay/internal/handlers/inventory_handler.go:188.59,196.16 6 0
github.com/softivite/puxbay/internal/handlers/inventory_handler.go:196.16,199.3 2 0
github.com/softivite/puxbay/internal/handlers/inventory_handler.go:200.2,203.4 1 0
github.com/softivite/puxbay/internal/handlers/inventory_handler.go:206.56,209.16 3 0
github.com/softivite/puxbay/internal/handlers/inventory_handler.go:209.16,212.3 2 0
github.com/softivite/puxbay/internal/handlers/inventory_handler.go:213.2,213.33 1 0
github.com/softivite/puxbay/internal/handlers/inventory_handler.go:216.60,218.74 2 0
github.com/softivite/puxbay/internal/handlers/inventory_handler.go:218.74,221.3 2 0
github.com/softivite/puxbay/internal/handlers/inventory_handler.go:222.2,222.52 1 0
github.com/softivite/puxbay/internal/handlers/inventory_handler.go:225.57,227.73 2 0
github.com/softivite/puxbay/internal/handlers/inventory_handler.go:227.73,230.3 2 0
github.com/softivite/puxbay/internal/handlers/inventory_handler.go:231.2,231.51 1 0
github.com/softivite/puxbay/internal/handlers/inventory_handler.go:234.60,236.74 2 0
github.com/softivite/puxbay/internal/handlers/inventory_handler.go:236.74,239.3 2 0
github.com/softivite/puxbay/internal/handlers/inventory_handler.go:240.2,240.52 1 0
github.com/softivite/puxbay/internal/handlers/inventory_handler.go:243.50,246.16 3 0
github.com/softivite/puxbay/internal/handlers/inventory_handler.go:246.16,249.3 2 0
github.com/softivite/puxbay/internal/handlers/inventory_handler.go:250.2,250.27 1 0
github.com/softivite/puxbay/internal/handlers/inventory_handler.go:262.54,265.47 3 0
github.com/softivite/puxbay/internal/handlers/inventory_handler.go:265.47,268.3 2 0
github.com/softivite/puxbay/internal/handlers/inventory_handler.go:270.2,271.33 2 0
github.com/softivite/puxbay/internal/handlers/inventory_handler.go:271.33,277.3 2 0
github.com/softivite/puxbay/internal/handlers/inventory_handler.go:279.2,279.58 1 0
github.com/softivite/puxbay/internal/handlers/inventory_handler.go:279.58,282.3 2 0
github.com/softivite/puxbay/internal/handlers/inventory_handler.go:283.2,283.52 1 0
github.com/softivite/puxbay/internal/handlers/inventory_handler.go:290.60,292.47 2 0
github.com/softivite/puxbay/internal/handlers/inventory_handler.go:292.47,295.3 2 0
github.com/softivite/puxbay/internal/handlers/inventory_handler.go:296.2,297.54 2 0
github.com/softivite/puxbay/internal/handlers/inventory_handler.go:297.54,299.3 1 0
github.com/softivite/puxbay/internal/handlers/inventory_handler.go:300.2,304.16 2 0
github.com/softivite/puxbay/internal/handlers/inventory_handler.go:304.16,307.3 2 0
github.com/softivite/puxbay/internal/handlers/inventory_handler.go:310.2,316.32 6 0
github.com/softivite/puxbay/internal/handlers/inventory_handler.go:319.57,322.16 3 0
github.com/softivite/puxbay/internal/handlers/inventory_handler.go:322.16,325.3 2 0
github.com/softivite/puxbay/internal/handlers/inventory_handler.go:326.2,326.27 1 0
github.com/softivite/puxbay/internal/handlers/inventory_handler.go:329.62,331.59 2 0
github.com/softivite/puxbay/internal/handlers/inventory_handler.go:331.59,334.3 2 0
github.com/softivite/puxbay/internal/handlers/inventory_handler.go:335.2,335.53 1 0
github.com/softivite/puxbay/internal/handlers/inventory_handler.go:338.58,346.16 6 0
github.com/softivite/puxbay/internal/handlers/inventory_handler.go:346.16,349.3 2 0
github.com/softivite/puxbay/internal/handlers/inventory_handler.go:350.2,353.4 1 0
github.com/softivite/puxbay/internal/handlers/inventory_handler.go:362.57,364.47 2 0
github.com/softivite/puxbay/internal/handlers/inventory_handler.go:364.47,367.3 2 0
github.com/softivite/puxbay/internal/handlers/inventory_handler.go:369.2,371.27 3 0
github.com/softivite/puxbay/internal/handlers/inventory_handler.go:371.27,373.3 1 0
github.com/softivite/puxbay/internal/handlers/inventory_handler.go:375.2,377.118 2 0
github.com/softivite/puxbay/internal/handlers/inventory_handler.go:377.118,380.3 2 0
github.com/softivite/puxbay/internal/handlers/inventory_handler.go:381.2,381.58 1 0
github.com/softivite/puxbay/internal/handlers/inventory_handler.go:384.59,386.16 2 0
github.com/softivite/puxbay/internal/handlers/inventory_handler.go:386.16,389.3 2 0
github.com/softivite/puxbay/internal/handlers/inventory_handler.go:390.2,390.31 1 0
github.com/softivite/puxbay/internal/handlers/inventory_handler.go:394.62,397.16 3 0
github.com/softivite/puxbay/internal/handlers/inventory_handler.go:397.16,400.3 2 0
github.com/softivite/puxbay/internal/handlers/inventory_handler.go:402.2,403.28 2 0
github.com/softivite/puxbay/internal/handlers/inventory_handler.go:403.28,406.21 2 0
github.com/softivite/puxbay/internal/handlers/inventory_handler.go:406.21,408.4 1 0
github.com/softivite/puxbay/internal/handlers/inventory_handler.go:408.9,408.28 1 0
github.com/softivite/puxbay/internal/handlers/inventory_handler.go:408.28,410.4 1 0
github.com/softivite/puxbay/internal/handlers/inventory_handler.go:412.3,413.17 2 0
github.com/softivite/puxbay/internal/handlers/inventory_handler.go:413.17,415.4 1 0
github.com/softivite/puxbay/internal/handlers/inventory_handler.go:417.3,423.5 1 0
github.com/softivite/puxbay/internal/handlers/inventory_handler.go:426.2,429.4 1 0
github.com/softivite/puxbay/internal/handlers/inventory_handler.go:434.65,438.133 3 0
github.com/softivite/puxbay/internal/handlers/inventory_handler.go:438.133,441.3 2 0
github.com/softivite/puxbay/internal/handlers/inventory_handler.go:443.2,446.4 1 0
github.com/softivite/puxbay/internal/handlers/inventory_handler.go:449.67,452.112 3 0
github.com/softivite/puxbay/internal/handlers/inventory_handler.go:452.112,455.3 2 0
github.com/softivite/puxbay/internal/handlers/inventory_handler.go:456.2,456.32 1 0
github.com/softivite/puxbay/internal/handlers/inventory_handler.go:459.64,464.16 4 0
github.com/softivite/puxbay/internal/handlers/inventory_handler.go:464.16,467.3 2 0
github.com/softivite/puxbay/internal/handlers/inventory_handler.go:469.2,469.50 1 0
github.com/softivite/puxbay/internal/handlers/inventory_handler.go:478.66,481.47 3 0
github.com/softivite/puxbay/internal/handlers/inventory_handler.go:481.47,484.3 2 0
github.com/softivite/puxbay/internal/handlers/inventory_handler.go:486.2,487.16 2 0
github.com/softivite/puxbay/internal/handlers/inventory_handler.go:487.16,490.3 2 0
github.com/softivite/puxbay/internal/handlers/inventory_handler.go:492.2,493.16 2 0
github.com/softivite/puxbay/internal/handlers/inventory_handler.go:493.16,496.3 2 0
github.com/softivite/puxbay/internal/handlers/inventory_handler.go:498.2,502.4 1 0
github.com/softivite/puxbay/internal/handlers/inventory_handler.go:516.56,519.16 3 0
github.com/softivite/puxbay/internal/handlers/inventory_handler.go:519.16,522.3 2 0
github.com/softivite/puxbay/internal/handlers/inventory_handler.go:523.2,523.70 1 0
github.com/softivite/puxbay/internal/handlers/inventory_handler.go:526.56,529.16 3 0
github.com/softivite/puxbay/internal/handlers/inventory_handler.go:529.16,532.3 2 0
github.com/softivite/puxbay/internal/handlers/inventory_handler.go:534.2,535.47 2 0
github.com/softivite/puxbay/internal/handlers/inventory_handler.go:535.47,538.3 2 0
github.com/softivite/puxbay/internal/handlers/inventory_handler.go:540.2,541.54 2 0
github.com/softivite/puxbay/internal/handlers/inventory_handler.go:541.54,543.3 1 0
github.com/softivite/puxbay/internal/handlers/inventory_handler.go:545.2,551.26 2 0
github.com/softivite/puxbay/internal/handlers/inventory_handler.go:551.26,552.69 1 0
github.com/softivite/puxbay/internal/handlers/inventory_handler.go:552.69,554.4 1 0
github.com/softivite/puxbay/internal/handlers/inventory_handler.go:556.2,556.31 1 0
github.com/softivite/puxbay/internal/handlers/inventory_handler.go:556.31,557.74 1 0
github.com/softivite/puxbay/internal/handlers/inventory_handler.go:557.74,559.4 1 0
github.com/softivite/puxbay/internal/handlers/inventory_handler.go:562.2,563.16 2 0
github.com/softivite/puxbay/internal/handlers/inventory_handler.go:563.16,566.3 2 0
github.com/softivite/puxbay/internal/handlers/inventory_handler.go:567.2,567.35 1 0
github.com/softivite/puxbay/internal/handlers/inventory_handler.go:570.56,574.47 3 0
github.com/softivite/puxbay/internal/handlers/inventory_handler.go:574.47,577.3 2 0
github.com/softivite/puxbay/internal/handlers/inventory_handler.go:579.2,583.26 2 0
github.com/softivite/puxbay/internal/handlers/inventory_handler.go:583.26,584.69 1 0
github.com/softivite/puxbay/internal/handlers/inventory_handler.go:584.69,586.4 1 0
github.com/softivite/puxbay/internal/handlers/inventory_handler.go:588.2,588.31 1 0
github.com/softivite/puxbay/internal/handlers/inventory_handler.go:588.31,589.74 1 0
github.com/softivite/puxbay/internal/handlers/inventory_handler.go:589.74,591.4 1 0
github.com/softivite/puxbay/internal/handlers/inventory_handler.go:594.2,595.16 2 0
github.com/softivite/puxbay/internal/handlers/inventory_handler.go:595.16,598.3 2 0
github.com/softivite/puxbay/internal/handlers/inventory_handler.go:599.2,599.30 1 0
github.com/softivite/puxbay/internal/handlers/inventory_handler.go:602.56,604.58 2 0
github.com/softivite/puxbay/internal/handlers/inventory_handler.go:604.58,607.3 2 0
github.com/softivite/puxbay/internal/handlers/inventory_handler.go:608.2,608.35 1 0
github.com/softivite/puxbay/internal/handlers/inventory_handler.go:611.64,616.16 4 0
github.com/softivite/puxbay/internal/handlers/inventory_handler.go:616.16,619.3 2 0
github.com/softivite/puxbay/internal/handlers/inventory_handler.go:620.2,620.70 1 0
github.com/softivite/puxbay/internal/handlers/kiosk_handler.go:17.49,19.2 1 0
github.com/softivite/puxbay/internal/handlers/kiosk_handler.go:22.50,31.2 2 0
github.com/softivite/puxbay/internal/handlers/kiosk_handler.go:34.48,41.2 1 0
github.com/softivite/puxbay/internal/handlers/kiosk_handler.go:65.51,67.47 2 0
github.com/softivite/puxbay/internal/handlers/kiosk_handler.go:67.47,70.3 2 0
github.com/softivite/puxbay/internal/handlers/kiosk_handler.go:72.2,73.33 2 0
github.com/softivite/puxbay/internal/handlers/kiosk_handler.go:73.33,81.3 1 0
github.com/softivite/puxbay/internal/handlers/kiosk_handler.go:83.2,84.53 2 0
github.com/softivite/puxbay/internal/handlers/kiosk_handler.go:84.53,85.58 1 0
github.com/softivite/puxbay/internal/handlers/kiosk_handler.go:85.58,87.4 1 0
github.com/softivite/puxbay/internal/handlers/kiosk_handler.go:89.2,89.21 1 0
github.com/softivite/puxbay/internal/handlers/kiosk_handler.go:89.21,90.55 1 0
github.com/softivite/puxbay/internal/handlers/kiosk_handler.go:90.55,92.4 1 0
github.com/softivite/puxbay/internal/handlers/kiosk_handler.go:95.2,100.26 3 0
github.com/softivite/puxbay/internal/handlers/kiosk_handler.go:100.26,101.60 1 0
github.com/softivite/puxbay/internal/handlers/kiosk_handler.go:101.60,103.4 1 0
github.com/softivite/puxbay/internal/handlers/kiosk_handler.go:106.2,122.15 4 0
github.com/softivite/puxbay/internal/handlers/kiosk_handler.go:122.15,124.3 1 0
github.com/softivite/puxbay/internal/handlers/kiosk_handler.go:126.2,127.16 2 0
github.com/softivite/puxbay/internal/handlers/kiosk_handler.go:127.16,130.3 2 0
github.com/softivite/puxbay/internal/handlers/kiosk_handler.go:132.2,132.35 1 0
github.com/softivite/puxbay/internal/handlers/kiosk_handler.go:142.57,144.47 2 0
github.com/softivite/puxbay/internal/handlers/kiosk_handler.go:144.47,147.3 2 0
github.com/softivite/puxbay/internal/handlers/kiosk_handler.go:149.2,151.15 3 0
github.com/softivite/puxbay/internal/handlers/kiosk_handler.go:151.15,153.3 1 0
github.com/softivite/puxbay/internal/handlers/kiosk_handler.go:155.2,159.16 2 0
github.com/softivite/puxbay/internal/handlers/kiosk_handler.go:159.16,162.3 2 0
github.com/softivite/puxbay/internal/handlers/kiosk_handler.go:164.2,164.33 1 0
github.com/softivite/puxbay/internal/handlers/marketing_handler.go:16.57,18.2 1 0
github.com/softivite/puxbay/internal/handlers/marketing_handler.go:20.79,22.2 1 0
github.com/softivite/puxbay/internal/handlers/marketing_handler.go:26.58,28.16 2 0
github.com/softivite/puxbay/internal/handlers/marketing_handler.go:28.16,31.3 2 0
github.com/softivite/puxbay/internal/handlers/marketing_handler.go:32.2,32.34 1 0
github.com/softivite/puxbay/internal/handlers/marketing_handler.go:49.59,51.47 2 0
github.com/softivite/puxbay/internal/handlers/marketing_handler.go:51.47,54.3 2 0
github.com/softivite/puxbay/internal/handlers/marketing_handler.go:56.2,71.16 3 0
github.com/softivite/puxbay/internal/handlers/marketing_handler.go:71.16,72.49 1 0
github.com/softivite/puxbay/internal/handlers/marketing_handler.go:72.49,75.4 2 0
github.com/softivite/puxbay/internal/handlers/marketing_handler.go:76.3,77.9 2 0
github.com/softivite/puxbay/internal/handlers/marketing_handler.go:79.2,79.38 1 0
github.com/softivite/puxbay/internal/handlers/marketing_handler.go:82.56,85.16 3 0
github.com/softivite/puxbay/internal/handlers/marketing_handler.go:85.16,88.3 2 0
github.com/softivite/puxbay/internal/handlers/marketing_handler.go:89.2,89.33 1 0
github.com/softivite/puxbay/internal/handlers/marketing_handler.go:92.59,95.47 3 0
github.com/softivite/puxbay/internal/handlers/marketing_handler.go:95.47,98.3 2 0
github.com/softivite/puxbay/internal/handlers/marketing_handler.go:100.2,115.16 3 0
github.com/softivite/puxbay/internal/handlers/marketing_handler.go:115.16,116.42 1 0
github.com/softivite/puxbay/internal/handlers/marketing_handler.go:116.42,119.4 2 0
github.com/softivite/puxbay/internal/handlers/marketing_handler.go:120.3,120.49 1 0
github.com/softivite/puxbay/internal/handlers/marketing_handler.go:120.49,123.4 2 0
github.com/softivite/puxbay/internal/handlers/marketing_handler.go:124.3,125.9 2 0
github.com/softivite/puxbay/internal/handlers/marketing_handler.go:127.2,127.33 1 0
github.com/softivite/puxbay/internal/handlers/marketing_handler.go:130.59,132.56 2 0
github.com/softivite/puxbay/internal/handlers/marketing_handler.go:132.56,135.3 2 0
github.com/softivite/puxbay/internal/handlers/marketing_handler.go:136.2,136.51 1 0
github.com/softivite/puxbay/internal/handlers/marketing_handler.go:139.57,141.54 2 0
github.com/softivite/puxbay/internal/handlers/marketing_handler.go:141.54,144.3 2 0
github.com/softivite/puxbay/internal/handlers/marketing_handler.go:145.2,145.48 1 0
github.com/softivite/puxbay/internal/handlers/marketing_handler.go:148.63,150.60 2 0
github.com/softivite/puxbay/internal/handlers/marketing_handler.go:150.60,153.3 2 0
github.com/softivite/puxbay/internal/handlers/marketing_handler.go:154.2,154.52 1 0
github.com/softivite/puxbay/internal/handlers/marketing_handler.go:161.69,165.79 4 0
github.com/softivite/puxbay/internal/handlers/marketing_handler.go:165.79,168.3 2 0
github.com/softivite/puxbay/internal/handlers/marketing_handler.go:169.2,169.52 1 0
github.com/softivite/puxbay/internal/handlers/marketing_handler.go:176.66,178.47 2 0
github.com/softivite/puxbay/internal/handlers/marketing_handler.go:178.47,181.3 2 0
github.com/softivite/puxbay/internal/handlers/marketing_handler.go:182.2,183.16 2 0
github.com/softivite/puxbay/internal/handlers/marketing_handler.go:183.16,186.3 2 0
github.com/softivite/puxbay/internal/handlers/marketing_handler.go:187.2,187.83 1 0
github.com/softivite/puxbay/internal/handlers/marketing_handler.go:192.57,194.16 2 0
github.com/softivite/puxbay/internal/handlers/marketing_handler.go:194.16,197.3 2 0
github.com/softivite/puxbay/internal/handlers/marketing_handler.go:198.2,198.33 1 0
github.com/softivite/puxbay/internal/handlers/marketing_handler.go:207.58,209.47 2 0
github.com/softivite/puxbay/internal/handlers/marketing_handler.go:209.47,212.3 2 0
github.com/softivite/puxbay/internal/handlers/marketing_handler.go:213.2,219.16 3 0
github.com/softivite/puxbay/internal/handlers/marketing_handler.go:219.16,222.3 2 0
github.com/softivite/puxbay/internal/handlers/marketing_handler.go:223.2,223.37 1 0
github.com/softivite/puxbay/internal/handlers/marketing_handler.go:226.58,229.47 3 0
github.com/softivite/puxbay/internal/handlers/marketing_handler.go:229.47,232.3 2 0
github.com/softivite/puxbay/internal/handlers/marketing_handler.go:233.2,238.16 2 0
github.com/softivite/puxbay/internal/handlers/marketing_handler.go:238.16,239.41 1 0
github.com/softivite/puxbay/internal/handlers/marketing_handler.go:239.41,242.4 2 0
github.com/softivite/puxbay/internal/handlers/marketing_handler.go:243.3,244.9 2 0
github.com/softivite/puxbay/internal/handlers/marketing_handler.go:246.2,246.32 1 0
github.com/softivite/puxbay/internal/handlers/marketing_handler.go:249.58,251.55 2 0
github.com/softivite/puxbay/internal/handlers/marketing_handler.go:251.55,254.3 2 0
github.com/softivite/puxbay/internal/handlers/marketing_handler.go:255.2,255.51 1 0
github.com/softivite/puxbay/internal/handlers/marketing_handler.go:260.59,262.16 2 0
github.com/softivite/puxbay/internal/handlers/marketing_handler.go:262.16,265.3 2 0
github.com/softivite/puxbay/internal/handlers/marketing_handler.go:266.2,266.31 1 0
github.com/softivite/puxbay/internal/handlers/marketing_handler.go:269.60,271.47 2 0
github.com/softivite/puxbay/internal/handlers/marketing_handler.go:271.47,274.3 2 0
github.com/softivite/puxbay/internal/handlers/marketing_handler.go:275.2,276.16 2 0
github.com/softivite/puxbay/internal/handlers/marketing_handler.go:276.16,279.3 2 0
github.com/softivite/puxbay/internal/handlers/marketing_handler.go:280.2,280.35 1 0
github.com/softivite/puxbay/internal/handlers/marketing_handler.go:283.60,286.47 3 0
github.com/softivite/puxbay/internal/handlers/marketing_handler.go:286.47,289.3 2 0
github.com/softivite/puxbay/internal/handlers/marketing_handler.go:290.2,291.16 2 0
github.com/softivite/puxbay/internal/handlers/marketing_handler.go:291.16,294.3 2 0
github.com/softivite/puxbay/internal/handlers/marketing_handler.go:295.2,295.30 1 0
github.com/softivite/puxbay/internal/handlers/marketing_handler.go:298.60,300.57 2 0
github.com/softivite/puxbay/internal/handlers/marketing_handler.go:300.57,303.3 2 0
github.com/softivite/puxbay/internal/handlers/marketing_handler.go:304.2,304.51 1 0
github.com/softivite/puxbay/internal/handlers/marketing_handler.go:309.58,311.16 2 0
github.com/softivite/puxbay/internal/handlers/marketing_handler.go:311.16,314.3 2 0
github.com/softivite/puxbay/internal/handlers/marketing_handler.go:315.2,315.34 1 0
github.com/softivite/puxbay/internal/handlers/marketing_handler.go:318.59,320.47 2 0
github.com/softivite/puxbay/internal/handlers/marketing_handler.go:320.47,323.3 2 0
github.com/softivite/puxbay/internal/handlers/marketing_handler.go:324.2,325.16 2 0
github.com/softivite/puxbay/internal/handlers/marketing_handler.go:325.16,328.3 2 0
github.com/softivite/puxbay/internal/handlers/marketing_handler.go:329.2,329.38 1 0
github.com/softivite/puxbay/internal/handlers/marketing_handler.go:332.59,334.56 2 0
github.com/softivite/puxbay/internal/handlers/marketing_handler.go:334.56,337.3 2 0
github.com/softivite/puxbay/internal/handlers/marketing_handler.go:338.2,338.51 1 0
github.com/softivite/puxbay/internal/handlers/marketing_handler.go:349.68,351.47 2 0
github.com/softivite/puxbay/internal/handlers/marketing_handler.go:351.47,354.3 2 0
github.com/softivite/puxbay/internal/handlers/marketing_handler.go:355.2,356.16 2 0
github.com/softivite/puxbay/internal/handlers/marketing_handler.go:356.16,359.3 2 0
github.com/softivite/puxbay/internal/handlers/marketing_handler.go:360.2,360.34 1 0
github.com/softivite/puxbay/internal/handlers/notification_handler.go:19.63,21.2 1 0
github.com/softivite/puxbay/internal/handlers/notification_handler.go:23.85,25.2 1 0
github.com/softivite/puxbay/internal/handlers/notification_handler.go:27.67,31.2 3 0
github.com/softivite/puxbay/internal/handlers/notification_handler.go:34.52,41.16 5 0
github.com/softivite/puxbay/internal/handlers/notification_handler.go:41.16,44.3 2 0
github.com/softivite/puxbay/internal/handlers/notification_handler.go:46.2,52.4 1 0
github.com/softivite/puxbay/internal/handlers/notification_handler.go:56.57,60.16 3 0
github.com/softivite/puxbay/internal/handlers/notification_handler.go:60.16,63.3 2 0
github.com/softivite/puxbay/internal/handlers/notification_handler.go:65.2,68.4 1 0
github.com/softivite/puxbay/internal/handlers/notification_handler.go:72.58,76.60 3 0
github.com/softivite/puxbay/internal/handlers/notification_handler.go:76.60,77.47 1 0
github.com/softivite/puxbay/internal/handlers/notification_handler.go:77.47,80.4 2 0
github.com/softivite/puxbay/internal/handlers/notification_handler.go:81.3,81.46 1 0
github.com/softivite/puxbay/internal/handlers/notification_handler.go:81.46,84.4 2 0
github.com/softivite/puxbay/internal/handlers/notification_handler.go:85.3,86.9 2 0
github.com/softivite/puxbay/internal/handlers/notification_handler.go:89.2,89.51 1 0
github.com/softivite/puxbay/internal/handlers/notification_handler.go:93.61,96.59 2 0
github.com/softivite/puxbay/internal/handlers/notification_handler.go:96.59,99.3 2 0
github.com/softivite/puxbay/internal/handlers/notification_handler.go:101.2,101.51 1 0
github.com/softivite/puxbay/internal/handlers/notification_handler.go:105.59,109.16 3 0
github.com/softivite/puxbay/internal/handlers/notification_handler.go:109.16,112.3 2 0
github.com/softivite/puxbay/internal/handlers/notification_handler.go:114.2,114.33 1 0
github.com/softivite/puxbay/internal/handlers/notification_handler.go:118.62,122.47 3 0
github.com/softivite/puxbay/internal/handlers/notification_handler.go:122.47,125.3 2 0
github.com/softivite/puxbay/internal/handlers/notification_handler.go:127.2,128.16 2 0
github.com/softivite/puxbay/internal/handlers/notification_handler.go:128.16,131.3 2 0
github.com/softivite/puxbay/internal/handlers/notification_handler.go:133.2,133.33 1 0
github.com/softivite/puxbay/internal/handlers/notification_handler.go:137.54,141.68 3 0
github.com/softivite/puxbay/internal/handlers/notification_handler.go:141.68,142.47 1 0
github.com/softivite/puxbay/internal/handlers/notification_handler.go:142.47,145.4 2 0
github.com/softivite/puxbay/internal/handlers/notification_handler.go:146.3,146.46 1 0
github.com/softivite/puxbay/internal/handlers/notification_handler.go:146.46,149.4 2 0
github.com/softivite/puxbay/internal/handlers/notification_handler.go:150.3,151.9 2 0
github.com/softivite/puxbay/internal/handlers/notification_handler.go:154.2,154.51 1 0
github.com/softivite/puxbay/internal/handlers/offline_handler.go:14.53,16.2 1 0
github.com/softivite/puxbay/internal/handlers/offline_handler.go:20.66,26.51 2 0
github.com/softivite/puxbay/internal/handlers/offline_handler.go:26.51,29.3 2 0
github.com/softivite/puxbay/internal/handlers/offline_handler.go:32.2,36.4 1 0
github.com/softivite/puxbay/internal/handlers/omnichannel_handler.go:15.61,17.2 1 0
github.com/softivite/puxbay/internal/handlers/omnichannel_handler.go:20.62,25.51 2 0
github.com/softivite/puxbay/internal/handlers/omnichannel_handler.go:25.51,28.3 2 0
github.com/softivite/puxbay/internal/handlers/omnichannel_handler.go:30.2,34.52 2 0
github.com/softivite/puxbay/internal/handlers/omnichannel_handler.go:38.64,45.2 2 0
github.com/softivite/puxbay/internal/handlers/onboarding_handler.go:16.59,18.2 1 0
github.com/softivite/puxbay/internal/handlers/onboarding_handler.go:21.62,23.13 2 0
github.com/softivite/puxbay/internal/handlers/onboarding_handler.go:23.13,26.3 2 0
github.com/softivite/puxbay/internal/handlers/onboarding_handler.go:28.2,29.9 2 0
github.com/softivite/puxbay/internal/handlers/onboarding_handler.go:29.9,32.3 2 0
github.com/softivite/puxbay/internal/handlers/onboarding_handler.go:35.2,36.100 2 0
github.com/softivite/puxbay/internal/handlers/onboarding_handler.go:36.100,39.3 2 0
github.com/softivite/puxbay/internal/handlers/onboarding_handler.go:42.2,56.56 10 0
github.com/softivite/puxbay/internal/handlers/onboarding_handler.go:56.56,59.3 2 0
github.com/softivite/puxbay/internal/handlers/onboarding_handler.go:62.2,62.74 1 0
github.com/softivite/puxbay/internal/handlers/onboarding_handler.go:62.74,64.3 1 0
github.com/softivite/puxbay/internal/handlers/onboarding_handler.go:67.2,68.17 2 0
github.com/softivite/puxbay/internal/handlers/onboarding_handler.go:68.17,70.3 1 0
github.com/softivite/puxbay/internal/handlers/onboarding_handler.go:71.2,71.14 1 0
github.com/softivite/puxbay/internal/handlers/onboarding_handler.go:71.14,73.3 1 0
github.com/softivite/puxbay/internal/handlers/onboarding_handler.go:74.2,74.16 1 0
github.com/softivite/puxbay/internal/handlers/onboarding_handler.go:74.16,76.3 1 0
github.com/softivite/puxbay/internal/handlers/onboarding_handler.go:77.2,77.21 1 0
github.com/softivite/puxbay/internal/handlers/onboarding_handler.go:77.21,79.3 1 0
github.com/softivite/puxbay/internal/handlers/onboarding_handler.go:81.2,119.4 2 0
github.com/softivite/puxbay/internal/handlers/order_handler.go:24.95,26.2 1 0
github.com/softivite/puxbay/internal/handlers/order_handler.go:28.71,30.2 1 0
github.com/softivite/puxbay/internal/handlers/order_handler.go:32.58,34.2 1 0
github.com/softivite/puxbay/internal/handlers/order_handler.go:36.45,58.16 11 0
github.com/softivite/puxbay/internal/handlers/order_handler.go:58.16,61.3 2 0
github.com/softivite/puxbay/internal/handlers/order_handler.go:63.2,68.4 1 0
github.com/softivite/puxbay/internal/handlers/order_handler.go:71.44,75.16 3 0
github.com/softivite/puxbay/internal/handlers/order_handler.go:75.16,78.3 2 0
github.com/softivite/puxbay/internal/handlers/order_handler.go:80.2,80.30 1 0
github.com/softivite/puxbay/internal/handlers/order_handler.go:107.47,109.47 2 0
github.com/softivite/puxbay/internal/handlers/order_handler.go:109.47,112.3 2 0
github.com/softivite/puxbay/internal/handlers/order_handler.go:114.2,115.33 2 0
github.com/softivite/puxbay/internal/handlers/order_handler.go:115.33,124.3 1 0
github.com/softivite/puxbay/internal/handlers/order_handler.go:126.2,127.24 2 0
github.com/softivite/puxbay/internal/handlers/order_handler.go:127.24,131.3 1 0
github.com/softivite/puxbay/internal/handlers/order_handler.go:133.2,134.25 2 0
github.com/softivite/puxbay/internal/handlers/order_handler.go:134.25,135.77 1 0
github.com/softivite/puxbay/internal/handlers/order_handler.go:135.77,136.50 1 0
github.com/softivite/puxbay/internal/handlers/order_handler.go:136.50,138.5 1 0
github.com/softivite/puxbay/internal/handlers/order_handler.go:142.2,142.21 1 0
github.com/softivite/puxbay/internal/handlers/order_handler.go:142.21,143.55 1 0
github.com/softivite/puxbay/internal/handlers/order_handler.go:143.55,145.4 1 0
github.com/softivite/puxbay/internal/handlers/order_handler.go:148.2,163.16 3 0
github.com/softivite/puxbay/internal/handlers/order_handler.go:163.16,166.3 2 0
github.com/softivite/puxbay/internal/handlers/order_handler.go:168.2,168.66 1 0
github.com/softivite/puxbay/internal/handlers/order_handler.go:168.66,169.56 1 0
github.com/softivite/puxbay/internal/handlers/order_handler.go:169.56,171.4 1 0
github.com/softivite/puxbay/internal/handlers/order_handler.go:174.2,174.35 1 0
github.com/softivite/puxbay/internal/handlers/order_handler.go:177.44,179.47 2 0
github.com/softivite/puxbay/internal/handlers/order_handler.go:179.47,182.3 2 0
github.com/softivite/puxbay/internal/handlers/order_handler.go:184.2,186.39 3 0
github.com/softivite/puxbay/internal/handlers/order_handler.go:186.39,188.3 1 0
github.com/softivite/puxbay/internal/handlers/order_handler.go:190.2,191.33 2 0
github.com/softivite/puxbay/internal/handlers/order_handler.go:191.33,200.3 1 0
github.com/softivite/puxbay/internal/handlers/order_handler.go:202.2,203.24 2 0
github.com/softivite/puxbay/internal/handlers/order_handler.go:203.24,207.3 1 0
github.com/softivite/puxbay/internal/handlers/order_handler.go:209.2,210.54 2 0
github.com/softivite/puxbay/internal/handlers/order_handler.go:210.54,212.3 1 0
github.com/softivite/puxbay/internal/handlers/order_handler.go:214.2,229.16 3 0
github.com/softivite/puxbay/internal/handlers/order_handler.go:229.16,232.3 2 0
github.com/softivite/puxbay/internal/handlers/order_handler.go:234.2,234.35 1 0
github.com/softivite/puxbay/internal/handlers/order_handler.go:237.50,239.51 2 0
github.com/softivite/puxbay/internal/handlers/order_handler.go:239.51,242.3 2 0
github.com/softivite/puxbay/internal/handlers/order_handler.go:245.2,251.50 6 0
github.com/softivite/puxbay/internal/handlers/order_handler.go:254.54,256.55 2 0
github.com/softivite/puxbay/internal/handlers/order_handler.go:256.55,259.3 2 0
github.com/softivite/puxbay/internal/handlers/order_handler.go:260.2,260.53 1 0
github.com/softivite/puxbay/internal/handlers/order_handler.go:263.51,266.16 3 0
github.com/softivite/puxbay/internal/handlers/order_handler.go:266.16,269.3 2 0
github.com/softivite/puxbay/internal/handlers/order_handler.go:270.2,270.84 1 0
github.com/softivite/puxbay/internal/handlers/order_handler.go:270.84,278.22 5 0
github.com/softivite/puxbay/internal/handlers/order_handler.go:278.22,280.4 1 0
github.com/softivite/puxbay/internal/handlers/order_handler.go:281.3,281.48 1 0
github.com/softivite/puxbay/internal/handlers/order_handler.go:281.48,283.4 1 0
github.com/softivite/puxbay/internal/handlers/order_handler.go:285.3,287.60 3 0
github.com/softivite/puxbay/internal/handlers/order_handler.go:287.60,289.43 1 0
github.com/softivite/puxbay/internal/handlers/order_handler.go:289.43,291.5 1 0
github.com/softivite/puxbay/internal/handlers/order_handler.go:291.10,293.5 1 0
github.com/softivite/puxbay/internal/handlers/order_handler.go:297.3,298.82 2 0
github.com/softivite/puxbay/internal/handlers/order_handler.go:298.82,300.4 1 0
github.com/softivite/puxbay/internal/handlers/order_handler.go:300.9,300.54 1 0
github.com/softivite/puxbay/internal/handlers/order_handler.go:300.54,302.4 1 0
github.com/softivite/puxbay/internal/handlers/order_handler.go:305.3,306.22 2 0
github.com/softivite/puxbay/internal/handlers/order_handler.go:306.22,308.4 1 0
github.com/softivite/puxbay/internal/handlers/order_handler.go:311.3,317.26 6 0
github.com/softivite/puxbay/internal/handlers/order_handler.go:317.26,318.31 1 0
github.com/softivite/puxbay/internal/handlers/order_handler.go:318.31,320.5 1 0
github.com/softivite/puxbay/internal/handlers/order_handler.go:321.4,321.35 1 0
github.com/softivite/puxbay/internal/handlers/order_handler.go:321.35,323.5 1 0
github.com/softivite/puxbay/internal/handlers/order_handler.go:324.4,324.33 1 0
github.com/softivite/puxbay/internal/handlers/order_handler.go:324.33,326.5 1 0
github.com/softivite/puxbay/internal/handlers/order_handler.go:327.4,327.78 1 0
github.com/softivite/puxbay/internal/handlers/order_handler.go:327.78,329.5 1 0
github.com/softivite/puxbay/internal/handlers/order_handler.go:330.4,330.78 1 0
github.com/softivite/puxbay/internal/handlers/order_handler.go:330.78,332.5 1 0
github.com/softivite/puxbay/internal/handlers/order_handler.go:336.3,337.20 2 0
github.com/softivite/puxbay/internal/handlers/order_handler.go:337.20,339.4 1 0
github.com/softivite/puxbay/internal/handlers/order_handler.go:342.3,343.26 2 0
github.com/softivite/puxbay/internal/handlers/order_handler.go:343.26,345.4 1 0
github.com/softivite/puxbay/internal/handlers/order_handler.go:346.3,346.24 1 0
github.com/softivite/puxbay/internal/handlers/order_handler.go:346.24,348.4 1 0
github.com/softivite/puxbay/internal/handlers/order_handler.go:349.3,349.26 1 0
github.com/softivite/puxbay/internal/handlers/order_handler.go:349.26,351.4 1 0
github.com/softivite/puxbay/internal/handlers/order_handler.go:353.3,354.36 2 0
github.com/softivite/puxbay/internal/handlers/order_handler.go:354.36,356.27 2 0
github.com/softivite/puxbay/internal/handlers/order_handler.go:356.27,358.5 1 0
github.com/softivite/puxbay/internal/handlers/order_handler.go:359.4,360.25 2 0
github.com/softivite/puxbay/internal/handlers/order_handler.go:360.25,362.5 1 0
github.com/softivite/puxbay/internal/handlers/order_handler.go:363.4,369.82 1 0
github.com/softivite/puxbay/internal/handlers/order_handler.go:373.3,374.20 2 0
github.com/softivite/puxbay/internal/handlers/order_handler.go:374.20,376.4 1 0
github.com/softivite/puxbay/internal/handlers/order_handler.go:377.3,377.25 1 0
github.com/softivite/puxbay/internal/handlers/order_handler.go:377.25,379.4 1 0
github.com/softivite/puxbay/internal/handlers/order_handler.go:380.3,382.59 3 0
github.com/softivite/puxbay/internal/handlers/order_handler.go:382.59,384.4 1 0
github.com/softivite/puxbay/internal/handlers/order_handler.go:386.3,544.9 3 0
github.com/softivite/puxbay/internal/handlers/order_handler.go:547.2,547.30 1 0
github.com/softivite/puxbay/internal/handlers/payment_method_handler.go:16.65,18.2 1 0
github.com/softivite/puxbay/internal/handlers/payment_method_handler.go:20.63,22.2 1 0
github.com/softivite/puxbay/internal/handlers/payment_method_handler.go:25.53,27.74 2 0
github.com/softivite/puxbay/internal/handlers/payment_method_handler.go:27.74,30.3 2 0
github.com/softivite/puxbay/internal/handlers/payment_method_handler.go:31.2,31.32 1 0
github.com/softivite/puxbay/internal/handlers/payment_method_handler.go:35.55,37.50 2 0
github.com/softivite/puxbay/internal/handlers/payment_method_handler.go:37.50,40.3 2 0
github.com/softivite/puxbay/internal/handlers/payment_method_handler.go:41.2,41.57 1 0
github.com/softivite/puxbay/internal/handlers/payment_method_handler.go:41.57,44.3 2 0
github.com/softivite/puxbay/internal/handlers/payment_method_handler.go:45.2,45.36 1 0
github.com/softivite/puxbay/internal/handlers/payment_method_handler.go:49.55,52.16 3 0
github.com/softivite/puxbay/internal/handlers/payment_method_handler.go:52.16,55.3 2 0
github.com/softivite/puxbay/internal/handlers/payment_method_handler.go:57.2,58.78 2 0
github.com/softivite/puxbay/internal/handlers/payment_method_handler.go:58.78,61.3 2 0
github.com/softivite/puxbay/internal/handlers/payment_method_handler.go:63.2,64.47 2 0
github.com/softivite/puxbay/internal/handlers/payment_method_handler.go:64.47,67.3 2 0
github.com/softivite/puxbay/internal/handlers/payment_method_handler.go:69.2,69.71 1 0
github.com/softivite/puxbay/internal/handlers/payment_method_handler.go:69.71,72.3 2 0
github.com/softivite/puxbay/internal/handlers/payment_method_handler.go:74.2,74.33 1 0
github.com/softivite/puxbay/internal/handlers/payment_method_handler.go:78.55,81.16 3 0
github.com/softivite/puxbay/internal/handlers/payment_method_handler.go:81.16,84.3 2 0
github.com/softivite/puxbay/internal/handlers/payment_method_handler.go:85.2,85.93 1 0
github.com/softivite/puxbay/internal/handlers/payment_method_handler.go:85.93,88.3 2 0
github.com/softivite/puxbay/internal/handlers/payment_method_handler.go:89.2,89.51 1 0
github.com/softivite/puxbay/internal/handlers/paystack_webhook.go:22.69,24.2 1 0
github.com/softivite/puxbay/internal/handlers/paystack_webhook.go:51.57,53.21 2 0
github.com/softivite/puxbay/internal/handlers/paystack_webhook.go:53.21,56.3 2 0
github.com/softivite/puxbay/internal/handlers/paystack_webhook.go:59.2,60.16 2 0
github.com/softivite/puxbay/internal/handlers/paystack_webhook.go:60.16,63.3 2 0
github.com/softivite/puxbay/internal/handlers/paystack_webhook.go:66.2,67.21 2 0
github.com/softivite/puxbay/internal/handlers/paystack_webhook.go:67.21,70.3 2 0
github.com/softivite/puxbay/internal/handlers/paystack_webhook.go:72.2,76.36 4 0
github.com/softivite/puxbay/internal/handlers/paystack_webhook.go:76.36,79.3 2 0
github.com/softivite/puxbay/internal/handlers/paystack_webhook.go:82.2,83.53 2 0
github.com/softivite/puxbay/internal/handlers/paystack_webhook.go:83.53,86.3 2 0
github.com/softivite/puxbay/internal/handlers/paystack_webhook.go:89.2,89.21 1 0
github.com/softivite/puxbay/internal/handlers/paystack_webhook.go:90.42,92.68 1 0
github.com/softivite/puxbay/internal/handlers/paystack_webhook.go:92.68,94.4 1 0
github.com/softivite/puxbay/internal/handlers/paystack_webhook.go:95.32,96.31 1 0
github.com/softivite/puxbay/internal/handlers/paystack_webhook.go:97.30,98.38 1 0
github.com/softivite/puxbay/internal/handlers/paystack_webhook.go:102.2,102.53 1 0
github.com/softivite/puxbay/internal/handlers/paystack_webhook.go:105.76,109.44 2 0
github.com/softivite/puxbay/internal/handlers/paystack_webhook.go:109.44,110.118 1 0
github.com/softivite/puxbay/internal/handlers/paystack_webhook.go:110.118,112.93 1 0
github.com/softivite/puxbay/internal/handlers/paystack_webhook.go:112.93,113.86 1 0
github.com/softivite/puxbay/internal/handlers/paystack_webhook.go:113.86,115.6 1 0
github.com/softivite/puxbay/internal/handlers/paystack_webhook.go:117.5,117.65 1 0
github.com/softivite/puxbay/internal/handlers/paystack_webhook.go:118.10,120.5 1 0
github.com/softivite/puxbay/internal/handlers/paystack_webhook.go:122.8,124.3 1 0
github.com/softivite/puxbay/internal/handlers/paystack_webhook.go:127.2,130.51 2 0
github.com/softivite/puxbay/internal/handlers/paystack_webhook.go:130.51,131.103 1 0
github.com/softivite/puxbay/internal/handlers/paystack_webhook.go:131.103,133.4 1 0
github.com/softivite/puxbay/internal/handlers/paystack_webhook.go:134.8,137.45 2 0
github.com/softivite/puxbay/internal/handlers/paystack_webhook.go:137.45,139.4 1 0
github.com/softivite/puxbay/internal/handlers/paystack_webhook.go:139.9,142.4 1 0
github.com/softivite/puxbay/internal/handlers/paystack_webhook.go:143.3,143.33 1 0
github.com/softivite/puxbay/internal/handlers/paystack_webhook.go:146.2,157.23 5 0
github.com/softivite/puxbay/internal/handlers/paystack_webhook.go:160.75,162.44 2 0
github.com/softivite/puxbay/internal/handlers/paystack_webhook.go:162.44,163.118 1 0
github.com/softivite/puxbay/internal/handlers/paystack_webhook.go:163.118,165.4 1 0
github.com/softivite/puxbay/internal/handlers/paystack_webhook.go:166.3,167.18 2 0
github.com/softivite/puxbay/internal/handlers/paystack_webhook.go:171.2,179.23 4 0
github.com/softivite/puxbay/internal/handlers/paystack_webhook.go:182.82,184.44 2 0
github.com/softivite/puxbay/internal/handlers/paystack_webhook.go:184.44,185.118 1 0
github.com/softivite/puxbay/internal/handlers/paystack_webhook.go:185.118,187.4 1 0
github.com/softivite/puxbay/internal/handlers/paystack_webhook.go:188.3,189.18 2 0
github.com/softivite/puxbay/internal/handlers/privacy_handler.go:17.53,19.2 1 0
github.com/softivite/puxbay/internal/handlers/privacy_handler.go:21.75,23.2 1 0
github.com/softivite/puxbay/internal/handlers/privacy_handler.go:26.53,29.21 2 0
github.com/softivite/puxbay/internal/handlers/privacy_handler.go:29.21,32.3 2 0
github.com/softivite/puxbay/internal/handlers/privacy_handler.go:34.2,37.58 3 0
github.com/softivite/puxbay/internal/handlers/privacy_handler.go:37.58,40.3 2 0
github.com/softivite/puxbay/internal/handlers/privacy_handler.go:42.2,45.4 1 0
github.com/softivite/puxbay/internal/handlers/privacy_handler.go:49.56,52.21 2 0
github.com/softivite/puxbay/internal/handlers/privacy_handler.go:52.21,55.3 2 0
github.com/softivite/puxbay/internal/handlers/privacy_handler.go:57.2,65.73 5 0
github.com/softivite/puxbay/internal/handlers/privacy_handler.go:65.73,68.3 2 0
github.com/softivite/puxbay/internal/handlers/privacy_handler.go:70.2,73.4 1 0
github.com/softivite/puxbay/internal/handlers/privacy_handler.go:76.60,81.77 4 0
github.com/softivite/puxbay/internal/handlers/privacy_handler.go:81.77,84.3 2 0
github.com/softivite/puxbay/internal/handlers/privacy_handler.go:86.2,86.54 1 0
github.com/softivite/puxbay/internal/handlers/product_handler.go:18.53,20.2 1 0
github.com/softivite/puxbay/internal/handlers/product_handler.go:22.75,24.2 1 0
github.com/softivite/puxbay/internal/handlers/product_handler.go:26.47,40.16 6 0
github.com/softivite/puxbay/internal/handlers/product_handler.go:40.16,43.3 2 0
github.com/softivite/puxbay/internal/handlers/product_handler.go:45.2,50.4 1 0
github.com/softivite/puxbay/internal/handlers/product_handler.go:79.49,81.47 2 0
github.com/softivite/puxbay/internal/handlers/product_handler.go:81.47,84.3 2 0
github.com/softivite/puxbay/internal/handlers/product_handler.go:86.2,87.54 2 0
github.com/softivite/puxbay/internal/handlers/product_handler.go:87.54,90.3 2 0
github.com/softivite/puxbay/internal/handlers/product_handler.go:92.2,119.16 3 0
github.com/softivite/puxbay/internal/handlers/product_handler.go:119.16,120.60 1 0
github.com/softivite/puxbay/internal/handlers/product_handler.go:120.60,123.4 2 0
github.com/softivite/puxbay/internal/handlers/product_handler.go:124.3,125.9 2 0
github.com/softivite/puxbay/internal/handlers/product_handler.go:128.2,128.37 1 0
github.com/softivite/puxbay/internal/handlers/product_handler.go:131.46,135.16 3 0
github.com/softivite/puxbay/internal/handlers/product_handler.go:135.16,138.3 2 0
github.com/softivite/puxbay/internal/handlers/product_handler.go:140.2,140.32 1 0
github.com/softivite/puxbay/internal/handlers/product_handler.go:143.49,147.47 3 0
github.com/softivite/puxbay/internal/handlers/product_handler.go:147.47,150.3 2 0
github.com/softivite/puxbay/internal/handlers/product_handler.go:151.2,152.54 2 0
github.com/softivite/puxbay/internal/handlers/product_handler.go:152.54,155.3 2 0
github.com/softivite/puxbay/internal/handlers/product_handler.go:157.2,176.16 3 0
github.com/softivite/puxbay/internal/handlers/product_handler.go:176.16,177.68 1 0
github.com/softivite/puxbay/internal/handlers/product_handler.go:177.68,180.4 2 0
github.com/softivite/puxbay/internal/handlers/product_handler.go:181.3,181.41 1 0
github.com/softivite/puxbay/internal/handlers/product_handler.go:181.41,184.4 2 0
github.com/softivite/puxbay/internal/handlers/product_handler.go:185.3,186.9 2 0
github.com/softivite/puxbay/internal/handlers/product_handler.go:189.2,189.32 1 0
github.com/softivite/puxbay/internal/handlers/product_handler.go:192.49,195.55 2 0
github.com/softivite/puxbay/internal/handlers/product_handler.go:195.55,198.3 2 0
github.com/softivite/puxbay/internal/handlers/product_handler.go:200.2,200.35 1 0
github.com/softivite/puxbay/internal/handlers/product_handler.go:203.54,205.16 2 0
github.com/softivite/puxbay/internal/handlers/product_handler.go:205.16,208.3 2 0
github.com/softivite/puxbay/internal/handlers/product_handler.go:210.2,211.16 2 0
github.com/softivite/puxbay/internal/handlers/product_handler.go:211.16,214.3 2 0
github.com/softivite/puxbay/internal/handlers/product_handler.go:215.2,219.9 4 0
github.com/softivite/puxbay/internal/handlers/product_handler.go:219.9,222.3 2 0
github.com/softivite/puxbay/internal/handlers/product_handler.go:224.2,226.44 3 0
github.com/softivite/puxbay/internal/handlers/product_handler.go:226.44,228.3 1 0
github.com/softivite/puxbay/internal/handlers/product_handler.go:230.2,231.16 2 0
github.com/softivite/puxbay/internal/handlers/product_handler.go:231.16,234.3 2 0
github.com/softivite/puxbay/internal/handlers/product_handler.go:236.2,236.91 1 0
github.com/softivite/puxbay/internal/handlers/public_portal_handler.go:15.63,17.2 1 0
github.com/softivite/puxbay/internal/handlers/public_portal_handler.go:19.85,21.2 1 0
github.com/softivite/puxbay/internal/handlers/public_portal_handler.go:24.61,27.18 2 0
github.com/softivite/puxbay/internal/handlers/public_portal_handler.go:27.18,30.3 2 0
github.com/softivite/puxbay/internal/handlers/public_portal_handler.go:32.2,33.29 2 0
github.com/softivite/puxbay/internal/handlers/public_portal_handler.go:37.60,40.20 2 0
github.com/softivite/puxbay/internal/handlers/public_portal_handler.go:40.20,43.3 2 0
github.com/softivite/puxbay/internal/handlers/public_portal_handler.go:45.2,46.16 2 0
github.com/softivite/puxbay/internal/handlers/public_portal_handler.go:46.16,49.3 2 0
github.com/softivite/puxbay/internal/handlers/public_portal_handler.go:51.2,53.4 1 0
github.com/softivite/puxbay/internal/handlers/public_portal_handler.go:57.58,61.37 3 0
github.com/softivite/puxbay/internal/handlers/public_portal_handler.go:61.37,64.3 2 0
github.com/softivite/puxbay/internal/handlers/public_portal_handler.go:66.2,67.16 2 0
github.com/softivite/puxbay/internal/handlers/public_portal_handler.go:67.16,70.3 2 0
github.com/softivite/puxbay/internal/handlers/public_portal_handler.go:72.2,72.31 1 0
github.com/softivite/puxbay/internal/handlers/public_portal_handler.go:82.62,84.20 2 0
github.com/softivite/puxbay/internal/handlers/public_portal_handler.go:84.20,87.3 2 0
github.com/softivite/puxbay/internal/handlers/public_portal_handler.go:89.2,90.47 2 0
github.com/softivite/puxbay/internal/handlers/public_portal_handler.go:90.47,93.3 2 0
github.com/softivite/puxbay/internal/handlers/public_portal_handler.go:95.2,103.16 3 0
github.com/softivite/puxbay/internal/handlers/public_portal_handler.go:103.16,106.3 2 0
github.com/softivite/puxbay/internal/handlers/public_portal_handler.go:108.2,108.38 1 0
github.com/softivite/puxbay/internal/handlers/return_handler.go:19.51,21.2 1 0
github.com/softivite/puxbay/internal/handlers/return_handler.go:23.73,26.2 2 0
github.com/softivite/puxbay/internal/handlers/return_handler.go:29.46,41.16 5 0
github.com/softivite/puxbay/internal/handlers/return_handler.go:41.16,44.3 2 0
github.com/softivite/puxbay/internal/handlers/return_handler.go:46.2,46.66 1 0
github.com/softivite/puxbay/internal/handlers/return_handler.go:50.48,60.47 2 0
github.com/softivite/puxbay/internal/handlers/return_handler.go:60.47,63.3 2 0
github.com/softivite/puxbay/internal/handlers/return_handler.go:65.2,66.54 2 0
github.com/softivite/puxbay/internal/handlers/return_handler.go:66.54,68.3 1 0
github.com/softivite/puxbay/internal/handlers/return_handler.go:70.2,82.16 3 0
github.com/softivite/puxbay/internal/handlers/return_handler.go:82.16,85.3 2 0
github.com/softivite/puxbay/internal/handlers/return_handler.go:87.2,87.33 1 0
github.com/softivite/puxbay/internal/handlers/return_handler.go:91.45,95.16 3 0
github.com/softivite/puxbay/internal/handlers/return_handler.go:95.16,96.41 1 0
github.com/softivite/puxbay/internal/handlers/return_handler.go:96.41,99.4 2 0
github.com/softivite/puxbay/internal/handlers/return_handler.go:100.3,100.40 1 0
github.com/softivite/puxbay/internal/handlers/return_handler.go:100.40,103.4 2 0
github.com/softivite/puxbay/internal/handlers/return_handler.go:104.3,105.9 2 0
github.com/softivite/puxbay/internal/handlers/return_handler.go:108.2,108.28 1 0
github.com/softivite/puxbay/internal/handlers/return_handler.go:112.49,116.16 3 0
github.com/softivite/puxbay/internal/handlers/return_handler.go:116.16,117.41 1 0
github.com/softivite/puxbay/internal/handlers/return_handler.go:117.41,120.4 2 0
github.com/softivite/puxbay/internal/handlers/return_handler.go:121.3,121.40 1 0
github.com/softivite/puxbay/internal/handlers/return_handler.go:121.40,124.4 2 0
github.com/softivite/puxbay/internal/handlers/return_handler.go:125.3,126.9 2 0
github.com/softivite/puxbay/internal/handlers/return_handler.go:129.2,129.75 1 0
github.com/softivite/puxbay/internal/handlers/return_handler.go:133.48,137.16 3 0
github.com/softivite/puxbay/internal/handlers/return_handler.go:137.16,138.41 1 0
github.com/softivite/puxbay/internal/handlers/return_handler.go:138.41,141.4 2 0
github.com/softivite/puxbay/internal/handlers/return_handler.go:142.3,142.40 1 0
github.com/softivite/puxbay/internal/handlers/return_handler.go:142.40,145.4 2 0
github.com/softivite/puxbay/internal/handlers/return_handler.go:146.3,147.9 2 0
github.com/softivite/puxbay/internal/handlers/return_handler.go:150.2,150.75 1 0
github.com/softivite/puxbay/internal/handlers/return_handler.go:154.55,158.16 3 0
github.com/softivite/puxbay/internal/handlers/return_handler.go:158.16,159.41 1 0
github.com/softivite/puxbay/internal/handlers/return_handler.go:159.41,162.4 2 0
github.com/softivite/puxbay/internal/handlers/return_handler.go:163.3,163.49 1 0
github.com/softivite/puxbay/internal/handlers/return_handler.go:163.49,166.4 2 0
github.com/softivite/puxbay/internal/handlers/return_handler.go:167.3,168.9 2 0
github.com/softivite/puxbay/internal/handlers/return_handler.go:171.2,175.4 1 0
github.com/softivite/puxbay/internal/handlers/security_handler.go:18.55,20.2 1 0
github.com/softivite/puxbay/internal/handlers/security_handler.go:22.77,24.2 1 0
github.com/softivite/puxbay/internal/handlers/security_handler.go:27.52,32.16 4 0
github.com/softivite/puxbay/internal/handlers/security_handler.go:32.16,35.3 2 0
github.com/softivite/puxbay/internal/handlers/security_handler.go:37.2,37.31 1 0
github.com/softivite/puxbay/internal/handlers/security_handler.go:41.53,48.47 4 0
github.com/softivite/puxbay/internal/handlers/security_handler.go:48.47,51.3 2 0
github.com/softivite/puxbay/internal/handlers/security_handler.go:53.2,53.65 1 0
github.com/softivite/puxbay/internal/handlers/security_handler.go:53.65,56.3 2 0
github.com/softivite/puxbay/internal/handlers/security_handler.go:58.2,58.69 1 0
github.com/softivite/puxbay/internal/handlers/security_handler.go:62.57,70.16 6 0
github.com/softivite/puxbay/internal/handlers/security_handler.go:70.16,73.3 2 0
github.com/softivite/puxbay/internal/handlers/security_handler.go:75.2,79.4 1 0
github.com/softivite/puxbay/internal/handlers/security_handler.go:83.54,87.56 3 0
github.com/softivite/puxbay/internal/handlers/security_handler.go:87.56,90.3 2 0
github.com/softivite/puxbay/internal/handlers/security_handler.go:91.2,91.70 1 0
github.com/softivite/puxbay/internal/handlers/security_handler.go:94.59,99.16 4 0
github.com/softivite/puxbay/internal/handlers/security_handler.go:99.16,102.3 2 0
github.com/softivite/puxbay/internal/handlers/security_handler.go:103.2,103.59 1 0
github.com/softivite/puxbay/internal/handlers/security_handler.go:106.57,113.47 4 0
github.com/softivite/puxbay/internal/handlers/security_handler.go:113.47,116.3 2 0
github.com/softivite/puxbay/internal/handlers/security_handler.go:118.2,118.76 1 0
github.com/softivite/puxbay/internal/handlers/security_handler.go:118.76,121.3 2 0
github.com/softivite/puxbay/internal/handlers/security_handler.go:122.2,122.52 1 0
github.com/softivite/puxbay/internal/handlers/service_handler.go:15.53,17.2 1 0
github.com/softivite/puxbay/internal/handlers/service_handler.go:19.71,21.2 1 0
github.com/softivite/puxbay/internal/handlers/service_handler.go:23.47,25.16 2 0
github.com/softivite/puxbay/internal/handlers/service_handler.go:25.16,28.3 2 0
github.com/softivite/puxbay/internal/handlers/service_handler.go:29.2,29.37 1 0
github.com/softivite/puxbay/internal/handlers/service_handler.go:39.49,41.47 2 0
github.com/softivite/puxbay/internal/handlers/service_handler.go:41.47,44.3 2 0
github.com/softivite/puxbay/internal/handlers/service_handler.go:46.2,54.16 3 0
github.com/softivite/puxbay/internal/handlers/service_handler.go:54.16,57.3 2 0
github.com/softivite/puxbay/internal/handlers/service_handler.go:59.2,59.37 1 0
github.com/softivite/puxbay/internal/handlers/service_handler.go:62.59,64.16 2 0
github.com/softivite/puxbay/internal/handlers/service_handler.go:64.16,67.3 2 0
github.com/softivite/puxbay/internal/handlers/service_handler.go:68.2,68.37 1 0
github.com/softivite/puxbay/internal/handlers/service_handler.go:78.60,80.47 2 0
github.com/softivite/puxbay/internal/handlers/service_handler.go:80.47,83.3 2 0
github.com/softivite/puxbay/internal/handlers/service_handler.go:85.2,93.16 3 0
github.com/softivite/puxbay/internal/handlers/service_handler.go:93.16,96.3 2 0
github.com/softivite/puxbay/internal/handlers/service_handler.go:98.2,98.41 1 0
github.com/softivite/puxbay/internal/handlers/service_handler.go:108.58,110.2 1 0
github.com/softivite/puxbay/internal/handlers/service_handler.go:112.62,114.2 1 0
github.com/softivite/puxbay/internal/handlers/service_handler.go:116.57,120.2 2 0
github.com/softivite/puxbay/internal/handlers/settings_handler.go:16.55,18.2 1 0
github.com/softivite/puxbay/internal/handlers/settings_handler.go:35.55,42.13 4 0
github.com/softivite/puxbay/internal/handlers/settings_handler.go:42.13,45.3 2 0
github.com/softivite/puxbay/internal/handlers/settings_handler.go:48.2,48.98 1 0
github.com/softivite/puxbay/internal/handlers/settings_handler.go:48.98,51.3 2 0
github.com/softivite/puxbay/internal/handlers/settings_handler.go:53.2,54.30 2 0
github.com/softivite/puxbay/internal/handlers/settings_handler.go:54.30,56.3 1 0
github.com/softivite/puxbay/internal/handlers/settings_handler.go:58.2,58.29 1 0
github.com/softivite/puxbay/internal/handlers/settings_handler.go:58.29,60.3 1 0
github.com/softivite/puxbay/internal/handlers/settings_handler.go:61.2,61.29 1 0
github.com/softivite/puxbay/internal/handlers/settings_handler.go:61.29,63.3 1 0
github.com/softivite/puxbay/internal/handlers/settings_handler.go:65.2,65.33 1 0
github.com/softivite/puxbay/internal/handlers/settings_handler.go:68.58,72.49 3 0
github.com/softivite/puxbay/internal/handlers/settings_handler.go:72.49,75.3 2 0
github.com/softivite/puxbay/internal/handlers/settings_handler.go:77.2,78.13 2 0
github.com/softivite/puxbay/internal/handlers/settings_handler.go:78.13,81.3 2 0
github.com/softivite/puxbay/internal/handlers/settings_handler.go:83.2,84.98 2 0
github.com/softivite/puxbay/internal/handlers/settings_handler.go:84.98,87.3 2 0
github.com/softivite/puxbay/internal/handlers/settings_handler.go:89.2,92.106 3 0
github.com/softivite/puxbay/internal/handlers/settings_handler.go:92.106,95.3 2 0
github.com/softivite/puxbay/internal/handlers/settings_handler.go:97.2,97.30 1 0
github.com/softivite/puxbay/internal/handlers/staff_handler.go:20.103,22.2 1 0
github.com/softivite/puxbay/internal/handlers/staff_handler.go:24.71,26.2 1 0
github.com/softivite/puxbay/internal/handlers/staff_handler.go:28.45,34.16 5 0
github.com/softivite/puxbay/internal/handlers/staff_handler.go:34.16,37.3 2 0
github.com/softivite/puxbay/internal/handlers/staff_handler.go:39.2,39.33 1 0
github.com/softivite/puxbay/internal/handlers/staff_handler.go:53.47,58.47 4 0
github.com/softivite/puxbay/internal/handlers/staff_handler.go:58.47,62.3 3 0
github.com/softivite/puxbay/internal/handlers/staff_handler.go:64.2,74.48 2 0
github.com/softivite/puxbay/internal/handlers/staff_handler.go:74.48,77.3 2 0
github.com/softivite/puxbay/internal/handlers/staff_handler.go:79.2,80.16 2 0
github.com/softivite/puxbay/internal/handlers/staff_handler.go:80.16,83.3 2 0
github.com/softivite/puxbay/internal/handlers/staff_handler.go:85.2,85.37 1 0
github.com/softivite/puxbay/internal/handlers/staff_handler.go:88.44,94.16 5 0
github.com/softivite/puxbay/internal/handlers/staff_handler.go:94.16,97.3 2 0
github.com/softivite/puxbay/internal/handlers/staff_handler.go:99.2,99.32 1 0
github.com/softivite/puxbay/internal/handlers/staff_handler.go:102.47,108.47 5 0
github.com/softivite/puxbay/internal/handlers/staff_handler.go:108.47,111.3 2 0
github.com/softivite/puxbay/internal/handlers/staff_handler.go:113.2,119.48 2 0
github.com/softivite/puxbay/internal/handlers/staff_handler.go:119.48,122.3 2 0
github.com/softivite/puxbay/internal/handlers/staff_handler.go:124.2,125.16 2 0
github.com/softivite/puxbay/internal/handlers/staff_handler.go:125.16,126.39 1 0
github.com/softivite/puxbay/internal/handlers/staff_handler.go:126.39,129.4 2 0
github.com/softivite/puxbay/internal/handlers/staff_handler.go:130.3,131.9 2 0
github.com/softivite/puxbay/internal/handlers/staff_handler.go:134.2,134.32 1 0
github.com/softivite/puxbay/internal/handlers/staff_handler.go:137.47,142.58 4 0
github.com/softivite/puxbay/internal/handlers/staff_handler.go:142.58,145.3 2 0
github.com/softivite/puxbay/internal/handlers/staff_handler.go:147.2,147.35 1 0
github.com/softivite/puxbay/internal/handlers/storefront_handler.go:32.155,34.2 1 0
github.com/softivite/puxbay/internal/handlers/storefront_handler.go:36.84,39.2 2 0
github.com/softivite/puxbay/internal/handlers/storefront_handler.go:47.65,49.47 2 0
github.com/softivite/puxbay/internal/handlers/storefront_handler.go:49.47,52.3 2 0
github.com/softivite/puxbay/internal/handlers/storefront_handler.go:54.2,55.13 2 0
github.com/softivite/puxbay/internal/handlers/storefront_handler.go:55.13,58.3 2 0
github.com/softivite/puxbay/internal/handlers/storefront_handler.go:59.2,64.16 4 0
github.com/softivite/puxbay/internal/handlers/storefront_handler.go:64.16,67.3 2 0
github.com/softivite/puxbay/internal/handlers/storefront_handler.go:69.2,70.80 2 0
github.com/softivite/puxbay/internal/handlers/storefront_handler.go:70.80,71.28 1 0
github.com/softivite/puxbay/internal/handlers/storefront_handler.go:71.28,74.4 2 0
github.com/softivite/puxbay/internal/handlers/storefront_handler.go:75.3,78.50 4 0
github.com/softivite/puxbay/internal/handlers/storefront_handler.go:78.50,81.4 2 0
github.com/softivite/puxbay/internal/handlers/storefront_handler.go:82.8,90.52 2 0
github.com/softivite/puxbay/internal/handlers/storefront_handler.go:90.52,93.4 2 0
github.com/softivite/puxbay/internal/handlers/storefront_handler.go:96.2,97.16 2 0
github.com/softivite/puxbay/internal/handlers/storefront_handler.go:97.16,100.3 2 0
github.com/softivite/puxbay/internal/handlers/storefront_handler.go:102.2,105.4 1 0
github.com/softivite/puxbay/internal/handlers/storefront_handler.go:113.62,115.47 2 0
github.com/softivite/puxbay/internal/handlers/storefront_handler.go:115.47,118.3 2 0
github.com/softivite/puxbay/internal/handlers/storefront_handler.go:120.2,121.13 2 0
github.com/softivite/puxbay/internal/handlers/storefront_handler.go:121.13,124.3 2 0
github.com/softivite/puxbay/internal/handlers/storefront_handler.go:125.2,130.80 4 0
github.com/softivite/puxbay/internal/handlers/storefront_handler.go:130.80,133.3 2 0
github.com/softivite/puxbay/internal/handlers/storefront_handler.go:135.2,135.60 1 0
github.com/softivite/puxbay/internal/handlers/storefront_handler.go:135.60,138.3 2 0
github.com/softivite/puxbay/internal/handlers/storefront_handler.go:140.2,140.72 1 0
github.com/softivite/puxbay/internal/handlers/storefront_handler.go:140.72,143.3 2 0
github.com/softivite/puxbay/internal/handlers/storefront_handler.go:145.2,146.16 2 0
github.com/softivite/puxbay/internal/handlers/storefront_handler.go:146.16,149.3 2 0
github.com/softivite/puxbay/internal/handlers/storefront_handler.go:151.2,154.4 1 0
github.com/softivite/puxbay/internal/handlers/storefront_handler.go:157.62,159.13 2 0
github.com/softivite/puxbay/internal/handlers/storefront_handler.go:159.13,162.3 2 0
github.com/softivite/puxbay/internal/handlers/storefront_handler.go:163.2,167.62 4 0
github.com/softivite/puxbay/internal/handlers/storefront_handler.go:167.62,170.3 2 0
github.com/softivite/puxbay/internal/handlers/storefront_handler.go:172.2,172.33 1 0
github.com/softivite/puxbay/internal/handlers/storefront_handler.go:181.65,183.13 2 0
github.com/softivite/puxbay/internal/handlers/storefront_handler.go:183.13,186.3 2 0
github.com/softivite/puxbay/internal/handlers/storefront_handler.go:187.2,190.47 3 0
github.com/softivite/puxbay/internal/handlers/storefront_handler.go:190.47,193.3 2 0
github.com/softivite/puxbay/internal/handlers/storefront_handler.go:195.2,197.62 3 0
github.com/softivite/puxbay/internal/handlers/storefront_handler.go:197.62,200.3 2 0
github.com/softivite/puxbay/internal/handlers/storefront_handler.go:202.2,203.21 2 0
github.com/softivite/puxbay/internal/handlers/storefront_handler.go:203.21,205.3 1 0
github.com/softivite/puxbay/internal/handlers/storefront_handler.go:205.8,207.3 1 0
github.com/softivite/puxbay/internal/handlers/storefront_handler.go:208.2,208.23 1 0
github.com/softivite/puxbay/internal/handlers/storefront_handler.go:208.23,210.3 1 0
github.com/softivite/puxbay/internal/handlers/storefront_handler.go:210.8,212.3 1 0
github.com/softivite/puxbay/internal/handlers/storefront_handler.go:214.2,214.49 1 0
github.com/softivite/puxbay/internal/handlers/storefront_handler.go:214.49,217.3 2 0
github.com/softivite/puxbay/internal/handlers/storefront_handler.go:219.2,219.33 1 0
github.com/softivite/puxbay/internal/handlers/storefront_handler.go:222.66,224.13 2 0
github.com/softivite/puxbay/internal/handlers/storefront_handler.go:224.13,227.3 2 0
github.com/softivite/puxbay/internal/handlers/storefront_handler.go:228.2,232.126 4 0
github.com/softivite/puxbay/internal/handlers/storefront_handler.go:232.126,235.3 2 0
github.com/softivite/puxbay/internal/handlers/storefront_handler.go:237.2,237.31 1 0
github.com/softivite/puxbay/internal/handlers/storefront_handler.go:241.60,244.2 2 0
github.com/softivite/puxbay/internal/handlers/storefront_handler.go:247.63,249.47 2 0
github.com/softivite/puxbay/internal/handlers/storefront_handler.go:249.47,252.3 2 0
github.com/softivite/puxbay/internal/handlers/storefront_handler.go:254.2,255.16 2 0
github.com/softivite/puxbay/internal/handlers/storefront_handler.go:255.16,258.3 2 0
github.com/softivite/puxbay/internal/handlers/storefront_handler.go:260.2,260.22 1 0
github.com/softivite/puxbay/internal/handlers/storefront_handler.go:260.22,263.3 2 0
github.com/softivite/puxbay/internal/handlers/storefront_handler.go:265.2,265.33 1 0
github.com/softivite/puxbay/internal/handlers/storefront_handler.go:269.63,286.16 5 0
github.com/softivite/puxbay/internal/handlers/storefront_handler.go:286.16,289.3 2 0
github.com/softivite/puxbay/internal/handlers/storefront_handler.go:291.2,297.4 1 0
github.com/softivite/puxbay/internal/handlers/storefront_handler.go:301.63,304.16 3 0
github.com/softivite/puxbay/internal/handlers/storefront_handler.go:304.16,307.3 2 0
github.com/softivite/puxbay/internal/handlers/storefront_handler.go:308.2,308.35 1 0
github.com/softivite/puxbay/internal/handlers/storefront_handler.go:312.59,316.16 3 0
github.com/softivite/puxbay/internal/handlers/storefront_handler.go:316.16,317.42 1 0
github.com/softivite/puxbay/internal/handlers/storefront_handler.go:317.42,320.4 2 0
github.com/softivite/puxbay/internal/handlers/storefront_handler.go:321.3,321.41 1 0
github.com/softivite/puxbay/internal/handlers/storefront_handler.go:321.41,324.4 2 0
github.com/softivite/puxbay/internal/handlers/storefront_handler.go:325.3,326.9 2 0
github.com/softivite/puxbay/internal/handlers/storefront_handler.go:329.2,335.4 1 0
github.com/softivite/puxbay/internal/handlers/storefront_handler.go:339.59,343.16 3 0
github.com/softivite/puxbay/internal/handlers/storefront_handler.go:343.16,344.48 1 0
github.com/softivite/puxbay/internal/handlers/storefront_handler.go:344.48,347.4 2 0
github.com/softivite/puxbay/internal/handlers/storefront_handler.go:348.3,348.39 1 0
github.com/softivite/puxbay/internal/handlers/storefront_handler.go:348.39,351.4 2 0
github.com/softivite/puxbay/internal/handlers/storefront_handler.go:352.3,353.9 2 0
github.com/softivite/puxbay/internal/handlers/storefront_handler.go:356.2,362.4 1 0
github.com/softivite/puxbay/internal/handlers/storefront_handler.go:366.61,374.47 3 0
github.com/softivite/puxbay/internal/handlers/storefront_handler.go:374.47,377.3 2 0
github.com/softivite/puxbay/internal/handlers/storefront_handler.go:379.2,386.16 3 0
github.com/softivite/puxbay/internal/handlers/storefront_handler.go:386.16,387.82 1 0
github.com/softivite/puxbay/internal/handlers/storefront_handler.go:387.82,390.4 2 0
github.com/softivite/puxbay/internal/handlers/storefront_handler.go:391.3,392.9 2 0
github.com/softivite/puxbay/internal/handlers/storefront_handler.go:395.2,395.36 1 0
github.com/softivite/puxbay/internal/handlers/storefront_handler.go:399.68,403.47 2 0
github.com/softivite/puxbay/internal/handlers/storefront_handler.go:403.47,406.3 2 0
github.com/softivite/puxbay/internal/handlers/storefront_handler.go:408.2,408.68 1 0
github.com/softivite/puxbay/internal/handlers/storefront_handler.go:408.68,411.3 2 0
github.com/softivite/puxbay/internal/handlers/storefront_handler.go:413.2,413.82 1 0
github.com/softivite/puxbay/internal/handlers/storefront_handler.go:417.69,422.47 3 0
github.com/softivite/puxbay/internal/handlers/storefront_handler.go:422.47,425.3 2 0
github.com/softivite/puxbay/internal/handlers/storefront_handler.go:427.2,427.80 1 0
github.com/softivite/puxbay/internal/handlers/storefront_handler.go:427.80,428.42 1 0
github.com/softivite/puxbay/internal/handlers/storefront_handler.go:428.42,431.4 2 0
github.com/softivite/puxbay/internal/handlers/storefront_handler.go:432.3,433.9 2 0
github.com/softivite/puxbay/internal/handlers/storefront_handler.go:436.2,436.98 1 0
github.com/softivite/puxbay/internal/handlers/storefront_handler.go:440.60,445.47 2 0
github.com/softivite/puxbay/internal/handlers/storefront_handler.go:445.47,448.3 2 0
github.com/softivite/puxbay/internal/handlers/storefront_handler.go:450.2,451.16 2 0
github.com/softivite/puxbay/internal/handlers/storefront_handler.go:451.16,452.54 1 0
github.com/softivite/puxbay/internal/handlers/storefront_handler.go:452.54,455.4 2 0
github.com/softivite/puxbay/internal/handlers/storefront_handler.go:456.3,456.55 1 0
github.com/softivite/puxbay/internal/handlers/storefront_handler.go:456.55,459.4 2 0
github.com/softivite/puxbay/internal/handlers/storefront_handler.go:460.3,461.9 2 0
github.com/softivite/puxbay/internal/handlers/storefront_handler.go:464.2,468.4 1 0
github.com/softivite/puxbay/internal/handlers/storefront_handler.go:472.60,474.16 2 0
github.com/softivite/puxbay/internal/handlers/storefront_handler.go:474.16,477.3 2 0
github.com/softivite/puxbay/internal/handlers/storefront_handler.go:478.2,478.50 1 0
github.com/softivite/puxbay/internal/handlers/storefront_handler.go:482.61,484.47 2 0
github.com/softivite/puxbay/internal/handlers/storefront_handler.go:484.47,487.3 2 0
github.com/softivite/puxbay/internal/handlers/storefront_handler.go:488.2,488.56 1 0
github.com/softivite/puxbay/internal/handlers/storefront_handler.go:488.56,491.3 2 0
github.com/softivite/puxbay/internal/handlers/storefront_handler.go:492.2,492.33 1 0
github.com/softivite/puxbay/internal/handlers/storefront_handler.go:496.61,500.47 3 0
github.com/softivite/puxbay/internal/handlers/storefront_handler.go:500.47,503.3 2 0
github.com/softivite/puxbay/internal/handlers/storefront_handler.go:505.2,506.16 2 0
github.com/softivite/puxbay/internal/handlers/storefront_handler.go:506.16,507.41 1 0
github.com/softivite/puxbay/internal/handlers/storefront_handler.go:507.41,510.4 2 0
github.com/softivite/puxbay/internal/handlers/storefront_handler.go:511.3,511.40 1 0
github.com/softivite/puxbay/internal/handlers/storefront_handler.go:511.40,514.4 2 0
github.com/softivite/puxbay/internal/handlers/storefront_handler.go:515.3,516.9 2 0
github.com/softivite/puxbay/internal/handlers/storefront_handler.go:519.2,519.31 1 0
github.com/softivite/puxbay/internal/handlers/storefront_handler.go:522.61,525.2 1 0
github.com/softivite/puxbay/internal/handlers/storefront_handler.go:527.56,530.88 3 0
github.com/softivite/puxbay/internal/handlers/storefront_handler.go:530.88,533.3 2 0
github.com/softivite/puxbay/internal/handlers/storefront_handler.go:534.2,534.43 1 0
github.com/softivite/puxbay/internal/handlers/storefront_handler.go:542.99,544.76 2 0
github.com/softivite/puxbay/internal/handlers/storefront_handler.go:544.76,546.48 2 0
github.com/softivite/puxbay/internal/handlers/storefront_handler.go:546.48,548.4 1 0
github.com/softivite/puxbay/internal/handlers/storefront_handler.go:551.2,552.28 2 0
github.com/softivite/puxbay/internal/handlers/storefront_handler.go:552.28,553.63 1 0
github.com/softivite/puxbay/internal/handlers/storefront_handler.go:553.63,555.4 1 0
github.com/softivite/puxbay/internal/handlers/storefront_handler.go:556.8,558.3 1 0
github.com/softivite/puxbay/internal/handlers/storefront_handler.go:559.2,559.26 1 0
github.com/softivite/puxbay/internal/handlers/storefront_handler.go:563.58,565.47 2 0
github.com/softivite/puxbay/internal/handlers/storefront_handler.go:565.47,568.3 2 0
github.com/softivite/puxbay/internal/handlers/storefront_handler.go:570.2,571.21 2 0
github.com/softivite/puxbay/internal/handlers/storefront_handler.go:571.21,574.3 2 0
github.com/softivite/puxbay/internal/handlers/storefront_handler.go:576.2,578.16 3 0
github.com/softivite/puxbay/internal/handlers/storefront_handler.go:578.16,581.3 2 0
github.com/softivite/puxbay/internal/handlers/storefront_handler.go:583.2,584.29 2 0
github.com/softivite/puxbay/internal/handlers/storefront_handler.go:584.29,585.38 1 0
github.com/softivite/puxbay/internal/handlers/storefront_handler.go:585.38,588.9 3 0
github.com/softivite/puxbay/internal/handlers/storefront_handler.go:591.2,591.12 1 0
github.com/softivite/puxbay/internal/handlers/storefront_handler.go:591.12,593.3 1 0
github.com/softivite/puxbay/internal/handlers/storefront_handler.go:595.2,599.77 4 0
github.com/softivite/puxbay/internal/handlers/storefront_handler.go:602.59,604.47 2 0
github.com/softivite/puxbay/internal/handlers/storefront_handler.go:604.47,607.3 2 0
github.com/softivite/puxbay/internal/handlers/storefront_handler.go:609.2,610.21 2 0
github.com/softivite/puxbay/internal/handlers/storefront_handler.go:610.21,613.3 2 0
github.com/softivite/puxbay/internal/handlers/storefront_handler.go:615.2,617.16 3 0
github.com/softivite/puxbay/internal/handlers/storefront_handler.go:617.16,620.3 2 0
github.com/softivite/puxbay/internal/handlers/storefront_handler.go:622.2,622.29 1 0
github.com/softivite/puxbay/internal/handlers/storefront_handler.go:622.29,623.38 1 0
github.com/softivite/puxbay/internal/handlers/storefront_handler.go:623.38,625.9 2 0
github.com/softivite/puxbay/internal/handlers/storefront_handler.go:629.2,633.79 4 0
github.com/softivite/puxbay/internal/handlers/storefront_handler.go:636.63,639.21 3 0
github.com/softivite/puxbay/internal/handlers/storefront_handler.go:639.21,642.3 2 0
github.com/softivite/puxbay/internal/handlers/storefront_handler.go:644.2,646.16 3 0
github.com/softivite/puxbay/internal/handlers/storefront_handler.go:646.16,649.3 2 0
github.com/softivite/puxbay/internal/handlers/storefront_handler.go:651.2,652.29 2 0
github.com/softivite/puxbay/internal/handlers/storefront_handler.go:652.29,653.27 1 0
github.com/softivite/puxbay/internal/handlers/storefront_handler.go:653.27,655.4 1 0
github.com/softivite/puxbay/internal/handlers/storefront_handler.go:658.2,664.79 5 0
github.com/softivite/puxbay/internal/handlers/storefront_handler.go:677.71,679.47 2 0
github.com/softivite/puxbay/internal/handlers/storefront_handler.go:679.47,682.3 2 0
github.com/softivite/puxbay/internal/handlers/storefront_handler.go:684.2,686.35 2 0
github.com/softivite/puxbay/internal/handlers/storefront_handler.go:686.35,687.26 1 0
github.com/softivite/puxbay/internal/handlers/storefront_handler.go:687.26,690.4 2 0
github.com/softivite/puxbay/internal/handlers/storefront_handler.go:692.3,694.17 3 0
github.com/softivite/puxbay/internal/handlers/storefront_handler.go:694.17,697.4 2 0
github.com/softivite/puxbay/internal/handlers/storefront_handler.go:698.3,702.17 4 0
github.com/softivite/puxbay/internal/handlers/storefront_handler.go:702.17,705.4 2 0
github.com/softivite/puxbay/internal/handlers/storefront_handler.go:706.3,718.61 4 0
github.com/softivite/puxbay/internal/handlers/storefront_handler.go:718.61,721.4 2 0
github.com/softivite/puxbay/internal/handlers/storefront_handler.go:723.3,723.68 1 0
github.com/softivite/puxbay/internal/handlers/storefront_handler.go:723.68,726.4 2 0
github.com/softivite/puxbay/internal/handlers/storefront_handler.go:729.3,730.50 2 0
github.com/softivite/puxbay/internal/handlers/storefront_handler.go:730.50,734.4 2 0
github.com/softivite/puxbay/internal/handlers/storefront_handler.go:738.2,738.60 1 0
github.com/softivite/puxbay/internal/handlers/storefront_handler.go:738.60,740.27 2 0
github.com/softivite/puxbay/internal/handlers/storefront_handler.go:740.27,743.4 2 0
github.com/softivite/puxbay/internal/handlers/storefront_handler.go:745.3,748.34 3 0
github.com/softivite/puxbay/internal/handlers/storefront_handler.go:748.34,752.96 3 0
github.com/softivite/puxbay/internal/handlers/storefront_handler.go:752.96,754.5 1 0
github.com/softivite/puxbay/internal/handlers/storefront_handler.go:756.4,766.42 4 0
github.com/softivite/puxbay/internal/handlers/storefront_handler.go:769.3,770.31 2 0
github.com/softivite/puxbay/internal/handlers/storefront_handler.go:770.31,772.4 1 0
github.com/softivite/puxbay/internal/handlers/storefront_handler.go:774.3,775.39 2 0
github.com/softivite/puxbay/internal/handlers/storefront_handler.go:775.39,777.4 1 0
github.com/softivite/puxbay/internal/handlers/storefront_handler.go:779.3,792.49 2 0
github.com/softivite/puxbay/internal/handlers/storefront_handler.go:792.49,794.4 1 0
github.com/softivite/puxbay/internal/handlers/storefront_handler.go:796.3,796.22 1 0
github.com/softivite/puxbay/internal/handlers/storefront_handler.go:796.22,798.4 1 0
github.com/softivite/puxbay/internal/handlers/storefront_handler.go:800.3,800.13 1 0
github.com/softivite/puxbay/internal/handlers/storefront_handler.go:803.2,803.16 1 0
github.com/softivite/puxbay/internal/handlers/storefront_handler.go:803.16,806.3 2 0
github.com/softivite/puxbay/internal/handlers/storefront_handler.go:808.2,808.81 1 0
github.com/softivite/puxbay/internal/handlers/storefront_handler.go:811.64,815.47 2 0
github.com/softivite/puxbay/internal/handlers/storefront_handler.go:815.47,818.3 2 0
github.com/softivite/puxbay/internal/handlers/storefront_handler.go:820.2,821.21 2 0
github.com/softivite/puxbay/internal/handlers/storefront_handler.go:821.21,824.3 2 0
github.com/softivite/puxbay/internal/handlers/storefront_handler.go:826.2,828.16 3 0
github.com/softivite/puxbay/internal/handlers/storefront_handler.go:828.16,831.3 2 0
github.com/softivite/puxbay/internal/handlers/storefront_handler.go:833.2,834.44 2 0
github.com/softivite/puxbay/internal/handlers/storefront_handler.go:834.44,837.3 2 0
github.com/softivite/puxbay/internal/handlers/storefront_handler.go:839.2,839.58 1 0
github.com/softivite/puxbay/internal/handlers/storefront_handler.go:842.35,846.2 3 0
github.com/softivite/puxbay/internal/handlers/storefront_handler.go:848.36,852.2 3 0
github.com/softivite/puxbay/internal/handlers/storefront_handler.go:854.63,858.25 3 0
github.com/softivite/puxbay/internal/handlers/storefront_handler.go:858.25,861.3 2 0
github.com/softivite/puxbay/internal/handlers/storefront_handler.go:863.2,868.16 5 0
github.com/softivite/puxbay/internal/handlers/storefront_handler.go:868.16,873.3 3 0
github.com/softivite/puxbay/internal/handlers/storefront_handler.go:873.8,877.3 2 0
github.com/softivite/puxbay/internal/handlers/storefront_handler.go:880.61,882.2 1 0
github.com/softivite/puxbay/internal/handlers/storefront_handler.go:889.70,891.47 2 0
github.com/softivite/puxbay/internal/handlers/storefront_handler.go:891.47,894.3 2 0
github.com/softivite/puxbay/internal/handlers/storefront_handler.go:896.2,897.21 2 0
github.com/softivite/puxbay/internal/handlers/storefront_handler.go:897.21,900.3 2 0
github.com/softivite/puxbay/internal/handlers/storefront_handler.go:902.2,903.13 2 0
github.com/softivite/puxbay/internal/handlers/storefront_handler.go:903.13,906.3 2 0
github.com/softivite/puxbay/internal/handlers/storefront_handler.go:907.2,911.76 4 0
github.com/softivite/puxbay/internal/handlers/storefront_handler.go:911.76,914.3 2 0
github.com/softivite/puxbay/internal/handlers/storefront_handler.go:916.2,916.22 1 0
github.com/softivite/puxbay/internal/handlers/storefront_handler.go:916.22,919.3 2 0
github.com/softivite/puxbay/internal/handlers/storefront_handler.go:921.2,922.16 2 0
github.com/softivite/puxbay/internal/handlers/storefront_handler.go:922.16,925.3 2 0
github.com/softivite/puxbay/internal/handlers/storefront_handler.go:927.2,928.81 2 0
github.com/softivite/puxbay/internal/handlers/storefront_handler.go:928.81,929.28 1 0
github.com/softivite/puxbay/internal/handlers/storefront_handler.go:929.28,932.4 2 0
github.com/softivite/puxbay/internal/handlers/storefront_handler.go:933.3,936.50 4 0
github.com/softivite/puxbay/internal/handlers/storefront_handler.go:936.50,939.4 2 0
github.com/softivite/puxbay/internal/handlers/storefront_handler.go:940.8,948.52 2 0
github.com/softivite/puxbay/internal/handlers/storefront_handler.go:948.52,951.4 2 0
github.com/softivite/puxbay/internal/handlers/storefront_handler.go:954.2,955.16 2 0
github.com/softivite/puxbay/internal/handlers/storefront_handler.go:955.16,958.3 2 0
github.com/softivite/puxbay/internal/handlers/storefront_handler.go:960.2,963.4 1 0
github.com/softivite/puxbay/internal/handlers/storefront_handler.go:966.68,968.13 2 0
github.com/softivite/puxbay/internal/handlers/storefront_handler.go:968.13,971.3 2 0
github.com/softivite/puxbay/internal/handlers/storefront_handler.go:972.2,976.87 4 0
github.com/softivite/puxbay/internal/handlers/storefront_handler.go:976.87,979.3 2 0
github.com/softivite/puxbay/internal/handlers/storefront_handler.go:981.2,982.30 2 0
github.com/softivite/puxbay/internal/handlers/storefront_handler.go:982.30,984.3 1 0
github.com/softivite/puxbay/internal/handlers/storefront_handler.go:986.2,986.57 1 0
github.com/softivite/puxbay/internal/handlers/storefront_handler.go:989.71,991.13 2 0
github.com/softivite/puxbay/internal/handlers/storefront_handler.go:991.13,994.3 2 0
github.com/softivite/puxbay/internal/handlers/storefront_handler.go:995.2,999.16 4 0
github.com/softivite/puxbay/internal/handlers/storefront_handler.go:999.16,1002.3 2 0
github.com/softivite/puxbay/internal/handlers/storefront_handler.go:1004.2,1007.16 4 0
github.com/softivite/puxbay/internal/handlers/storefront_handler.go:1007.16,1012.3 3 0
github.com/softivite/puxbay/internal/handlers/storefront_handler.go:1012.8,1016.3 2 0
github.com/softivite/puxbay/internal/handlers/supplier_handler.go:15.55,17.2 1 0
github.com/softivite/puxbay/internal/handlers/supplier_handler.go:19.77,21.2 1 0
github.com/softivite/puxbay/internal/handlers/supplier_handler.go:23.48,25.16 2 0
github.com/softivite/puxbay/internal/handlers/supplier_handler.go:25.16,28.3 2 0
github.com/softivite/puxbay/internal/handlers/supplier_handler.go:29.2,29.34 1 0
github.com/softivite/puxbay/internal/handlers/supplier_handler.go:43.50,45.47 2 0
github.com/softivite/puxbay/internal/handlers/supplier_handler.go:45.47,48.3 2 0
github.com/softivite/puxbay/internal/handlers/supplier_handler.go:50.2,62.16 3 0
github.com/softivite/puxbay/internal/handlers/supplier_handler.go:62.16,65.3 2 0
github.com/softivite/puxbay/internal/handlers/supplier_handler.go:67.2,67.38 1 0
github.com/softivite/puxbay/internal/handlers/supplier_handler.go:70.47,74.16 3 0
github.com/softivite/puxbay/internal/handlers/supplier_handler.go:74.16,77.3 2 0
github.com/softivite/puxbay/internal/handlers/supplier_handler.go:79.2,79.33 1 0
github.com/softivite/puxbay/internal/handlers/supplier_handler.go:82.50,86.47 3 0
github.com/softivite/puxbay/internal/handlers/supplier_handler.go:86.47,89.3 2 0
github.com/softivite/puxbay/internal/handlers/supplier_handler.go:91.2,103.16 3 0
github.com/softivite/puxbay/internal/handlers/supplier_handler.go:103.16,104.42 1 0
github.com/softivite/puxbay/internal/handlers/supplier_handler.go:104.42,107.4 2 0
github.com/softivite/puxbay/internal/handlers/supplier_handler.go:108.3,109.9 2 0
github.com/softivite/puxbay/internal/handlers/supplier_handler.go:112.2,112.33 1 0
github.com/softivite/puxbay/internal/handlers/supplier_handler.go:115.50,118.56 2 0
github.com/softivite/puxbay/internal/handlers/supplier_handler.go:118.56,121.3 2 0
github.com/softivite/puxbay/internal/handlers/supplier_handler.go:123.2,123.35 1 0
github.com/softivite/puxbay/internal/handlers/supplier_handler.go:126.56,129.16 3 0
github.com/softivite/puxbay/internal/handlers/supplier_handler.go:129.16,132.3 2 0
github.com/softivite/puxbay/internal/handlers/supplier_handler.go:133.2,133.33 1 0
github.com/softivite/puxbay/internal/handlers/supplier_handler.go:142.54,145.47 3 0
github.com/softivite/puxbay/internal/handlers/supplier_handler.go:145.47,148.3 2 0
github.com/softivite/puxbay/internal/handlers/supplier_handler.go:150.2,157.16 3 0
github.com/softivite/puxbay/internal/handlers/supplier_handler.go:157.16,160.3 2 0
github.com/softivite/puxbay/internal/handlers/supplier_handler.go:161.2,161.37 1 0
github.com/softivite/puxbay/internal/handlers/supplier_handler.go:164.54,167.16 3 0
github.com/softivite/puxbay/internal/handlers/supplier_handler.go:167.16,170.3 2 0
github.com/softivite/puxbay/internal/handlers/supplier_handler.go:171.2,171.32 1 0
github.com/softivite/puxbay/internal/handlers/supplier_handler.go:181.53,184.47 3 0
github.com/softivite/puxbay/internal/handlers/supplier_handler.go:184.47,187.3 2 0
github.com/softivite/puxbay/internal/handlers/supplier_handler.go:189.2,197.16 3 0
github.com/softivite/puxbay/internal/handlers/supplier_handler.go:197.16,200.3 2 0
github.com/softivite/puxbay/internal/handlers/supplier_handler.go:201.2,201.35 1 0
github.com/softivite/puxbay/internal/handlers/sync_handler.go:14.47,16.2 1 0
github.com/softivite/puxbay/internal/handlers/sync_handler.go:19.48,26.51 2 0
github.com/softivite/puxbay/internal/handlers/sync_handler.go:26.51,29.3 2 0
github.com/softivite/puxbay/internal/handlers/sync_handler.go:32.2,33.45 2 0
github.com/softivite/puxbay/internal/handlers/sync_handler.go:33.45,36.3 2 0
github.com/softivite/puxbay/internal/handlers/sync_handler.go:43.2,43.41 1 0
github.com/softivite/puxbay/internal/handlers/sync_handler.go:43.41,46.3 1 0
github.com/softivite/puxbay/internal/handlers/sync_handler.go:49.2,53.4 1 0
github.com/softivite/puxbay/internal/handlers/user_profile_handler.go:19.61,21.2 1 0
github.com/softivite/puxbay/internal/handlers/user_profile_handler.go:23.83,25.2 1 0
github.com/softivite/puxbay/internal/handlers/user_profile_handler.go:29.51,33.16 3 0
github.com/softivite/puxbay/internal/handlers/user_profile_handler.go:33.16,36.3 2 0
github.com/softivite/puxbay/internal/handlers/user_profile_handler.go:38.2,38.33 1 0
github.com/softivite/puxbay/internal/handlers/user_profile_handler.go:43.50,48.16 4 0
github.com/softivite/puxbay/internal/handlers/user_profile_handler.go:48.16,51.3 2 0
github.com/softivite/puxbay/internal/handlers/user_profile_handler.go:53.2,53.32 1 0
github.com/softivite/puxbay/internal/handlers/user_profile_handler.go:66.53,71.47 4 0
github.com/softivite/puxbay/internal/handlers/user_profile_handler.go:71.47,74.3 2 0
github.com/softivite/puxbay/internal/handlers/user_profile_handler.go:76.2,84.16 3 0
github.com/softivite/puxbay/internal/handlers/user_profile_handler.go:84.16,85.46 1 0
github.com/softivite/puxbay/internal/handlers/user_profile_handler.go:85.46,88.4 2 0
github.com/softivite/puxbay/internal/handlers/user_profile_handler.go:89.3,90.9 2 0
github.com/softivite/puxbay/internal/handlers/user_profile_handler.go:93.2,93.32 1 0
github.com/softivite/puxbay/internal/handlers/wallet_handler.go:18.57,20.2 1 0
github.com/softivite/puxbay/internal/handlers/wallet_handler.go:22.76,24.2 1 0
github.com/softivite/puxbay/internal/handlers/wallet_handler.go:26.54,31.16 4 0
github.com/softivite/puxbay/internal/handlers/wallet_handler.go:31.16,32.93 1 0
github.com/softivite/puxbay/internal/handlers/wallet_handler.go:32.93,35.4 2 0
github.com/softivite/puxbay/internal/handlers/wallet_handler.go:36.3,37.9 2 0
github.com/softivite/puxbay/internal/handlers/wallet_handler.go:40.2,45.4 1 0
github.com/softivite/puxbay/internal/handlers/wallet_handler.go:48.59,52.47 2 0
github.com/softivite/puxbay/internal/handlers/wallet_handler.go:52.47,55.3 2 0
github.com/softivite/puxbay/internal/handlers/wallet_handler.go:57.2,58.16 2 0
github.com/softivite/puxbay/internal/handlers/wallet_handler.go:58.16,61.3 2 0
github.com/softivite/puxbay/internal/handlers/wallet_handler.go:63.2,67.4 1 0
github.com/softivite/puxbay/internal/handlers/wallet_handler.go:70.57,74.16 3 0
github.com/softivite/puxbay/internal/handlers/wallet_handler.go:74.16,77.3 2 0
github.com/softivite/puxbay/internal/handlers/wallet_handler.go:79.2,79.55 1 0
github.com/softivite/puxbay/internal/handlers/wallet_handler.go:82.59,84.47 2 0
github.com/softivite/puxbay/internal/handlers/wallet_handler.go:84.47,87.3 2 0
github.com/softivite/puxbay/internal/handlers/wallet_handler.go:89.2,89.58 1 0
github.com/softivite/puxbay/internal/handlers/wallet_handler.go:89.58,92.3 2 0
github.com/softivite/puxbay/internal/handlers/wallet_handler.go:93.2,93.33 1 0
github.com/softivite/puxbay/internal/handlers/wallet_handler.go:96.67,100.16 3 0
github.com/softivite/puxbay/internal/handlers/wallet_handler.go:100.16,103.3 2 0
github.com/softivite/puxbay/internal/handlers/wallet_handler.go:105.2,105.60 1 0
github.com/softivite/puxbay/internal/handlers/wallet_handler.go:108.64,115.47 3 0
github.com/softivite/puxbay/internal/handlers/wallet_handler.go:115.47,118.3 2 0
github.com/softivite/puxbay/internal/handlers/wallet_handler.go:120.2,126.16 3 0
github.com/softivite/puxbay/internal/handlers/wallet_handler.go:126.16,127.43 1 0
github.com/softivite/puxbay/internal/handlers/wallet_handler.go:127.43,130.4 2 0
github.com/softivite/puxbay/internal/handlers/wallet_handler.go:131.3,132.9 2 0
github.com/softivite/puxbay/internal/handlers/wallet_handler.go:135.2,139.4 1 0
github.com/softivite/puxbay/internal/handlers/wallet_handler.go:142.55,146.16 3 0
github.com/softivite/puxbay/internal/handlers/wallet_handler.go:146.16,147.84 1 0
github.com/softivite/puxbay/internal/handlers/wallet_handler.go:147.84,150.4 2 0
github.com/softivite/puxbay/internal/handlers/wallet_handler.go:151.3,152.9 2 0
github.com/softivite/puxbay/internal/handlers/wallet_handler.go:155.2,159.4 1 0
github.com/softivite/puxbay/internal/handlers/wallet_handler.go:162.61,165.127 3 0
github.com/softivite/puxbay/internal/handlers/wallet_handler.go:165.127,168.3 2 0
github.com/softivite/puxbay/internal/handlers/wallet_handler.go:169.2,169.50 1 0
github.com/softivite/puxbay/internal/handlers/wallet_handler.go:178.50,180.47 2 0
github.com/softivite/puxbay/internal/handlers/wallet_handler.go:180.47,183.3 2 0
github.com/softivite/puxbay/internal/handlers/wallet_handler.go:184.2,184.60 1 0
github.com/softivite/puxbay/internal/handlers/wallet_handler.go:184.60,187.127 2 0
github.com/softivite/puxbay/internal/handlers/wallet_handler.go:187.127,189.4 1 0
github.com/softivite/puxbay/internal/handlers/wallet_handler.go:192.3,192.117 1 0
github.com/softivite/puxbay/internal/handlers/wallet_handler.go:192.117,194.4 1 0
github.com/softivite/puxbay/internal/handlers/wallet_handler.go:196.3,203.36 2 0
github.com/softivite/puxbay/internal/handlers/wallet_handler.go:206.2,206.16 1 0
github.com/softivite/puxbay/internal/handlers/wallet_handler.go:206.16,209.3 2 0
github.com/softivite/puxbay/internal/handlers/wallet_handler.go:210.2,210.50 1 0
github.com/softivite/puxbay/internal/handlers/wallet_handler.go:219.53,221.47 2 0
github.com/softivite/puxbay/internal/handlers/wallet_handler.go:221.47,224.3 2 0
github.com/softivite/puxbay/internal/handlers/wallet_handler.go:226.2,226.60 1 0
github.com/softivite/puxbay/internal/handlers/wallet_handler.go:226.60,229.129 2 0
github.com/softivite/puxbay/internal/handlers/wallet_handler.go:229.129,231.4 1 0
github.com/softivite/puxbay/internal/handlers/wallet_handler.go:232.3,232.38 1 0
github.com/softivite/puxbay/internal/handlers/wallet_handler.go:232.38,234.4 1 0
github.com/softivite/puxbay/internal/handlers/wallet_handler.go:236.3,237.129 2 0
github.com/softivite/puxbay/internal/handlers/wallet_handler.go:237.129,239.4 1 0
github.com/softivite/puxbay/internal/handlers/wallet_handler.go:242.3,242.115 1 0
github.com/softivite/puxbay/internal/handlers/wallet_handler.go:242.115,244.4 1 0
github.com/softivite/puxbay/internal/handlers/wallet_handler.go:245.3,245.117 1 0
github.com/softivite/puxbay/internal/handlers/wallet_handler.go:245.117,247.4 1 0
github.com/softivite/puxbay/internal/handlers/wallet_handler.go:249.3,262.49 3 0
github.com/softivite/puxbay/internal/handlers/wallet_handler.go:262.49,264.4 1 0
github.com/softivite/puxbay/internal/handlers/wallet_handler.go:265.3,265.32 1 0
github.com/softivite/puxbay/internal/handlers/wallet_handler.go:268.2,268.16 1 0
github.com/softivite/puxbay/internal/handlers/wallet_handler.go:268.16,271.3 2 0
github.com/softivite/puxbay/internal/handlers/wallet_handler.go:272.2,272.53 1 0
github.com/softivite/puxbay/internal/handlers/webhook_handler.go:16.53,18.2 1 0
github.com/softivite/puxbay/internal/handlers/webhook_handler.go:20.57,22.2 1 0
github.com/softivite/puxbay/internal/handlers/webhook_handler.go:24.47,27.50 3 0
github.com/softivite/puxbay/internal/handlers/webhook_handler.go:27.50,30.3 2 0
github.com/softivite/puxbay/internal/handlers/webhook_handler.go:31.2,31.34 1 0
github.com/softivite/puxbay/internal/handlers/webhook_handler.go:34.49,37.52 3 0
github.com/softivite/puxbay/internal/handlers/webhook_handler.go:37.52,40.3 2 0
github.com/softivite/puxbay/internal/handlers/webhook_handler.go:42.2,42.27 1 0
github.com/softivite/puxbay/internal/handlers/webhook_handler.go:42.27,44.3 1 0
github.com/softivite/puxbay/internal/handlers/webhook_handler.go:46.2,46.51 1 0
github.com/softivite/puxbay/internal/handlers/webhook_handler.go:46.51,49.3 2 0
github.com/softivite/puxbay/internal/handlers/webhook_handler.go:50.2,50.38 1 0
github.com/softivite/puxbay/internal/handlers/webhook_handler.go:53.49,57.81 3 0
github.com/softivite/puxbay/internal/handlers/webhook_handler.go:57.81,60.3 2 0
github.com/softivite/puxbay/internal/handlers/webhook_handler.go:61.2,61.60 1 0
github.com/softivite/puxbay/internal/workers/accounting_sync.go:22.102,28.16 2 0
github.com/softivite/puxbay/internal/workers/accounting_sync.go:28.16,30.3 1 0
github.com/softivite/puxbay/internal/workers/accounting_sync.go:31.2,35.8 1 0
github.com/softivite/puxbay/internal/workers/accounting_sync.go:38.88,40.56 2 0
github.com/softivite/puxbay/internal/workers/accounting_sync.go:40.56,42.3 1 0
github.com/softivite/puxbay/internal/workers/accounting_sync.go:44.2,45.16 2 0
github.com/softivite/puxbay/internal/workers/accounting_sync.go:45.16,47.3 1 0
github.com/softivite/puxbay/internal/workers/accounting_sync.go:49.2,55.148 5 0
github.com/softivite/puxbay/internal/workers/accounting_sync.go:55.148,57.3 1 0
github.com/softivite/puxbay/internal/workers/accounting_sync.go:59.2,59.51 1 0
github.com/softivite/puxbay/internal/workers/accounting_sync.go:59.51,64.109 3 0
github.com/softivite/puxbay/internal/workers/accounting_sync.go:64.109,67.4 2 0
github.com/softivite/puxbay/internal/workers/accounting_sync.go:70.3,71.156 2 0
github.com/softivite/puxbay/internal/workers/accounting_sync.go:71.156,73.4 1 0
github.com/softivite/puxbay/internal/workers/accounting_sync.go:76.3,79.32 3 0
github.com/softivite/puxbay/internal/workers/accounting_sync.go:79.32,85.37 5 0
github.com/softivite/puxbay/internal/workers/accounting_sync.go:85.37,88.5 1 0
github.com/softivite/puxbay/internal/workers/accounting_sync.go:92.3,109.13 6 0
github.com/softivite/puxbay/internal/workers/billing_worker.go:15.61,16.12 1 0
github.com/softivite/puxbay/internal/workers/billing_worker.go:16.12,24.7 5 0
github.com/softivite/puxbay/internal/workers/billing_worker.go:24.7,27.4 2 0
github.com/softivite/puxbay/internal/workers/billing_worker.go:31.73,34.116 2 0
github.com/softivite/puxbay/internal/workers/billing_worker.go:34.116,37.3 2 0
github.com/softivite/puxbay/internal/workers/billing_worker.go:39.2,41.36 2 0
github.com/softivite/puxbay/internal/workers/billing_worker.go:41.36,43.65 1 0
github.com/softivite/puxbay/internal/workers/billing_worker.go:43.65,44.12 1 0
github.com/softivite/puxbay/internal/workers/billing_worker.go:48.3,48.90 1 0
github.com/softivite/puxbay/internal/workers/billing_worker.go:48.90,49.12 1 0
github.com/softivite/puxbay/internal/workers/billing_worker.go:52.3,54.31 2 0
github.com/softivite/puxbay/internal/workers/billing_worker.go:54.31,58.21 2 0
github.com/softivite/puxbay/internal/workers/billing_worker.go:58.21,61.5 2 0
github.com/softivite/puxbay/internal/workers/billing_worker.go:61.10,61.28 1 0
github.com/softivite/puxbay/internal/workers/billing_worker.go:61.28,65.5 2 0
github.com/softivite/puxbay/internal/workers/billing_worker.go:65.10,65.46 1 0
github.com/softivite/puxbay/internal/workers/billing_worker.go:65.46,70.5 3 0
github.com/softivite/puxbay/internal/workers/billing_worker.go:71.9,71.38 1 0
github.com/softivite/puxbay/internal/workers/billing_worker.go:71.38,74.4 2 0
github.com/softivite/puxbay/internal/workers/billing_worker.go:76.3,76.16 1 0
github.com/softivite/puxbay/internal/workers/billing_worker.go:76.16,78.4 1 0
github.com/softivite/puxbay/internal/workers/cart_recovery.go:19.70,20.12 1 0
github.com/softivite/puxbay/internal/workers/cart_recovery.go:20.12,26.7 4 0
github.com/softivite/puxbay/internal/workers/cart_recovery.go:26.7,29.4 2 0
github.com/softivite/puxbay/internal/workers/cart_recovery.go:33.68,43.48 3 0
github.com/softivite/puxbay/internal/workers/cart_recovery.go:43.48,46.3 2 0
github.com/softivite/puxbay/internal/workers/cart_recovery.go:48.2,48.33 1 0
github.com/softivite/puxbay/internal/workers/cart_recovery.go:48.33,49.30 1 0
github.com/softivite/puxbay/internal/workers/cart_recovery.go:49.30,50.12 1 0
github.com/softivite/puxbay/internal/workers/cart_recovery.go:54.3,54.49 1 0
github.com/softivite/puxbay/internal/workers/cart_recovery.go:54.49,55.103 1 0
github.com/softivite/puxbay/internal/workers/cart_recovery.go:55.103,57.5 1 0
github.com/softivite/puxbay/internal/workers/cart_recovery.go:59.4,62.68 2 0
github.com/softivite/puxbay/internal/workers/cart_recovery.go:62.68,64.5 1 0
github.com/softivite/puxbay/internal/workers/cart_recovery.go:66.4,66.22 1 0
github.com/softivite/puxbay/internal/workers/cart_recovery.go:66.22,69.32 2 0
github.com/softivite/puxbay/internal/workers/cart_recovery.go:69.32,74.20 3 0
github.com/softivite/puxbay/internal/workers/cart_recovery.go:74.20,76.15 2 0
github.com/softivite/puxbay/internal/workers/cart_recovery.go:80.6,81.49 2 0
github.com/softivite/puxbay/internal/workers/cart_recovery.go:81.49,83.7 1 0
github.com/softivite/puxbay/internal/workers/cart_recovery.go:86.4,86.14 1 0
github.com/softivite/puxbay/internal/workers/cart_recovery.go:89.3,89.17 1 0
github.com/softivite/puxbay/internal/workers/cart_recovery.go:89.17,91.4 1 0
github.com/softivite/puxbay/internal/workers/cart_recovery.go:95.68,108.16 3 0
github.com/softivite/puxbay/internal/workers/cart_recovery.go:108.16,111.17 2 0
github.com/softivite/puxbay/internal/workers/cart_recovery.go:111.17,113.4 1 0
github.com/softivite/puxbay/internal/workers/cart_recovery.go:116.2,118.54 3 0
github.com/softivite/puxbay/internal/workers/cart_recovery.go:118.54,120.3 1 0
github.com/softivite/puxbay/internal/workers/cart_recovery.go:122.2,122.46 1 0
github.com/softivite/puxbay/internal/workers/cart_recovery.go:122.46,125.3 2 0
github.com/softivite/puxbay/internal/workers/cart_recovery.go:127.2,129.76 3 0
github.com/softivite/puxbay/internal/workers/price_sync.go:16.83,18.56 2 0
github.com/softivite/puxbay/internal/workers/price_sync.go:18.56,20.3 1 0
github.com/softivite/puxbay/internal/workers/price_sync.go:22.2,25.12 2 0
github.com/softivite/puxbay/internal/workers/print_worker.go:19.69,21.16 2 0
github.com/softivite/puxbay/internal/workers/print_worker.go:21.16,23.3 1 0
github.com/softivite/puxbay/internal/workers/print_worker.go:24.2,26.16 3 0
github.com/softivite/puxbay/internal/workers/print_worker.go:26.16,28.3 1 0
github.com/softivite/puxbay/internal/workers/print_worker.go:29.2,30.12 2 0
github.com/softivite/puxbay/internal/workers/print_worker.go:34.82,36.56 2 0
github.com/softivite/puxbay/internal/workers/print_worker.go:36.56,38.3 1 0
github.com/softivite/puxbay/internal/workers/print_worker.go:40.2,44.83 3 0
github.com/softivite/puxbay/internal/workers/print_worker.go:44.83,48.3 2 0
github.com/softivite/puxbay/internal/workers/print_worker.go:51.2,51.81 1 0
github.com/softivite/puxbay/internal/workers/print_worker.go:51.81,54.3 2 0
github.com/softivite/puxbay/internal/workers/print_worker.go:56.2,57.12 2 0
github.com/softivite/puxbay/internal/workers/webhook_sender.go:32.132,39.16 2 0
github.com/softivite/puxbay/internal/workers/webhook_sender.go:39.16,41.3 1 0
github.com/softivite/puxbay/internal/workers/webhook_sender.go:42.2,46.8 1 0
github.com/softivite/puxbay/internal/workers/webhook_sender.go:52.89,54.56 2 0
github.com/softivite/puxbay/internal/workers/webhook_sender.go:54.56,56.3 1 0
github.com/softivite/puxbay/internal/workers/webhook_sender.go:59.2,60.98 2 0
github.com/softivite/puxbay/internal/workers/webhook_sender.go:60.98,64.3 2 0
github.com/softivite/puxbay/internal/workers/webhook_sender.go:67.2,68.83 2 0
github.com/softivite/puxbay/internal/workers/webhook_sender.go:68.83,70.39 2 0
github.com/softivite/puxbay/internal/workers/webhook_sender.go:70.39,71.38 1 0
github.com/softivite/puxbay/internal/workers/webhook_sender.go:71.38,73.10 2 0
github.com/softivite/puxbay/internal/workers/webhook_sender.go:76.3,76.18 1 0
github.com/softivite/puxbay/internal/workers/webhook_sender.go:76.18,79.4 2 0
github.com/softivite/puxbay/internal/workers/webhook_sender.go:83.2,92.16 3 0
github.com/softivite/puxbay/internal/workers/webhook_sender.go:92.16,94.3 1 0
github.com/softivite/puxbay/internal/workers/webhook_sender.go:97.2,106.24 6 0
github.com/softivite/puxbay/internal/workers/webhook_sender.go:106.24,108.3 1 0
github.com/softivite/puxbay/internal/workers/webhook_sender.go:109.2,121.24 3 0
github.com/softivite/puxbay/internal/workers/webhook_sender.go:121.24,123.3 1 0
github.com/softivite/puxbay/internal/workers/webhook_sender.go:124.2,124.45 1 0
github.com/softivite/puxbay/internal/workers/webhook_sender.go:124.45,126.3 1 0
github.com/softivite/puxbay/internal/workers/webhook_sender.go:128.2,129.12 2 0
github.com/softivite/puxbay/internal/workers/webhook_sender.go:132.103,134.16 2 0
github.com/softivite/puxbay/internal/workers/webhook_sender.go:134.16,136.3 1 0
github.com/softivite/puxbay/internal/workers/webhook_sender.go:137.2,144.16 7 0
github.com/softivite/puxbay/internal/workers/webhook_sender.go:144.16,146.3 1 0
github.com/softivite/puxbay/internal/workers/webhook_sender.go:147.2,152.29 5 0
github.com/softivite/puxbay/internal/workers/webhook_sender.go:155.34,156.13 1 0
github.com/softivite/puxbay/internal/workers/webhook_sender.go:156.13,158.3 1 0
github.com/softivite/puxbay/internal/workers/webhook_sender.go:159.2,159.11 1 0
github.com/softivite/puxbay/internal/workers/webhook_sender.go:165.132,167.108 2 0
github.com/softivite/puxbay/internal/workers/webhook_sender.go:167.108,170.3 2 0
github.com/softivite/puxbay/internal/workers/webhook_sender.go:172.2,172.31 1 0
github.com/softivite/puxbay/internal/workers/webhook_sender.go:172.31,175.68 2 0
github.com/softivite/puxbay/internal/workers/webhook_sender.go:175.68,176.12 1 0
github.com/softivite/puxbay/internal/workers/webhook_sender.go:178.3,179.29 2 0
github.com/softivite/puxbay/internal/workers/webhook_sender.go:179.29,180.36 1 0
github.com/softivite/puxbay/internal/workers/webhook_sender.go:180.36,182.10 2 0
github.com/softivite/puxbay/internal/workers/webhook_sender.go:185.3,185.18 1 0
github.com/softivite/puxbay/internal/workers/webhook_sender.go:185.18,186.12 1 0
github.com/softivite/puxbay/internal/workers/webhook_sender.go:189.3,190.17 2 0
github.com/softivite/puxbay/internal/workers/webhook_sender.go:190.17,192.12 2 0
github.com/softivite/puxbay/internal/workers/webhook_sender.go:194.3,194.49 1 0
github.com/softivite/puxbay/internal/workers/webhook_sender.go:194.49,196.4 1 0
github.com/softivite/puxbay/internal/workers/webhook_sender.go:196.9,198.4 1 0
github.com/softivite/puxbay/internal/workers/worker.go:27.69,29.16 2 0
github.com/softivite/puxbay/internal/workers/worker.go:29.16,31.3 1 0
github.com/softivite/puxbay/internal/workers/worker.go:33.2,61.11 8 0
github.com/softivite/puxbay/internal/workers/worker.go:65.48,67.2 1 0
github.com/softivite/puxbay/internal/workers/worker.go:70.39,73.2 2 0
github.com/softivite/puxbay/internal/workers/worker.go:76.32,79.2 2 0
github.com/softivite/puxbay/internal/jobs/archival_job.go:18.47,20.2 1 0
github.com/softivite/puxbay/internal/jobs/archival_job.go:23.54,25.50 2 0
github.com/softivite/puxbay/internal/jobs/archival_job.go:25.50,28.3 2 0
github.com/softivite/puxbay/internal/jobs/archival_job.go:29.2,30.12 2 0
github.com/softivite/puxbay/internal/jobs/archival_job.go:34.53,39.25 3 0
github.com/softivite/puxbay/internal/jobs/archival_job.go:39.25,41.3 1 0
github.com/softivite/puxbay/internal/jobs/archival_job.go:43.2,43.29 1 0
github.com/softivite/puxbay/internal/jobs/archival_job.go:43.29,45.3 1 0
github.com/softivite/puxbay/internal/jobs/archival_job.go:46.2,46.12 1 0
github.com/softivite/puxbay/internal/validation/translations.go:21.25,22.67 1 0
github.com/softivite/puxbay/internal/validation/translations.go:22.67,31.62 5 0
github.com/softivite/puxbay/internal/validation/translations.go:31.62,33.19 2 0
github.com/softivite/puxbay/internal/validation/translations.go:33.19,35.5 1 0
github.com/softivite/puxbay/internal/validation/translations.go:36.4,36.15 1 0
github.com/softivite/puxbay/internal/validation/translations.go:39.3,39.15 1 0
github.com/softivite/puxbay/internal/validation/translations.go:44.58,47.64 2 0
github.com/softivite/puxbay/internal/validation/translations.go:47.64,48.36 1 0
github.com/softivite/puxbay/internal/validation/translations.go:48.36,50.4 1 0
github.com/softivite/puxbay/internal/validation/translations.go:51.8,53.3 1 0
github.com/softivite/puxbay/internal/validation/translations.go:55.2,55.13 1 0
github.com/softivite/puxbay/internal/router/router.go:20.77,22.33 1 0
github.com/softivite/puxbay/internal/router/router.go:22.33,24.3 1 0
github.com/softivite/puxbay/internal/router/router.go:26.2,34.21 5 0
github.com/softivite/puxbay/internal/router/router.go:34.21,36.3 1 0
github.com/softivite/puxbay/internal/router/router.go:39.2,55.16 13 0
github.com/softivite/puxbay/internal/router/router.go:55.16,58.3 2 0
github.com/softivite/puxbay/internal/router/router.go:60.2,120.2 49 0
github.com/softivite/puxbay/internal/router/router.go:120.2,127.3 4 0
github.com/softivite/puxbay/internal/router/router.go:127.3,130.4 2 0
github.com/softivite/puxbay/internal/router/router.go:135.3,137.3 3 0
github.com/softivite/puxbay/internal/router/router.go:137.3,141.4 3 0
github.com/softivite/puxbay/internal/router/router.go:144.3,146.3 3 0
github.com/softivite/puxbay/internal/router/router.go:146.3,154.4 6 0
github.com/softivite/puxbay/internal/router/router.go:154.4,157.5 2 0
github.com/softivite/puxbay/internal/router/router.go:161.3,163.3 3 0
github.com/softivite/puxbay/internal/router/router.go:163.3,167.4 3 0
github.com/softivite/puxbay/internal/router/router.go:172.3,178.3 7 0
github.com/softivite/puxbay/internal/router/router.go:178.3,202.26 17 0
github.com/softivite/puxbay/internal/router/router.go:202.26,204.5 1 0
github.com/softivite/puxbay/internal/router/router.go:204.10,206.5 1 0
github.com/softivite/puxbay/internal/router/router.go:207.4,255.4 38 0
github.com/softivite/puxbay/internal/router/router.go:255.4,262.5 5 0
github.com/softivite/puxbay/internal/router/router.go:264.4,264.26 1 0
github.com/softivite/puxbay/internal/router/router.go:264.26,266.5 1 0
github.com/softivite/puxbay/internal/router/router.go:266.10,268.5 1 0
github.com/softivite/puxbay/internal/router/router.go:271.4,273.4 3 0
github.com/softivite/puxbay/internal/router/router.go:273.4,286.5 12 0
github.com/softivite/puxbay/internal/router/router.go:290.4,384.4 70 0
github.com/softivite/puxbay/internal/router/router.go:384.4,388.5 3 0
github.com/softivite/puxbay/internal/router/router.go:391.4,401.4 9 0
github.com/softivite/puxbay/internal/router/router.go:401.4,407.5 5 0
github.com/softivite/puxbay/internal/router/router.go:410.4,412.4 3 0
github.com/softivite/puxbay/internal/router/router.go:412.4,428.5 14 0
github.com/softivite/puxbay/internal/router/router.go:431.4,493.4 48 0
github.com/softivite/puxbay/internal/router/router.go:493.4,507.5 13 0
github.com/softivite/puxbay/internal/router/router.go:510.4,545.76 24 0
github.com/softivite/puxbay/internal/router/router.go:549.3,551.3 3 0
github.com/softivite/puxbay/internal/router/router.go:551.3,577.4 24 0
github.com/softivite/puxbay/internal/router/router.go:577.4,580.5 2 0
github.com/softivite/puxbay/internal/router/router.go:584.3,588.3 5 0
github.com/softivite/puxbay/internal/router/router.go:588.3,594.4 5 0
github.com/softivite/puxbay/internal/router/router.go:597.3,597.38 1 0
github.com/softivite/puxbay/internal/router/router.go:597.38,599.4 1 0
github.com/softivite/puxbay/internal/router/router.go:603.3,605.3 3 0
github.com/softivite/puxbay/internal/router/router.go:605.3,610.4 3 0
github.com/softivite/puxbay/internal/router/router.go:613.3,616.3 4 0
github.com/softivite/puxbay/internal/router/router.go:616.3,623.4 6 0
github.com/softivite/puxbay/internal/router/router.go:626.3,629.3 4 0
github.com/softivite/puxbay/internal/router/router.go:629.3,633.4 3 0
github.com/softivite/puxbay/internal/router/router.go:638.3,641.3 4 0
github.com/softivite/puxbay/internal/router/router.go:641.3,643.4 1 0
github.com/softivite/puxbay/internal/router/router.go:646.3,649.3 4 0
github.com/softivite/puxbay/internal/router/router.go:649.3,656.4 6 0
github.com/softivite/puxbay/internal/router/router.go:659.3,662.3 4 0
github.com/softivite/puxbay/internal/router/router.go:662.3,666.4 3 0
github.com/softivite/puxbay/internal/router/router.go:669.3,672.3 4 0
github.com/softivite/puxbay/internal/router/router.go:672.3,678.4 5 0
github.com/softivite/puxbay/internal/router/router.go:681.3,684.3 4 0
github.com/softivite/puxbay/internal/router/router.go:684.3,686.4 1 0
github.com/softivite/puxbay/internal/router/router.go:689.3,692.3 4 0
github.com/softivite/puxbay/internal/router/router.go:692.3,697.4 4 0
github.com/softivite/puxbay/internal/router/router.go:700.3,703.3 4 0
github.com/softivite/puxbay/internal/router/router.go:703.3,705.4 1 0
github.com/softivite/puxbay/internal/router/router.go:708.3,709.3 2 0
github.com/softivite/puxbay/internal/router/router.go:709.3,717.4 5 0
github.com/softivite/puxbay/internal/router/router.go:717.4,719.5 1 0
github.com/softivite/puxbay/internal/router/router.go:723.3,727.3 4 0
github.com/softivite/puxbay/internal/router/router.go:727.3,795.4 47 0
github.com/softivite/puxbay/internal/router/router.go:798.3,799.3 2 0
github.com/softivite/puxbay/internal/router/router.go:799.3,801.4 1 0
github.com/softivite/puxbay/internal/router/router.go:804.2,804.10 1 0
github.com/softivite/puxbay/internal/websocket/client.go:31.29,32.15 1 0
github.com/softivite/puxbay/internal/websocket/client.go:32.15,35.3 2 0
github.com/softivite/puxbay/internal/websocket/client.go:36.2,38.43 3 0
github.com/softivite/puxbay/internal/websocket/client.go:38.43,38.107 2 0
github.com/softivite/puxbay/internal/websocket/client.go:39.2,39.6 1 0
github.com/softivite/puxbay/internal/websocket/client.go:39.6,41.17 2 0
github.com/softivite/puxbay/internal/websocket/client.go:41.17,42.103 1 0
github.com/softivite/puxbay/internal/websocket/client.go:42.103,44.5 1 0
github.com/softivite/puxbay/internal/websocket/client.go:45.4,45.9 1 0
github.com/softivite/puxbay/internal/websocket/client.go:51.30,53.15 2 0
github.com/softivite/puxbay/internal/websocket/client.go:53.15,56.3 2 0
github.com/softivite/puxbay/internal/websocket/client.go:57.2,57.6 1 0
github.com/softivite/puxbay/internal/websocket/client.go:57.6,58.10 1 0
github.com/softivite/puxbay/internal/websocket/client.go:59.32,61.11 2 0
github.com/softivite/puxbay/internal/websocket/client.go:61.11,64.5 2 0
github.com/softivite/puxbay/internal/websocket/client.go:66.4,67.18 2 0
github.com/softivite/puxbay/internal/websocket/client.go:67.18,69.5 1 0
github.com/softivite/puxbay/internal/websocket/client.go:70.4,74.27 3 0
github.com/softivite/puxbay/internal/websocket/client.go:74.27,77.5 2 0
github.com/softivite/puxbay/internal/websocket/client.go:79.4,79.36 1 0
github.com/softivite/puxbay/internal/websocket/client.go:79.36,81.5 1 0
github.com/softivite/puxbay/internal/websocket/client.go:82.19,84.74 2 0
github.com/softivite/puxbay/internal/websocket/client.go:84.74,86.5 1 0
github.com/softivite/puxbay/internal/websocket/handler.go:15.42,17.3 1 0
github.com/softivite/puxbay/internal/websocket/handler.go:21.40,23.16 2 0
github.com/softivite/puxbay/internal/websocket/handler.go:23.16,26.3 2 0
github.com/softivite/puxbay/internal/websocket/handler.go:29.2,30.13 2 0
github.com/softivite/puxbay/internal/websocket/handler.go:30.13,34.3 3 0
github.com/softivite/puxbay/internal/websocket/handler.go:36.2,42.22 4 0
github.com/softivite/puxbay/internal/websocket/hub.go:29.20,36.2 1 0
github.com/softivite/puxbay/internal/websocket/hub.go:38.21,39.6 1 0
github.com/softivite/puxbay/internal/websocket/hub.go:39.6,40.10 1 0
github.com/softivite/puxbay/internal/websocket/hub.go:41.31,44.14 3 0
github.com/softivite/puxbay/internal/websocket/hub.go:45.33,47.38 2 0
github.com/softivite/puxbay/internal/websocket/hub.go:47.38,50.5 2 0
github.com/softivite/puxbay/internal/websocket/hub.go:51.4,51.14 1 0
github.com/softivite/puxbay/internal/websocket/hub.go:52.33,54.34 2 0
github.com/softivite/puxbay/internal/websocket/hub.go:54.34,56.44 1 0
github.com/softivite/puxbay/internal/websocket/hub.go:56.44,57.13 1 0
github.com/softivite/puxbay/internal/websocket/hub.go:58.42,58.42 0 0
github.com/softivite/puxbay/internal/websocket/hub.go:59.14,61.32 2 0
github.com/softivite/puxbay/internal/websocket/hub.go:65.4,65.15 1 0
github.com/softivite/puxbay/internal/websocket/hub.go:71.65,76.2 1 0
github.com/softivite/puxbay/internal/logger/gin_zap.go:11.41,12.30 1 0
github.com/softivite/puxbay/internal/logger/gin_zap.go:12.30,20.17 5 0
github.com/softivite/puxbay/internal/logger/gin_zap.go:20.17,22.4 1 0
github.com/softivite/puxbay/internal/logger/gin_zap.go:24.3,27.24 3 0
github.com/softivite/puxbay/internal/logger/gin_zap.go:27.24,29.40 1 0
github.com/softivite/puxbay/internal/logger/gin_zap.go:29.40,31.5 1 0
github.com/softivite/puxbay/internal/logger/gin_zap.go:32.9,44.4 2 0
github.com/softivite/puxbay/internal/logger/logger.go:11.29,13.25 2 0
github.com/softivite/puxbay/internal/logger/logger.go:13.25,16.3 2 0
github.com/softivite/puxbay/internal/logger/logger.go:16.8,19.3 2 0
github.com/softivite/puxbay/internal/logger/logger.go:21.2,22.16 2 0
github.com/softivite/puxbay/internal/logger/logger.go:22.16,24.3 1 0
github.com/softivite/puxbay/internal/logger/logger.go:25.2,25.14 1 0
github.com/softivite/puxbay/internal/logger/logger.go:28.13,29.16 1 0
github.com/softivite/puxbay/internal/logger/logger.go:29.16,31.3 1 0
github.com/softivite/puxbay/internal/tests/db_helper.go:14.39,25.16 2 0
github.com/softivite/puxbay/internal/tests/db_helper.go:25.16,26.38 1 0
github.com/softivite/puxbay/internal/tests/db_helper.go:30.2,41.16 2 0
github.com/softivite/puxbay/internal/tests/db_helper.go:41.16,42.54 1 0
github.com/softivite/puxbay/internal/tests/db_helper.go:45.2,45.21 1 0
github.com/softivite/puxbay/internal/tests/db_helper.go:45.21,47.17 2 0
github.com/softivite/puxbay/internal/tests/db_helper.go:47.17,49.4 1 0
github.com/softivite/puxbay/internal/tests/db_helper.go:52.2,52.21 1 0
github.com/softivite/puxbay/internal/services/accounting_service.go:20.52,22.2 1 0
github.com/softivite/puxbay/internal/services/accounting_service.go:24.70,25.16 1 0
github.com/softivite/puxbay/internal/services/accounting_service.go:25.16,27.3 1 0
github.com/softivite/puxbay/internal/services/accounting_service.go:28.2,29.12 2 0
github.com/softivite/puxbay/internal/services/accounting_service.go:32.77,33.16 1 0
github.com/softivite/puxbay/internal/services/accounting_service.go:33.16,35.3 1 0
github.com/softivite/puxbay/internal/services/accounting_service.go:36.2,37.12 2 0
github.com/softivite/puxbay/internal/services/accounting_service.go:40.74,41.16 1 0
github.com/softivite/puxbay/internal/services/accounting_service.go:41.16,43.3 1 0
github.com/softivite/puxbay/internal/services/accounting_service.go:44.2,45.12 2 0
github.com/softivite/puxbay/internal/services/admin_service.go:19.75,21.2 1 0
github.com/softivite/puxbay/internal/services/admin_service.go:31.93,42.54 7 0
github.com/softivite/puxbay/internal/services/admin_service.go:42.54,44.3 1 0
github.com/softivite/puxbay/internal/services/admin_service.go:44.8,46.3 1 0
github.com/softivite/puxbay/internal/services/admin_service.go:49.2,49.55 1 0
github.com/softivite/puxbay/internal/services/admin_service.go:49.55,51.3 1 0
github.com/softivite/puxbay/internal/services/admin_service.go:53.2,53.128 1 0
github.com/softivite/puxbay/internal/services/admin_service.go:53.128,55.3 1 0
github.com/softivite/puxbay/internal/services/admin_service.go:58.2,58.25 1 0
github.com/softivite/puxbay/internal/services/admin_service.go:58.25,60.90 2 0
github.com/softivite/puxbay/internal/services/admin_service.go:60.90,62.97 2 0
github.com/softivite/puxbay/internal/services/admin_service.go:62.97,67.5 1 0
github.com/softivite/puxbay/internal/services/admin_service.go:71.2,71.28 1 0
github.com/softivite/puxbay/internal/services/admin_service.go:74.64,76.2 1 0
github.com/softivite/puxbay/internal/services/admin_service.go:78.87,81.70 2 0
github.com/softivite/puxbay/internal/services/admin_service.go:81.70,83.3 1 0
github.com/softivite/puxbay/internal/services/admin_service.go:86.2,87.16 2 0
github.com/softivite/puxbay/internal/services/admin_service.go:87.16,89.3 1 0
github.com/softivite/puxbay/internal/services/admin_service.go:91.2,91.35 1 0
github.com/softivite/puxbay/internal/services/admin_service.go:94.59,96.67 2 0
github.com/softivite/puxbay/internal/services/admin_service.go:96.67,98.3 1 0
github.com/softivite/puxbay/internal/services/admin_service.go:99.2,99.19 1 0
github.com/softivite/puxbay/internal/services/admin_service.go:102.60,104.2 1 0
github.com/softivite/puxbay/internal/services/admin_service.go:106.69,108.88 2 0
github.com/softivite/puxbay/internal/services/admin_service.go:108.88,110.3 1 0
github.com/softivite/puxbay/internal/services/admin_service.go:111.2,111.24 1 0
github.com/softivite/puxbay/internal/services/admin_service.go:114.75,116.2 1 0
github.com/softivite/puxbay/internal/services/admin_service.go:119.79,121.64 1 0
github.com/softivite/puxbay/internal/services/admin_service.go:121.64,123.3 1 0
github.com/softivite/puxbay/internal/services/admin_service.go:125.2,125.50 1 0
github.com/softivite/puxbay/internal/services/admin_service.go:125.50,126.31 1 0
github.com/softivite/puxbay/internal/services/admin_service.go:126.31,128.31 2 0
github.com/softivite/puxbay/internal/services/admin_service.go:128.31,130.5 1 0
github.com/softivite/puxbay/internal/services/admin_service.go:130.10,131.13 1 0
github.com/softivite/puxbay/internal/services/admin_service.go:134.4,136.47 2 0
github.com/softivite/puxbay/internal/services/admin_service.go:136.47,138.5 1 0
github.com/softivite/puxbay/internal/services/admin_service.go:140.3,140.13 1 0
github.com/softivite/puxbay/internal/services/admin_service.go:144.78,146.83 2 0
github.com/softivite/puxbay/internal/services/admin_service.go:146.83,148.3 1 0
github.com/softivite/puxbay/internal/services/admin_service.go:149.2,149.21 1 0
github.com/softivite/puxbay/internal/services/admin_service.go:152.89,159.51 2 0
github.com/softivite/puxbay/internal/services/admin_service.go:159.51,161.3 1 0
github.com/softivite/puxbay/internal/services/admin_service.go:162.2,162.21 1 0
github.com/softivite/puxbay/internal/services/admin_service.go:165.52,167.2 1 0
github.com/softivite/puxbay/internal/services/admin_service.go:169.52,171.2 1 0
github.com/softivite/puxbay/internal/services/admin_service.go:173.79,174.50 1 0
github.com/softivite/puxbay/internal/services/admin_service.go:174.50,175.119 1 0
github.com/softivite/puxbay/internal/services/admin_service.go:175.119,177.4 1 0
github.com/softivite/puxbay/internal/services/admin_service.go:178.3,178.123 1 0
github.com/softivite/puxbay/internal/services/admin_service.go:184.73,186.54 2 0
github.com/softivite/puxbay/internal/services/admin_service.go:186.54,188.3 1 0
github.com/softivite/puxbay/internal/services/admin_service.go:189.2,189.64 1 0
github.com/softivite/puxbay/internal/services/admin_service.go:189.64,191.3 1 0
github.com/softivite/puxbay/internal/services/admin_service.go:191.61,193.3 1 0
github.com/softivite/puxbay/internal/services/admin_service.go:194.2,194.19 1 0
github.com/softivite/puxbay/internal/services/admin_service.go:197.74,199.2 1 0
github.com/softivite/puxbay/internal/services/admin_service.go:201.74,202.50 1 0
github.com/softivite/puxbay/internal/services/admin_service.go:202.50,203.45 1 0
github.com/softivite/puxbay/internal/services/admin_service.go:203.45,205.4 1 0
github.com/softivite/puxbay/internal/services/admin_service.go:207.3,207.94 1 0
github.com/softivite/puxbay/internal/services/admin_service.go:207.94,209.4 1 0
github.com/softivite/puxbay/internal/services/admin_service.go:211.3,211.29 1 0
github.com/softivite/puxbay/internal/services/admin_service.go:211.29,212.33 1 0
github.com/softivite/puxbay/internal/services/admin_service.go:212.33,215.5 2 0
github.com/softivite/puxbay/internal/services/admin_service.go:216.4,216.58 1 0
github.com/softivite/puxbay/internal/services/admin_service.go:216.58,218.5 1 0
github.com/softivite/puxbay/internal/services/admin_service.go:220.3,220.13 1 0
github.com/softivite/puxbay/internal/services/admin_service.go:224.62,225.50 1 0
github.com/softivite/puxbay/internal/services/admin_service.go:225.50,226.89 1 0
github.com/softivite/puxbay/internal/services/admin_service.go:226.89,228.4 1 0
github.com/softivite/puxbay/internal/services/admin_service.go:229.3,229.62 1 0
github.com/softivite/puxbay/internal/services/admin_service.go:234.99,244.55 3 0
github.com/softivite/puxbay/internal/services/admin_service.go:244.55,246.3 1 0
github.com/softivite/puxbay/internal/services/admin_service.go:247.2,250.22 2 0
github.com/softivite/puxbay/internal/services/admin_service.go:250.22,254.43 3 0
github.com/softivite/puxbay/internal/services/admin_service.go:254.43,256.86 2 0
github.com/softivite/puxbay/internal/services/admin_service.go:256.86,261.5 1 0
github.com/softivite/puxbay/internal/services/admin_service.go:264.3,264.21 1 0
github.com/softivite/puxbay/internal/services/admin_service.go:265.17,267.23 2 0
github.com/softivite/puxbay/internal/services/admin_service.go:267.23,269.5 1 0
github.com/softivite/puxbay/internal/services/admin_service.go:270.19,271.51 1 0
github.com/softivite/puxbay/internal/services/admin_service.go:272.19,273.51 1 0
github.com/softivite/puxbay/internal/services/admin_service.go:277.2,277.25 1 0
github.com/softivite/puxbay/internal/services/admin_service.go:280.83,282.2 1 0
github.com/softivite/puxbay/internal/services/admin_service.go:285.93,293.52 3 0
github.com/softivite/puxbay/internal/services/admin_service.go:293.52,295.3 1 0
github.com/softivite/puxbay/internal/services/admin_service.go:297.2,301.26 3 0
github.com/softivite/puxbay/internal/services/admin_service.go:301.26,302.17 1 0
github.com/softivite/puxbay/internal/services/admin_service.go:302.17,304.4 1 0
github.com/softivite/puxbay/internal/services/admin_service.go:305.3,307.30 2 0
github.com/softivite/puxbay/internal/services/admin_service.go:307.30,310.4 2 0
github.com/softivite/puxbay/internal/services/admin_service.go:313.2,313.26 1 0
github.com/softivite/puxbay/internal/services/admin_service.go:316.70,318.2 1 0
github.com/softivite/puxbay/internal/services/admin_service.go:320.60,322.62 2 0
github.com/softivite/puxbay/internal/services/admin_service.go:322.62,324.3 1 0
github.com/softivite/puxbay/internal/services/admin_service.go:325.2,325.68 1 0
github.com/softivite/puxbay/internal/services/admin_service.go:329.103,337.57 3 0
github.com/softivite/puxbay/internal/services/admin_service.go:337.57,339.3 1 0
github.com/softivite/puxbay/internal/services/admin_service.go:341.2,344.29 2 0
github.com/softivite/puxbay/internal/services/admin_service.go:344.29,345.19 1 0
github.com/softivite/puxbay/internal/services/admin_service.go:346.28,348.72 2 0
github.com/softivite/puxbay/internal/services/admin_service.go:349.17,350.59 1 0
github.com/softivite/puxbay/internal/services/admin_service.go:354.2,354.29 1 0
github.com/softivite/puxbay/internal/services/admin_service.go:358.94,366.54 3 0
github.com/softivite/puxbay/internal/services/admin_service.go:366.54,368.3 1 0
github.com/softivite/puxbay/internal/services/admin_service.go:370.2,373.25 2 0
github.com/softivite/puxbay/internal/services/admin_service.go:373.25,378.157 3 0
github.com/softivite/puxbay/internal/services/admin_service.go:378.157,380.4 1 0
github.com/softivite/puxbay/internal/services/admin_service.go:383.3,383.114 1 0
github.com/softivite/puxbay/internal/services/admin_service.go:383.114,385.4 1 0
github.com/softivite/puxbay/internal/services/admin_service.go:388.2,388.25 1 0
github.com/softivite/puxbay/internal/services/admin_service.go:392.57,394.46 2 0
github.com/softivite/puxbay/internal/services/admin_service.go:394.46,396.3 1 0
github.com/softivite/puxbay/internal/services/admin_service.go:397.2,398.18 2 0
github.com/softivite/puxbay/internal/services/admin_service.go:401.57,403.2 1 0
github.com/softivite/puxbay/internal/services/admin_service.go:405.49,407.61 2 0
github.com/softivite/puxbay/internal/services/admin_service.go:407.61,409.3 1 0
github.com/softivite/puxbay/internal/services/admin_service.go:410.2,410.72 1 0
github.com/softivite/puxbay/internal/services/admin_service.go:414.79,416.57 2 0
github.com/softivite/puxbay/internal/services/admin_service.go:416.57,418.3 1 0
github.com/softivite/puxbay/internal/services/admin_service.go:419.2,420.21 2 0
github.com/softivite/puxbay/internal/services/admin_service.go:423.79,425.61 2 0
github.com/softivite/puxbay/internal/services/admin_service.go:425.61,427.3 1 0
github.com/softivite/puxbay/internal/services/admin_service.go:429.2,430.15 2 0
github.com/softivite/puxbay/internal/services/admin_service.go:431.16,432.39 1 0
github.com/softivite/puxbay/internal/services/admin_service.go:433.16,434.39 1 0
github.com/softivite/puxbay/internal/services/admin_service.go:437.2,437.48 1 0
github.com/softivite/puxbay/internal/services/admin_service.go:441.79,443.57 2 0
github.com/softivite/puxbay/internal/services/admin_service.go:443.57,445.3 1 0
github.com/softivite/puxbay/internal/services/admin_service.go:446.2,447.21 2 0
github.com/softivite/puxbay/internal/services/admin_service.go:453.75,457.2 3 0
github.com/softivite/puxbay/internal/services/admin_service.go:460.61,461.50 1 0
github.com/softivite/puxbay/internal/services/admin_service.go:461.50,462.44 1 0
github.com/softivite/puxbay/internal/services/admin_service.go:462.44,464.4 1 0
github.com/softivite/puxbay/internal/services/admin_service.go:465.3,471.40 3 0
github.com/softivite/puxbay/internal/services/admin_service.go:476.112,481.18 4 0
github.com/softivite/puxbay/internal/services/admin_service.go:481.18,483.3 1 0
github.com/softivite/puxbay/internal/services/admin_service.go:484.2,484.37 1 0
github.com/softivite/puxbay/internal/services/admin_service.go:484.37,486.3 1 0
github.com/softivite/puxbay/internal/services/admin_service.go:488.2,492.25 3 0
github.com/softivite/puxbay/internal/services/admin_service.go:492.25,494.90 2 0
github.com/softivite/puxbay/internal/services/admin_service.go:494.90,496.97 2 0
github.com/softivite/puxbay/internal/services/admin_service.go:496.97,501.5 1 0
github.com/softivite/puxbay/internal/services/admin_service.go:505.2,505.28 1 0
github.com/softivite/puxbay/internal/services/admin_service.go:509.66,512.2 1 0
github.com/softivite/puxbay/internal/services/admin_service.go:517.86,519.55 2 0
github.com/softivite/puxbay/internal/services/admin_service.go:519.55,521.3 1 0
github.com/softivite/puxbay/internal/services/admin_service.go:522.2,528.22 2 0
github.com/softivite/puxbay/internal/services/admin_service.go:528.22,530.43 2 0
github.com/softivite/puxbay/internal/services/admin_service.go:530.43,532.86 2 0
github.com/softivite/puxbay/internal/services/admin_service.go:532.86,537.5 1 0
github.com/softivite/puxbay/internal/services/admin_service.go:540.2,540.18 1 0
github.com/softivite/puxbay/internal/services/admin_service.go:544.78,546.57 2 0
github.com/softivite/puxbay/internal/services/admin_service.go:546.57,548.3 1 0
github.com/softivite/puxbay/internal/services/admin_service.go:549.2,551.22 2 0
github.com/softivite/puxbay/internal/services/admin_service.go:557.73,559.57 2 0
github.com/softivite/puxbay/internal/services/admin_service.go:559.57,561.3 1 0
github.com/softivite/puxbay/internal/services/admin_service.go:562.2,563.21 2 0
github.com/softivite/puxbay/internal/services/admin_service.go:569.75,571.55 2 0
github.com/softivite/puxbay/internal/services/admin_service.go:571.55,573.3 1 0
github.com/softivite/puxbay/internal/services/admin_service.go:574.2,575.20 2 0
github.com/softivite/puxbay/internal/services/admin_service.go:580.69,582.52 2 0
github.com/softivite/puxbay/internal/services/admin_service.go:582.52,584.3 1 0
github.com/softivite/puxbay/internal/services/admin_service.go:585.2,586.19 2 0
github.com/softivite/puxbay/internal/services/admin_service.go:589.70,591.2 1 0
github.com/softivite/puxbay/internal/services/admin_service.go:593.77,595.2 1 0
github.com/softivite/puxbay/internal/services/admin_service.go:597.72,599.54 2 0
github.com/softivite/puxbay/internal/services/admin_service.go:599.54,601.3 1 0
github.com/softivite/puxbay/internal/services/admin_service.go:602.2,603.17 2 0
github.com/softivite/puxbay/internal/services/admin_service.go:606.71,608.2 1 0
github.com/softivite/puxbay/internal/services/admin_service.go:610.63,612.2 1 0
github.com/softivite/puxbay/internal/services/admin_service.go:614.75,616.55 2 0
github.com/softivite/puxbay/internal/services/admin_service.go:616.55,618.3 1 0
github.com/softivite/puxbay/internal/services/admin_service.go:619.2,620.18 2 0
github.com/softivite/puxbay/internal/services/admin_service.go:623.75,625.2 1 0
github.com/softivite/puxbay/internal/services/admin_service.go:627.60,629.2 1 0
github.com/softivite/puxbay/internal/services/admin_service.go:631.115,634.49 3 0
github.com/softivite/puxbay/internal/services/admin_service.go:634.49,636.3 1 0
github.com/softivite/puxbay/internal/services/admin_service.go:638.2,639.18 2 0
github.com/softivite/puxbay/internal/services/admin_service.go:639.18,641.3 1 0
github.com/softivite/puxbay/internal/services/admin_service.go:642.2,642.16 1 0
github.com/softivite/puxbay/internal/services/admin_service.go:643.18,644.47 1 0
github.com/softivite/puxbay/internal/services/admin_service.go:645.17,646.48 1 0
github.com/softivite/puxbay/internal/services/admin_service.go:649.2,651.28 3 0
github.com/softivite/puxbay/internal/services/admin_service.go:654.86,656.54 2 0
github.com/softivite/puxbay/internal/services/admin_service.go:656.54,658.3 1 0
github.com/softivite/puxbay/internal/services/admin_service.go:660.2,664.38 4 0
github.com/softivite/puxbay/internal/services/admin_service.go:664.38,666.3 1 0
github.com/softivite/puxbay/internal/services/admin_service.go:668.2,671.32 1 0
github.com/softivite/puxbay/internal/services/admin_service.go:671.32,672.23 1 0
github.com/softivite/puxbay/internal/services/admin_service.go:672.23,674.5 1 0
github.com/softivite/puxbay/internal/services/admin_service.go:675.4,675.13 1 0
github.com/softivite/puxbay/internal/services/admin_service.go:678.30,679.21 1 0
github.com/softivite/puxbay/internal/services/admin_service.go:679.21,681.5 1 0
github.com/softivite/puxbay/internal/services/admin_service.go:682.4,682.13 1 0
github.com/softivite/puxbay/internal/services/admin_service.go:688.60,690.72 2 0
github.com/softivite/puxbay/internal/services/admin_service.go:690.72,692.3 1 0
github.com/softivite/puxbay/internal/services/admin_service.go:694.2,694.33 1 0
github.com/softivite/puxbay/internal/services/admin_service.go:694.33,699.39 4 0
github.com/softivite/puxbay/internal/services/admin_service.go:699.39,702.69 1 0
github.com/softivite/puxbay/internal/services/admin_service.go:702.69,704.5 1 0
github.com/softivite/puxbay/internal/services/admin_service.go:707.3,711.5 2 0
github.com/softivite/puxbay/internal/services/admin_service.go:713.2,713.12 1 0
github.com/softivite/puxbay/internal/services/analytics_service.go:15.57,17.2 1 0
github.com/softivite/puxbay/internal/services/analytics_service.go:36.105,40.16 3 0
github.com/softivite/puxbay/internal/services/analytics_service.go:40.16,41.59 1 0
github.com/softivite/puxbay/internal/services/analytics_service.go:41.59,43.4 1 0
github.com/softivite/puxbay/internal/services/analytics_service.go:44.8,46.3 1 0
github.com/softivite/puxbay/internal/services/analytics_service.go:48.2,48.14 1 0
github.com/softivite/puxbay/internal/services/analytics_service.go:48.14,49.57 1 0
github.com/softivite/puxbay/internal/services/analytics_service.go:49.57,51.4 1 0
github.com/softivite/puxbay/internal/services/analytics_service.go:52.8,54.3 1 0
github.com/softivite/puxbay/internal/services/analytics_service.go:56.2,57.20 2 0
github.com/softivite/puxbay/internal/services/analytics_service.go:57.20,59.3 1 0
github.com/softivite/puxbay/internal/services/analytics_service.go:60.2,65.20 5 0
github.com/softivite/puxbay/internal/services/analytics_service.go:65.20,65.68 1 0
github.com/softivite/puxbay/internal/services/analytics_service.go:66.2,70.20 4 0
github.com/softivite/puxbay/internal/services/analytics_service.go:70.20,70.68 1 0
github.com/softivite/puxbay/internal/services/analytics_service.go:71.2,75.20 4 0
github.com/softivite/puxbay/internal/services/analytics_service.go:75.20,75.76 1 0
github.com/softivite/puxbay/internal/services/analytics_service.go:76.2,80.20 4 0
github.com/softivite/puxbay/internal/services/analytics_service.go:80.20,80.76 1 0
github.com/softivite/puxbay/internal/services/analytics_service.go:81.2,84.25 3 0
github.com/softivite/puxbay/internal/services/analytics_service.go:84.25,86.3 1 0
github.com/softivite/puxbay/internal/services/analytics_service.go:87.2,88.23 2 0
github.com/softivite/puxbay/internal/services/analytics_service.go:88.23,90.3 1 0
github.com/softivite/puxbay/internal/services/analytics_service.go:92.2,94.20 3 0
github.com/softivite/puxbay/internal/services/analytics_service.go:94.20,94.72 1 0
github.com/softivite/puxbay/internal/services/analytics_service.go:95.2,109.8 2 0
github.com/softivite/puxbay/internal/services/analytics_service.go:128.131,131.20 3 0
github.com/softivite/puxbay/internal/services/analytics_service.go:131.20,133.3 1 0
github.com/softivite/puxbay/internal/services/analytics_service.go:134.2,134.24 1 0
github.com/softivite/puxbay/internal/services/analytics_service.go:134.24,135.67 1 0
github.com/softivite/puxbay/internal/services/analytics_service.go:135.67,137.4 1 0
github.com/softivite/puxbay/internal/services/analytics_service.go:139.2,139.22 1 0
github.com/softivite/puxbay/internal/services/analytics_service.go:139.22,140.65 1 0
github.com/softivite/puxbay/internal/services/analytics_service.go:140.65,142.4 1 0
github.com/softivite/puxbay/internal/services/analytics_service.go:145.2,166.8 5 0
github.com/softivite/puxbay/internal/services/analytics_service.go:182.116,183.16 1 0
github.com/softivite/puxbay/internal/services/analytics_service.go:183.16,185.3 1 0
github.com/softivite/puxbay/internal/services/analytics_service.go:187.2,198.16 5 0
github.com/softivite/puxbay/internal/services/analytics_service.go:198.16,199.59 1 0
github.com/softivite/puxbay/internal/services/analytics_service.go:199.59,201.4 1 0
github.com/softivite/puxbay/internal/services/analytics_service.go:203.2,203.14 1 0
github.com/softivite/puxbay/internal/services/analytics_service.go:203.14,204.57 1 0
github.com/softivite/puxbay/internal/services/analytics_service.go:204.57,206.4 1 0
github.com/softivite/puxbay/internal/services/analytics_service.go:209.2,209.20 1 0
github.com/softivite/puxbay/internal/services/analytics_service.go:209.20,211.3 1 0
github.com/softivite/puxbay/internal/services/analytics_service.go:213.2,221.20 3 0
github.com/softivite/puxbay/internal/services/analytics_service.go:221.20,223.3 1 0
github.com/softivite/puxbay/internal/services/analytics_service.go:224.2,233.20 3 0
github.com/softivite/puxbay/internal/services/analytics_service.go:233.20,235.3 1 0
github.com/softivite/puxbay/internal/services/analytics_service.go:236.2,244.8 3 0
github.com/softivite/puxbay/internal/services/analytics_service.go:253.103,258.20 4 0
github.com/softivite/puxbay/internal/services/analytics_service.go:258.20,260.3 1 0
github.com/softivite/puxbay/internal/services/analytics_service.go:261.2,265.20 4 0
github.com/softivite/puxbay/internal/services/analytics_service.go:265.20,267.3 1 0
github.com/softivite/puxbay/internal/services/analytics_service.go:268.2,272.20 4 0
github.com/softivite/puxbay/internal/services/analytics_service.go:272.20,274.3 1 0
github.com/softivite/puxbay/internal/services/analytics_service.go:275.2,281.8 2 0
github.com/softivite/puxbay/internal/services/analytics_service.go:293.103,300.20 5 0
github.com/softivite/puxbay/internal/services/analytics_service.go:300.20,300.68 1 0
github.com/softivite/puxbay/internal/services/analytics_service.go:301.2,305.20 4 0
github.com/softivite/puxbay/internal/services/analytics_service.go:305.20,305.68 1 0
github.com/softivite/puxbay/internal/services/analytics_service.go:306.2,310.20 4 0
github.com/softivite/puxbay/internal/services/analytics_service.go:310.20,310.68 1 0
github.com/softivite/puxbay/internal/services/analytics_service.go:311.2,315.20 4 0
github.com/softivite/puxbay/internal/services/analytics_service.go:315.20,315.70 1 0
github.com/softivite/puxbay/internal/services/analytics_service.go:316.2,320.20 4 0
github.com/softivite/puxbay/internal/services/analytics_service.go:320.20,320.68 1 0
github.com/softivite/puxbay/internal/services/analytics_service.go:321.2,325.20 4 0
github.com/softivite/puxbay/internal/services/analytics_service.go:325.20,325.68 1 0
github.com/softivite/puxbay/internal/services/analytics_service.go:326.2,335.8 2 0
github.com/softivite/puxbay/internal/services/analytics_service.go:357.107,360.16 2 0
github.com/softivite/puxbay/internal/services/analytics_service.go:360.16,362.3 1 0
github.com/softivite/puxbay/internal/services/analytics_service.go:364.2,365.16 2 0
github.com/softivite/puxbay/internal/services/analytics_service.go:365.16,367.3 1 0
github.com/softivite/puxbay/internal/services/analytics_service.go:369.2,370.16 2 0
github.com/softivite/puxbay/internal/services/analytics_service.go:370.16,372.3 1 0
github.com/softivite/puxbay/internal/services/analytics_service.go:375.2,377.25 3 0
github.com/softivite/puxbay/internal/services/analytics_service.go:377.25,385.21 6 0
github.com/softivite/puxbay/internal/services/analytics_service.go:385.21,387.4 1 0
github.com/softivite/puxbay/internal/services/analytics_service.go:388.3,389.22 2 0
github.com/softivite/puxbay/internal/services/analytics_service.go:393.2,395.20 3 0
github.com/softivite/puxbay/internal/services/analytics_service.go:395.20,397.3 1 0
github.com/softivite/puxbay/internal/services/analytics_service.go:398.2,401.27 3 0
github.com/softivite/puxbay/internal/services/analytics_service.go:401.27,405.49 3 0
github.com/softivite/puxbay/internal/services/analytics_service.go:405.49,408.4 2 0
github.com/softivite/puxbay/internal/services/analytics_service.go:410.3,412.24 3 0
github.com/softivite/puxbay/internal/services/analytics_service.go:412.24,414.4 1 0
github.com/softivite/puxbay/internal/services/analytics_service.go:414.9,414.31 1 0
github.com/softivite/puxbay/internal/services/analytics_service.go:414.31,416.4 1 0
github.com/softivite/puxbay/internal/services/analytics_service.go:416.9,416.33 1 0
github.com/softivite/puxbay/internal/services/analytics_service.go:416.33,418.4 1 0
github.com/softivite/puxbay/internal/services/analytics_service.go:420.3,422.56 3 0
github.com/softivite/puxbay/internal/services/analytics_service.go:422.56,425.4 2 0
github.com/softivite/puxbay/internal/services/analytics_service.go:427.3,436.5 2 0
github.com/softivite/puxbay/internal/services/analytics_service.go:439.2,447.8 1 0
github.com/softivite/puxbay/internal/services/analytics_service.go:456.91,463.20 4 0
github.com/softivite/puxbay/internal/services/analytics_service.go:463.20,465.3 1 0
github.com/softivite/puxbay/internal/services/analytics_service.go:467.2,479.28 4 0
github.com/softivite/puxbay/internal/services/analytics_service.go:479.28,485.3 1 0
github.com/softivite/puxbay/internal/services/analytics_service.go:487.2,487.21 1 0
github.com/softivite/puxbay/internal/services/analytics_service.go:497.120,506.20 3 0
github.com/softivite/puxbay/internal/services/analytics_service.go:506.20,508.3 1 0
github.com/softivite/puxbay/internal/services/analytics_service.go:510.2,510.16 1 0
github.com/softivite/puxbay/internal/services/analytics_service.go:510.16,511.59 1 0
github.com/softivite/puxbay/internal/services/analytics_service.go:511.59,513.4 1 0
github.com/softivite/puxbay/internal/services/analytics_service.go:515.2,515.14 1 0
github.com/softivite/puxbay/internal/services/analytics_service.go:515.14,516.57 1 0
github.com/softivite/puxbay/internal/services/analytics_service.go:516.57,518.4 1 0
github.com/softivite/puxbay/internal/services/analytics_service.go:521.2,526.21 3 0
github.com/softivite/puxbay/internal/services/analytics_service.go:535.101,540.52 3 0
github.com/softivite/puxbay/internal/services/analytics_service.go:540.52,541.36 1 0
github.com/softivite/puxbay/internal/services/analytics_service.go:541.36,543.4 1 0
github.com/softivite/puxbay/internal/services/analytics_service.go:546.2,551.20 5 0
github.com/softivite/puxbay/internal/services/analytics_service.go:551.20,553.3 1 0
github.com/softivite/puxbay/internal/services/analytics_service.go:554.2,557.14 3 0
github.com/softivite/puxbay/internal/services/analytics_service.go:557.14,559.3 1 0
github.com/softivite/puxbay/internal/services/analytics_service.go:560.2,560.20 1 0
github.com/softivite/puxbay/internal/services/analytics_service.go:560.20,562.3 1 0
github.com/softivite/puxbay/internal/services/analytics_service.go:564.2,568.8 1 0
github.com/softivite/puxbay/internal/services/analytics_service.go:576.161,577.23 1 0
github.com/softivite/puxbay/internal/services/analytics_service.go:577.23,579.3 1 0
github.com/softivite/puxbay/internal/services/analytics_service.go:580.2,580.26 1 0
github.com/softivite/puxbay/internal/services/analytics_service.go:580.26,582.3 1 0
github.com/softivite/puxbay/internal/services/analytics_service.go:584.2,589.20 3 0
github.com/softivite/puxbay/internal/services/analytics_service.go:589.20,591.3 1 0
github.com/softivite/puxbay/internal/services/analytics_service.go:593.2,593.16 1 0
github.com/softivite/puxbay/internal/services/analytics_service.go:593.16,594.59 1 0
github.com/softivite/puxbay/internal/services/analytics_service.go:594.59,596.4 1 0
github.com/softivite/puxbay/internal/services/analytics_service.go:598.2,598.14 1 0
github.com/softivite/puxbay/internal/services/analytics_service.go:598.14,599.57 1 0
github.com/softivite/puxbay/internal/services/analytics_service.go:599.57,601.4 1 0
github.com/softivite/puxbay/internal/services/analytics_service.go:604.2,608.33 3 0
github.com/softivite/puxbay/internal/services/analytics_service.go:608.33,609.14 1 0
github.com/softivite/puxbay/internal/services/analytics_service.go:610.15,612.64 2 0
github.com/softivite/puxbay/internal/services/analytics_service.go:613.25,615.62 2 0
github.com/softivite/puxbay/internal/services/analytics_service.go:616.16,619.88 3 0
github.com/softivite/puxbay/internal/services/analytics_service.go:624.2,624.30 1 0
github.com/softivite/puxbay/internal/services/analytics_service.go:624.30,625.14 1 0
github.com/softivite/puxbay/internal/services/analytics_service.go:626.18,627.71 1 0
github.com/softivite/puxbay/internal/services/analytics_service.go:628.17,629.69 1 0
github.com/softivite/puxbay/internal/services/analytics_service.go:630.20,631.76 1 0
github.com/softivite/puxbay/internal/services/analytics_service.go:632.14,633.65 1 0
github.com/softivite/puxbay/internal/services/analytics_service.go:638.2,639.33 2 0
github.com/softivite/puxbay/internal/services/analytics_service.go:639.33,640.12 1 0
github.com/softivite/puxbay/internal/services/analytics_service.go:640.12,642.4 1 0
github.com/softivite/puxbay/internal/services/analytics_service.go:643.3,643.17 1 0
github.com/softivite/puxbay/internal/services/analytics_service.go:645.2,648.32 2 0
github.com/softivite/puxbay/internal/services/analytics_service.go:648.32,650.3 1 0
github.com/softivite/puxbay/internal/services/analytics_service.go:653.2,654.33 2 0
github.com/softivite/puxbay/internal/services/analytics_service.go:654.33,655.20 1 0
github.com/softivite/puxbay/internal/services/analytics_service.go:655.20,657.9 2 0
github.com/softivite/puxbay/internal/services/analytics_service.go:660.2,660.13 1 0
github.com/softivite/puxbay/internal/services/analytics_service.go:660.13,662.3 1 0
github.com/softivite/puxbay/internal/services/analytics_service.go:664.2,665.52 2 0
github.com/softivite/puxbay/internal/services/analytics_service.go:665.52,667.3 1 0
github.com/softivite/puxbay/internal/services/analytics_service.go:669.2,674.8 2 0
github.com/softivite/puxbay/internal/services/audit_service.go:18.49,20.2 1 0
github.com/softivite/puxbay/internal/services/audit_service.go:23.131,37.50 5 0
github.com/softivite/puxbay/internal/services/audit_service.go:37.50,40.3 2 0
github.com/softivite/puxbay/internal/services/audit_service.go:41.2,41.12 1 0
github.com/softivite/puxbay/internal/services/audit_service.go:45.136,59.2 5 0
github.com/softivite/puxbay/internal/services/auth_service.go:49.93,50.23 1 1
github.com/softivite/puxbay/internal/services/auth_service.go:50.23,52.3 1 1
github.com/softivite/puxbay/internal/services/auth_service.go:53.2,59.3 1 1
github.com/softivite/puxbay/internal/services/auth_service.go:63.136,65.16 2 0
github.com/softivite/puxbay/internal/services/auth_service.go:65.16,67.3 1 0
github.com/softivite/puxbay/internal/services/auth_service.go:69.2,70.16 2 0
github.com/softivite/puxbay/internal/services/auth_service.go:70.16,72.3 1 0
github.com/softivite/puxbay/internal/services/auth_service.go:74.2,77.8 1 0
github.com/softivite/puxbay/internal/services/auth_service.go:81.74,82.104 1 0
github.com/softivite/puxbay/internal/services/auth_service.go:82.104,83.58 1 0
github.com/softivite/puxbay/internal/services/auth_service.go:83.58,85.4 1 0
github.com/softivite/puxbay/internal/services/auth_service.go:86.3,86.26 1 0
github.com/softivite/puxbay/internal/services/auth_service.go:89.2,89.16 1 0
github.com/softivite/puxbay/internal/services/auth_service.go:89.16,91.3 1 0
github.com/softivite/puxbay/internal/services/auth_service.go:93.2,94.25 2 0
github.com/softivite/puxbay/internal/services/auth_service.go:94.25,96.3 1 0
github.com/softivite/puxbay/internal/services/auth_service.go:98.2,98.20 1 0
github.com/softivite/puxbay/internal/services/auth_service.go:102.83,104.16 2 0
github.com/softivite/puxbay/internal/services/auth_service.go:104.16,106.3 1 0
github.com/softivite/puxbay/internal/services/auth_service.go:108.2,108.35 1 0
github.com/softivite/puxbay/internal/services/auth_service.go:108.35,110.3 1 0
github.com/softivite/puxbay/internal/services/auth_service.go:113.2,113.21 1 0
github.com/softivite/puxbay/internal/services/auth_service.go:113.21,115.14 2 0
github.com/softivite/puxbay/internal/services/auth_service.go:115.14,117.4 1 0
github.com/softivite/puxbay/internal/services/auth_service.go:121.2,122.103 2 0
github.com/softivite/puxbay/internal/services/auth_service.go:122.103,124.3 1 0
github.com/softivite/puxbay/internal/services/auth_service.go:125.2,125.41 1 0
github.com/softivite/puxbay/internal/services/auth_service.go:125.41,127.3 1 0
github.com/softivite/puxbay/internal/services/auth_service.go:129.2,129.109 1 0
github.com/softivite/puxbay/internal/services/auth_service.go:134.77,136.16 2 0
github.com/softivite/puxbay/internal/services/auth_service.go:136.16,139.3 1 0
github.com/softivite/puxbay/internal/services/auth_service.go:140.2,140.21 1 0
github.com/softivite/puxbay/internal/services/auth_service.go:140.21,142.3 1 0
github.com/softivite/puxbay/internal/services/auth_service.go:143.2,144.14 2 0
github.com/softivite/puxbay/internal/services/auth_service.go:144.14,147.3 1 0
github.com/softivite/puxbay/internal/services/auth_service.go:148.2,148.52 1 0
github.com/softivite/puxbay/internal/services/auth_service.go:152.75,154.2 1 0
github.com/softivite/puxbay/internal/services/auth_service.go:157.69,159.16 2 0
github.com/softivite/puxbay/internal/services/auth_service.go:159.16,161.3 1 0
github.com/softivite/puxbay/internal/services/auth_service.go:162.2,162.26 1 0
github.com/softivite/puxbay/internal/services/auth_service.go:166.65,169.2 2 1
github.com/softivite/puxbay/internal/services/auth_service.go:172.66,174.41 2 0
github.com/softivite/puxbay/internal/services/auth_service.go:174.41,176.3 1 0
github.com/softivite/puxbay/internal/services/auth_service.go:178.2,179.45 2 0
github.com/softivite/puxbay/internal/services/auth_service.go:179.45,183.23 4 0
github.com/softivite/puxbay/internal/services/auth_service.go:183.23,185.4 1 0
github.com/softivite/puxbay/internal/services/auth_service.go:187.2,187.14 1 0
github.com/softivite/puxbay/internal/services/auth_service.go:190.71,192.26 2 0
github.com/softivite/puxbay/internal/services/auth_service.go:192.26,195.3 2 0
github.com/softivite/puxbay/internal/services/auth_service.go:197.2,208.33 7 0
github.com/softivite/puxbay/internal/services/auth_service.go:211.161,232.2 4 1
github.com/softivite/puxbay/internal/services/auth_service.go:239.92,247.25 3 0
github.com/softivite/puxbay/internal/services/auth_service.go:247.25,249.3 1 0
github.com/softivite/puxbay/internal/services/auth_service.go:251.2,251.22 1 0
github.com/softivite/puxbay/internal/services/auth_service.go:255.114,257.103 2 0
github.com/softivite/puxbay/internal/services/auth_service.go:257.103,259.3 1 0
github.com/softivite/puxbay/internal/services/auth_service.go:261.2,261.20 1 0
github.com/softivite/puxbay/internal/services/auth_service.go:261.20,263.3 1 0
github.com/softivite/puxbay/internal/services/auth_service.go:265.2,265.47 1 0
github.com/softivite/puxbay/internal/services/auth_service.go:265.47,267.3 1 0
github.com/softivite/puxbay/internal/services/auth_service.go:269.2,270.22 2 0
github.com/softivite/puxbay/internal/services/auth_service.go:270.22,278.3 1 0
github.com/softivite/puxbay/internal/services/auth_service.go:278.8,279.116 1 0
github.com/softivite/puxbay/internal/services/auth_service.go:279.116,281.4 1 0
github.com/softivite/puxbay/internal/services/auth_service.go:284.2,284.26 1 0
github.com/softivite/puxbay/internal/services/auth_service.go:284.26,285.21 1 0
github.com/softivite/puxbay/internal/services/auth_service.go:285.21,287.4 1 0
github.com/softivite/puxbay/internal/services/auth_service.go:288.3,288.59 1 0
github.com/softivite/puxbay/internal/services/auth_service.go:288.59,290.4 1 0
github.com/softivite/puxbay/internal/services/auth_service.go:291.3,291.56 1 0
github.com/softivite/puxbay/internal/services/auth_service.go:291.56,293.4 1 0
github.com/softivite/puxbay/internal/services/auth_service.go:296.2,297.16 2 0
github.com/softivite/puxbay/internal/services/auth_service.go:297.16,299.3 1 0
github.com/softivite/puxbay/internal/services/auth_service.go:301.2,301.30 1 0
github.com/softivite/puxbay/internal/services/auth_service.go:316.59,319.69 1 0
github.com/softivite/puxbay/internal/services/auth_service.go:319.69,321.3 1 0
github.com/softivite/puxbay/internal/services/auth_service.go:323.2,324.108 2 0
github.com/softivite/puxbay/internal/services/auth_service.go:324.108,326.3 1 0
github.com/softivite/puxbay/internal/services/auth_service.go:328.2,329.86 2 0
github.com/softivite/puxbay/internal/services/auth_service.go:329.86,331.3 1 0
github.com/softivite/puxbay/internal/services/auth_service.go:333.2,334.16 2 0
github.com/softivite/puxbay/internal/services/auth_service.go:334.16,336.3 1 0
github.com/softivite/puxbay/internal/services/auth_service.go:338.2,338.50 1 0
github.com/softivite/puxbay/internal/services/auth_service.go:338.50,340.50 2 0
github.com/softivite/puxbay/internal/services/auth_service.go:340.50,342.4 1 0
github.com/softivite/puxbay/internal/services/auth_service.go:344.3,352.48 2 0
github.com/softivite/puxbay/internal/services/auth_service.go:352.48,354.4 1 0
github.com/softivite/puxbay/internal/services/auth_service.go:356.3,361.51 2 0
github.com/softivite/puxbay/internal/services/auth_service.go:361.51,363.4 1 0
github.com/softivite/puxbay/internal/services/auth_service.go:365.3,366.50 2 0
github.com/softivite/puxbay/internal/services/auth_service.go:366.50,368.4 1 0
github.com/softivite/puxbay/internal/services/auth_service.go:370.3,371.51 2 0
github.com/softivite/puxbay/internal/services/auth_service.go:371.51,373.4 1 0
github.com/softivite/puxbay/internal/services/auth_service.go:375.3,381.56 3 0
github.com/softivite/puxbay/internal/services/auth_service.go:381.56,383.4 1 0
github.com/softivite/puxbay/internal/services/auth_service.go:386.3,386.76 1 0
github.com/softivite/puxbay/internal/services/auth_service.go:386.76,388.4 1 0
github.com/softivite/puxbay/internal/services/auth_service.go:391.3,391.79 1 0
github.com/softivite/puxbay/internal/services/auth_service.go:391.79,393.4 1 0
github.com/softivite/puxbay/internal/services/auth_service.go:396.3,396.56 1 0
github.com/softivite/puxbay/internal/services/auth_service.go:396.56,398.4 1 0
github.com/softivite/puxbay/internal/services/auth_service.go:400.3,400.13 1 0
github.com/softivite/puxbay/internal/services/b2b_service.go:15.45,17.2 1 0
github.com/softivite/puxbay/internal/services/b2b_service.go:19.94,24.61 3 0
github.com/softivite/puxbay/internal/services/b2b_service.go:24.61,26.3 1 0
github.com/softivite/puxbay/internal/services/b2b_service.go:28.2,28.54 1 0
github.com/softivite/puxbay/internal/services/b2b_service.go:28.54,30.3 1 0
github.com/softivite/puxbay/internal/services/b2b_service.go:31.2,31.24 1 0
github.com/softivite/puxbay/internal/services/b2b_service.go:45.77,47.16 2 0
github.com/softivite/puxbay/internal/services/b2b_service.go:47.16,49.3 1 0
github.com/softivite/puxbay/internal/services/b2b_service.go:51.2,57.49 2 0
github.com/softivite/puxbay/internal/services/b2b_service.go:57.49,59.95 2 0
github.com/softivite/puxbay/internal/services/b2b_service.go:59.95,61.4 1 0
github.com/softivite/puxbay/internal/services/b2b_service.go:63.3,63.49 1 0
github.com/softivite/puxbay/internal/services/b2b_service.go:63.49,65.4 1 0
github.com/softivite/puxbay/internal/services/b2b_service.go:67.3,69.39 2 0
github.com/softivite/puxbay/internal/services/b2b_service.go:69.39,71.80 2 0
github.com/softivite/puxbay/internal/services/b2b_service.go:71.80,73.5 1 0
github.com/softivite/puxbay/internal/services/b2b_service.go:75.4,76.34 2 0
github.com/softivite/puxbay/internal/services/b2b_service.go:76.34,78.5 1 0
github.com/softivite/puxbay/internal/services/b2b_service.go:81.4,81.68 1 0
github.com/softivite/puxbay/internal/services/b2b_service.go:81.68,83.5 1 0
github.com/softivite/puxbay/internal/services/b2b_service.go:85.4,92.50 2 0
github.com/softivite/puxbay/internal/services/b2b_service.go:92.50,94.5 1 0
github.com/softivite/puxbay/internal/services/b2b_service.go:95.4,95.32 1 0
github.com/softivite/puxbay/internal/services/b2b_service.go:98.3,100.47 3 0
github.com/softivite/puxbay/internal/services/b2b_service.go:100.47,102.4 1 0
github.com/softivite/puxbay/internal/services/b2b_service.go:104.3,104.13 1 0
github.com/softivite/puxbay/internal/services/b2b_service.go:107.2,107.16 1 0
github.com/softivite/puxbay/internal/services/b2b_service.go:107.16,109.3 1 0
github.com/softivite/puxbay/internal/services/b2b_service.go:111.2,111.22 1 0
github.com/softivite/puxbay/internal/services/b2b_service.go:119.85,121.63 2 0
github.com/softivite/puxbay/internal/services/b2b_service.go:121.63,123.3 1 0
github.com/softivite/puxbay/internal/services/b2b_service.go:125.2,125.31 1 0
github.com/softivite/puxbay/internal/services/b2b_service.go:125.31,128.3 2 0
github.com/softivite/puxbay/internal/services/b2b_service.go:128.8,128.37 1 0
github.com/softivite/puxbay/internal/services/b2b_service.go:128.37,130.3 1 0
github.com/softivite/puxbay/internal/services/b2b_service.go:130.8,132.3 1 0
github.com/softivite/puxbay/internal/services/b2b_service.go:134.2,134.48 1 0
github.com/softivite/puxbay/internal/services/b2b_service.go:134.48,136.3 1 0
github.com/softivite/puxbay/internal/services/b2b_service.go:138.2,138.26 1 0
github.com/softivite/puxbay/internal/services/b2b_service.go:141.63,143.92 2 0
github.com/softivite/puxbay/internal/services/b2b_service.go:143.92,145.3 1 0
github.com/softivite/puxbay/internal/services/b2b_service.go:146.2,146.23 1 0
github.com/softivite/puxbay/internal/services/barcode_service.go:20.53,22.2 1 0
github.com/softivite/puxbay/internal/services/barcode_service.go:24.91,26.78 2 0
github.com/softivite/puxbay/internal/services/barcode_service.go:26.78,28.3 1 0
github.com/softivite/puxbay/internal/services/barcode_service.go:30.2,31.54 2 0
github.com/softivite/puxbay/internal/services/barcode_service.go:31.54,33.3 1 0
github.com/softivite/puxbay/internal/services/barcode_service.go:35.2,35.23 1 0
github.com/softivite/puxbay/internal/services/barcode_service.go:35.23,37.3 1 0
github.com/softivite/puxbay/internal/services/barcode_service.go:39.2,40.16 2 0
github.com/softivite/puxbay/internal/services/barcode_service.go:40.16,42.3 1 0
github.com/softivite/puxbay/internal/services/barcode_service.go:44.2,45.16 2 0
github.com/softivite/puxbay/internal/services/barcode_service.go:45.16,47.3 1 0
github.com/softivite/puxbay/internal/services/barcode_service.go:49.2,50.49 2 0
github.com/softivite/puxbay/internal/services/barcode_service.go:50.49,52.3 1 0
github.com/softivite/puxbay/internal/services/barcode_service.go:54.2,54.38 1 0
github.com/softivite/puxbay/internal/services/barcode_service.go:57.78,59.78 2 0
github.com/softivite/puxbay/internal/services/barcode_service.go:59.78,61.3 1 0
github.com/softivite/puxbay/internal/services/barcode_service.go:63.2,66.16 3 0
github.com/softivite/puxbay/internal/services/barcode_service.go:66.16,68.3 1 0
github.com/softivite/puxbay/internal/services/barcode_service.go:70.2,71.16 2 0
github.com/softivite/puxbay/internal/services/barcode_service.go:71.16,73.3 1 0
github.com/softivite/puxbay/internal/services/barcode_service.go:75.2,76.49 2 0
github.com/softivite/puxbay/internal/services/barcode_service.go:76.49,78.3 1 0
github.com/softivite/puxbay/internal/services/barcode_service.go:80.2,80.25 1 0
github.com/softivite/puxbay/internal/services/barcode_service.go:83.95,85.32 2 0
github.com/softivite/puxbay/internal/services/barcode_service.go:85.32,87.17 2 0
github.com/softivite/puxbay/internal/services/barcode_service.go:87.17,89.4 1 0
github.com/softivite/puxbay/internal/services/barcode_service.go:91.2,91.21 1 0
github.com/softivite/puxbay/internal/services/billing_service.go:13.53,15.2 1 0
github.com/softivite/puxbay/internal/services/billing_service.go:17.92,19.89 2 0
github.com/softivite/puxbay/internal/services/billing_service.go:19.89,21.3 1 0
github.com/softivite/puxbay/internal/services/billing_service.go:23.2,24.97 2 0
github.com/softivite/puxbay/internal/services/billing_service.go:24.97,26.3 1 0
github.com/softivite/puxbay/internal/services/billing_service.go:27.2,27.22 1 0
github.com/softivite/puxbay/internal/services/billing_service.go:30.92,32.89 2 0
github.com/softivite/puxbay/internal/services/billing_service.go:32.89,34.3 1 0
github.com/softivite/puxbay/internal/services/billing_service.go:35.2,35.27 1 0
github.com/softivite/puxbay/internal/services/branch_service.go:16.51,18.2 1 0
github.com/softivite/puxbay/internal/services/branch_service.go:20.89,27.105 5 0
github.com/softivite/puxbay/internal/services/branch_service.go:27.105,29.3 1 0
github.com/softivite/puxbay/internal/services/branch_service.go:30.2,30.29 1 0
github.com/softivite/puxbay/internal/services/branch_service.go:44.87,45.32 1 0
github.com/softivite/puxbay/internal/services/branch_service.go:45.32,47.3 1 0
github.com/softivite/puxbay/internal/services/branch_service.go:49.2,50.123 2 0
github.com/softivite/puxbay/internal/services/branch_service.go:50.123,52.3 1 0
github.com/softivite/puxbay/internal/services/branch_service.go:54.2,58.30 4 0
github.com/softivite/puxbay/internal/services/branch_service.go:58.30,60.3 1 0
github.com/softivite/puxbay/internal/services/branch_service.go:60.8,60.30 1 0
github.com/softivite/puxbay/internal/services/branch_service.go:60.30,62.85 2 0
github.com/softivite/puxbay/internal/services/branch_service.go:62.85,64.4 1 0
github.com/softivite/puxbay/internal/services/branch_service.go:65.8,65.28 1 0
github.com/softivite/puxbay/internal/services/branch_service.go:65.28,67.3 1 0
github.com/softivite/puxbay/internal/services/branch_service.go:69.2,69.36 1 0
github.com/softivite/puxbay/internal/services/branch_service.go:69.36,71.3 1 0
github.com/softivite/puxbay/internal/services/branch_service.go:73.2,73.43 1 0
github.com/softivite/puxbay/internal/services/branch_service.go:73.43,75.3 1 0
github.com/softivite/puxbay/internal/services/branch_service.go:77.2,86.25 2 0
github.com/softivite/puxbay/internal/services/branch_service.go:86.25,88.3 1 0
github.com/softivite/puxbay/internal/services/branch_service.go:89.2,89.23 1 0
github.com/softivite/puxbay/internal/services/branch_service.go:89.23,91.3 1 0
github.com/softivite/puxbay/internal/services/branch_service.go:93.2,93.51 1 0
github.com/softivite/puxbay/internal/services/branch_service.go:93.51,95.3 1 0
github.com/softivite/puxbay/internal/services/branch_service.go:97.2,97.21 1 0
github.com/softivite/puxbay/internal/services/branch_service.go:100.70,102.70 2 0
github.com/softivite/puxbay/internal/services/branch_service.go:102.70,104.3 1 0
github.com/softivite/puxbay/internal/services/branch_service.go:105.2,105.21 1 0
github.com/softivite/puxbay/internal/services/branch_service.go:120.98,122.16 2 0
github.com/softivite/puxbay/internal/services/branch_service.go:122.16,124.3 1 0
github.com/softivite/puxbay/internal/services/branch_service.go:126.2,126.22 1 0
github.com/softivite/puxbay/internal/services/branch_service.go:126.22,128.3 1 0
github.com/softivite/puxbay/internal/services/branch_service.go:129.2,129.30 1 0
github.com/softivite/puxbay/internal/services/branch_service.go:129.30,131.3 1 0
github.com/softivite/puxbay/internal/services/branch_service.go:132.2,132.32 1 0
github.com/softivite/puxbay/internal/services/branch_service.go:132.32,134.3 1 0
github.com/softivite/puxbay/internal/services/branch_service.go:135.2,135.30 1 0
github.com/softivite/puxbay/internal/services/branch_service.go:135.30,137.3 1 0
github.com/softivite/puxbay/internal/services/branch_service.go:138.2,138.25 1 0
github.com/softivite/puxbay/internal/services/branch_service.go:138.25,140.3 1 0
github.com/softivite/puxbay/internal/services/branch_service.go:141.2,141.23 1 0
github.com/softivite/puxbay/internal/services/branch_service.go:141.23,143.3 1 0
github.com/softivite/puxbay/internal/services/branch_service.go:144.2,144.32 1 0
github.com/softivite/puxbay/internal/services/branch_service.go:144.32,146.3 1 0
github.com/softivite/puxbay/internal/services/branch_service.go:147.2,147.32 1 0
github.com/softivite/puxbay/internal/services/branch_service.go:147.32,149.3 1 0
github.com/softivite/puxbay/internal/services/branch_service.go:150.2,150.36 1 0
github.com/softivite/puxbay/internal/services/branch_service.go:150.36,152.3 1 0
github.com/softivite/puxbay/internal/services/branch_service.go:154.2,154.48 1 0
github.com/softivite/puxbay/internal/services/branch_service.go:154.48,156.3 1 0
github.com/softivite/puxbay/internal/services/branch_service.go:158.2,158.20 1 0
github.com/softivite/puxbay/internal/services/branch_service.go:161.55,163.2 1 0
github.com/softivite/puxbay/internal/services/branch_service.go:171.85,191.2 5 0
github.com/softivite/puxbay/internal/services/branch_service.go:202.83,229.27 10 0
github.com/softivite/puxbay/internal/services/branch_service.go:229.27,233.49 3 0
github.com/softivite/puxbay/internal/services/branch_service.go:233.49,236.4 2 0
github.com/softivite/puxbay/internal/services/branch_service.go:238.3,239.56 2 0
github.com/softivite/puxbay/internal/services/branch_service.go:239.56,241.4 1 0
github.com/softivite/puxbay/internal/services/branch_service.go:243.3,250.5 1 0
github.com/softivite/puxbay/internal/services/branch_service.go:252.2,254.22 2 0
github.com/softivite/puxbay/internal/services/cache_service.go:15.53,16.20 1 0
github.com/softivite/puxbay/internal/services/cache_service.go:16.20,18.3 1 0
github.com/softivite/puxbay/internal/services/cache_service.go:19.2,20.16 2 0
github.com/softivite/puxbay/internal/services/cache_service.go:20.16,22.3 1 0
github.com/softivite/puxbay/internal/services/cache_service.go:23.2,24.38 2 0
github.com/softivite/puxbay/internal/services/cache_service.go:27.105,28.21 1 0
github.com/softivite/puxbay/internal/services/cache_service.go:28.21,30.3 1 0
github.com/softivite/puxbay/internal/services/cache_service.go:31.2,32.16 2 0
github.com/softivite/puxbay/internal/services/cache_service.go:32.16,34.3 1 0
github.com/softivite/puxbay/internal/services/cache_service.go:35.2,35.49 1 0
github.com/softivite/puxbay/internal/services/cache_service.go:38.85,39.21 1 0
github.com/softivite/puxbay/internal/services/cache_service.go:39.21,41.3 1 0
github.com/softivite/puxbay/internal/services/cache_service.go:42.2,43.16 2 0
github.com/softivite/puxbay/internal/services/cache_service.go:43.16,45.3 1 0
github.com/softivite/puxbay/internal/services/cache_service.go:46.2,46.36 1 0
github.com/softivite/puxbay/internal/services/cache_service.go:49.70,50.21 1 0
github.com/softivite/puxbay/internal/services/cache_service.go:50.21,52.3 1 0
github.com/softivite/puxbay/internal/services/cache_service.go:53.2,53.37 1 0
github.com/softivite/puxbay/internal/services/category_service.go:14.55,16.2 1 0
github.com/softivite/puxbay/internal/services/category_service.go:24.73,26.53 2 0
github.com/softivite/puxbay/internal/services/category_service.go:26.53,28.3 1 0
github.com/softivite/puxbay/internal/services/category_service.go:30.2,31.33 2 0
github.com/softivite/puxbay/internal/services/category_service.go:31.33,35.3 3 0
github.com/softivite/puxbay/internal/services/category_service.go:36.2,36.20 1 0
github.com/softivite/puxbay/internal/services/category_service.go:45.95,50.23 2 0
github.com/softivite/puxbay/internal/services/category_service.go:50.23,52.3 1 0
github.com/softivite/puxbay/internal/services/category_service.go:54.2,54.53 1 0
github.com/softivite/puxbay/internal/services/category_service.go:54.53,56.3 1 0
github.com/softivite/puxbay/internal/services/category_service.go:58.2,58.23 1 0
github.com/softivite/puxbay/internal/services/category_service.go:61.76,63.72 2 0
github.com/softivite/puxbay/internal/services/category_service.go:63.72,65.3 1 0
github.com/softivite/puxbay/internal/services/category_service.go:66.2,66.23 1 0
github.com/softivite/puxbay/internal/services/category_service.go:75.106,77.16 2 0
github.com/softivite/puxbay/internal/services/category_service.go:77.16,79.3 1 0
github.com/softivite/puxbay/internal/services/category_service.go:81.2,83.23 3 0
github.com/softivite/puxbay/internal/services/category_service.go:83.23,85.3 1 0
github.com/softivite/puxbay/internal/services/category_service.go:87.2,87.50 1 0
github.com/softivite/puxbay/internal/services/category_service.go:87.50,89.3 1 0
github.com/softivite/puxbay/internal/services/category_service.go:91.2,91.22 1 0
github.com/softivite/puxbay/internal/services/category_service.go:94.59,96.2 1 0
github.com/softivite/puxbay/internal/services/copilot_service.go:25.73,26.35 1 0
github.com/softivite/puxbay/internal/services/copilot_service.go:26.35,29.3 2 0
github.com/softivite/puxbay/internal/services/copilot_service.go:31.2,33.16 3 0
github.com/softivite/puxbay/internal/services/copilot_service.go:33.16,36.3 2 0
github.com/softivite/puxbay/internal/services/copilot_service.go:38.2,81.3 4 0
github.com/softivite/puxbay/internal/services/copilot_service.go:90.111,91.21 1 0
github.com/softivite/puxbay/internal/services/copilot_service.go:91.21,93.3 1 0
github.com/softivite/puxbay/internal/services/copilot_service.go:95.2,98.30 2 0
github.com/softivite/puxbay/internal/services/copilot_service.go:98.30,99.26 1 0
github.com/softivite/puxbay/internal/services/copilot_service.go:99.26,100.9 1 0
github.com/softivite/puxbay/internal/services/copilot_service.go:102.3,103.26 2 0
github.com/softivite/puxbay/internal/services/copilot_service.go:103.26,105.4 1 0
github.com/softivite/puxbay/internal/services/copilot_service.go:106.3,109.5 1 0
github.com/softivite/puxbay/internal/services/copilot_service.go:112.2,115.16 3 0
github.com/softivite/puxbay/internal/services/copilot_service.go:115.16,117.3 1 0
github.com/softivite/puxbay/internal/services/copilot_service.go:119.2,119.55 1 0
github.com/softivite/puxbay/internal/services/copilot_service.go:122.163,123.31 1 0
github.com/softivite/puxbay/internal/services/copilot_service.go:123.31,125.3 1 0
github.com/softivite/puxbay/internal/services/copilot_service.go:127.2,130.51 2 0
github.com/softivite/puxbay/internal/services/copilot_service.go:130.51,134.24 2 0
github.com/softivite/puxbay/internal/services/copilot_service.go:135.31,137.61 2 0
github.com/softivite/puxbay/internal/services/copilot_service.go:137.61,138.32 1 0
github.com/softivite/puxbay/internal/services/copilot_service.go:138.32,140.6 1 0
github.com/softivite/puxbay/internal/services/copilot_service.go:142.4,142.65 1 0
github.com/softivite/puxbay/internal/services/copilot_service.go:144.28,146.54 2 0
github.com/softivite/puxbay/internal/services/copilot_service.go:146.54,147.36 1 0
github.com/softivite/puxbay/internal/services/copilot_service.go:147.36,149.6 1 0
github.com/softivite/puxbay/internal/services/copilot_service.go:151.4,151.56 1 0
github.com/softivite/puxbay/internal/services/copilot_service.go:153.11,154.68 1 0
github.com/softivite/puxbay/internal/services/copilot_service.go:158.3,165.17 3 0
github.com/softivite/puxbay/internal/services/copilot_service.go:165.17,167.4 1 0
github.com/softivite/puxbay/internal/services/copilot_service.go:169.3,169.64 1 0
github.com/softivite/puxbay/internal/services/copilot_service.go:173.2,173.38 1 0
github.com/softivite/puxbay/internal/services/copilot_service.go:173.38,175.3 1 0
github.com/softivite/puxbay/internal/services/copilot_service.go:177.2,177.52 1 0
github.com/softivite/puxbay/internal/services/copilot_service.go:182.111,188.18 3 0
github.com/softivite/puxbay/internal/services/copilot_service.go:188.18,190.3 1 0
github.com/softivite/puxbay/internal/services/copilot_service.go:192.2,198.29 5 0
github.com/softivite/puxbay/internal/services/copilot_service.go:198.29,205.38 2 0
github.com/softivite/puxbay/internal/services/copilot_service.go:205.38,207.4 1 0
github.com/softivite/puxbay/internal/services/copilot_service.go:210.2,214.3 1 0
github.com/softivite/puxbay/internal/services/copilot_service.go:217.104,221.16 3 0
github.com/softivite/puxbay/internal/services/copilot_service.go:222.15,223.84 1 0
github.com/softivite/puxbay/internal/services/copilot_service.go:224.19,225.49 1 0
github.com/softivite/puxbay/internal/services/copilot_service.go:226.20,227.76 1 0
github.com/softivite/puxbay/internal/services/copilot_service.go:228.19,229.66 1 0
github.com/softivite/puxbay/internal/services/copilot_service.go:230.10,232.19 2 0
github.com/softivite/puxbay/internal/services/copilot_service.go:235.2,249.3 3 0
github.com/softivite/puxbay/internal/services/crm_service.go:15.45,17.2 1 0
github.com/softivite/puxbay/internal/services/crm_service.go:19.102,21.22 2 0
github.com/softivite/puxbay/internal/services/crm_service.go:21.22,23.3 1 0
github.com/softivite/puxbay/internal/services/crm_service.go:25.2,26.91 2 0
github.com/softivite/puxbay/internal/services/crm_service.go:26.91,28.3 1 0
github.com/softivite/puxbay/internal/services/crm_service.go:29.2,29.26 1 0
github.com/softivite/puxbay/internal/services/crm_service.go:32.78,34.18 2 0
github.com/softivite/puxbay/internal/services/crm_service.go:34.18,36.3 1 0
github.com/softivite/puxbay/internal/services/crm_service.go:38.2,39.78 2 0
github.com/softivite/puxbay/internal/services/crm_service.go:39.78,41.3 1 0
github.com/softivite/puxbay/internal/services/crm_service.go:42.2,42.23 1 0
github.com/softivite/puxbay/internal/services/crm_service.go:45.70,48.2 2 0
github.com/softivite/puxbay/internal/services/crm_service.go:50.68,52.52 2 0
github.com/softivite/puxbay/internal/services/crm_service.go:52.52,57.54 2 0
github.com/softivite/puxbay/internal/services/crm_service.go:57.54,59.4 1 0
github.com/softivite/puxbay/internal/services/crm_service.go:61.2,61.23 1 0
github.com/softivite/puxbay/internal/services/crm_service.go:64.112,66.52 2 0
github.com/softivite/puxbay/internal/services/crm_service.go:66.52,69.3 2 0
github.com/softivite/puxbay/internal/services/crm_service.go:71.2,73.51 3 0
github.com/softivite/puxbay/internal/services/crm_service.go:73.51,75.3 1 0
github.com/softivite/puxbay/internal/services/crm_service.go:76.2,76.23 1 0
github.com/softivite/puxbay/internal/services/crm_service.go:79.73,81.71 2 0
github.com/softivite/puxbay/internal/services/crm_service.go:81.71,83.3 1 0
github.com/softivite/puxbay/internal/services/crm_service.go:84.2,84.19 1 0
github.com/softivite/puxbay/internal/services/crm_service.go:87.74,89.2 1 0
github.com/softivite/puxbay/internal/services/crm_service.go:91.109,93.16 2 0
github.com/softivite/puxbay/internal/services/crm_service.go:93.16,95.3 1 0
github.com/softivite/puxbay/internal/services/crm_service.go:97.2,98.72 2 0
github.com/softivite/puxbay/internal/services/crm_service.go:98.72,100.3 1 0
github.com/softivite/puxbay/internal/services/crm_service.go:102.2,106.47 4 0
github.com/softivite/puxbay/internal/services/crm_service.go:106.47,108.3 1 0
github.com/softivite/puxbay/internal/services/crm_service.go:109.2,109.19 1 0
github.com/softivite/puxbay/internal/services/crm_service.go:112.58,114.16 2 0
github.com/softivite/puxbay/internal/services/crm_service.go:114.16,116.3 1 0
github.com/softivite/puxbay/internal/services/crm_service.go:118.2,118.90 1 0
github.com/softivite/puxbay/internal/services/crm_service.go:118.90,120.3 1 0
github.com/softivite/puxbay/internal/services/crm_service.go:121.2,121.12 1 0
github.com/softivite/puxbay/internal/services/crm_service.go:129.101,131.117 2 0
github.com/softivite/puxbay/internal/services/crm_service.go:131.117,133.3 1 0
github.com/softivite/puxbay/internal/services/crm_service.go:135.2,136.80 2 0
github.com/softivite/puxbay/internal/services/crm_service.go:136.80,138.3 1 0
github.com/softivite/puxbay/internal/services/crm_service.go:140.2,143.8 1 0
github.com/softivite/puxbay/internal/services/crm_service.go:152.147,154.16 2 0
github.com/softivite/puxbay/internal/services/crm_service.go:154.16,156.3 1 0
github.com/softivite/puxbay/internal/services/crm_service.go:158.2,159.80 2 0
github.com/softivite/puxbay/internal/services/crm_service.go:159.80,161.3 1 0
github.com/softivite/puxbay/internal/services/crm_service.go:163.2,164.17 2 0
github.com/softivite/puxbay/internal/services/crm_service.go:164.17,166.3 1 0
github.com/softivite/puxbay/internal/services/crm_service.go:167.2,169.51 2 0
github.com/softivite/puxbay/internal/services/crm_service.go:169.51,171.3 1 0
github.com/softivite/puxbay/internal/services/crm_service.go:173.2,180.47 2 0
github.com/softivite/puxbay/internal/services/crm_service.go:180.47,182.3 1 0
github.com/softivite/puxbay/internal/services/crm_service.go:184.2,184.28 1 0
github.com/softivite/puxbay/internal/services/crm_service.go:187.75,189.76 2 0
github.com/softivite/puxbay/internal/services/crm_service.go:189.76,191.3 1 0
github.com/softivite/puxbay/internal/services/crm_service.go:192.2,192.22 1 0
github.com/softivite/puxbay/internal/services/customer_service.go:16.55,18.2 1 0
github.com/softivite/puxbay/internal/services/customer_service.go:20.109,26.18 4 0
github.com/softivite/puxbay/internal/services/customer_service.go:26.18,29.3 1 0
github.com/softivite/puxbay/internal/services/customer_service.go:31.2,33.81 2 0
github.com/softivite/puxbay/internal/services/customer_service.go:33.81,35.3 1 0
github.com/softivite/puxbay/internal/services/customer_service.go:37.2,37.30 1 0
github.com/softivite/puxbay/internal/services/customer_service.go:47.89,52.23 2 0
github.com/softivite/puxbay/internal/services/customer_service.go:52.23,54.3 1 0
github.com/softivite/puxbay/internal/services/customer_service.go:55.2,55.23 1 0
github.com/softivite/puxbay/internal/services/customer_service.go:55.23,57.3 1 0
github.com/softivite/puxbay/internal/services/customer_service.go:58.2,58.25 1 0
github.com/softivite/puxbay/internal/services/customer_service.go:58.25,60.3 1 0
github.com/softivite/puxbay/internal/services/customer_service.go:62.2,62.53 1 0
github.com/softivite/puxbay/internal/services/customer_service.go:62.53,64.3 1 0
github.com/softivite/puxbay/internal/services/customer_service.go:66.2,66.23 1 0
github.com/softivite/puxbay/internal/services/customer_service.go:71.95,72.23 1 0
github.com/softivite/puxbay/internal/services/customer_service.go:72.23,75.17 3 0
github.com/softivite/puxbay/internal/services/customer_service.go:75.17,77.55 1 0
github.com/softivite/puxbay/internal/services/customer_service.go:77.55,80.5 2 0
github.com/softivite/puxbay/internal/services/customer_service.go:81.4,81.25 1 0
github.com/softivite/puxbay/internal/services/customer_service.go:84.2,84.32 1 0
github.com/softivite/puxbay/internal/services/customer_service.go:87.76,89.72 2 0
github.com/softivite/puxbay/internal/services/customer_service.go:89.72,91.3 1 0
github.com/softivite/puxbay/internal/services/customer_service.go:92.2,92.23 1 0
github.com/softivite/puxbay/internal/services/customer_service.go:95.100,97.72 2 0
github.com/softivite/puxbay/internal/services/customer_service.go:97.72,99.3 1 0
github.com/softivite/puxbay/internal/services/customer_service.go:101.2,103.23 2 0
github.com/softivite/puxbay/internal/services/customer_service.go:103.23,105.3 1 0
github.com/softivite/puxbay/internal/services/customer_service.go:105.8,107.3 1 0
github.com/softivite/puxbay/internal/services/customer_service.go:109.2,109.23 1 0
github.com/softivite/puxbay/internal/services/customer_service.go:109.23,111.3 1 0
github.com/softivite/puxbay/internal/services/customer_service.go:111.8,113.3 1 0
github.com/softivite/puxbay/internal/services/customer_service.go:115.2,115.25 1 0
github.com/softivite/puxbay/internal/services/customer_service.go:115.25,117.3 1 0
github.com/softivite/puxbay/internal/services/customer_service.go:117.8,119.3 1 0
github.com/softivite/puxbay/internal/services/customer_service.go:121.2,121.51 1 0
github.com/softivite/puxbay/internal/services/customer_service.go:121.51,123.3 1 0
github.com/softivite/puxbay/internal/services/customer_service.go:125.2,125.23 1 0
github.com/softivite/puxbay/internal/services/customer_service.go:128.59,129.82 1 0
github.com/softivite/puxbay/internal/services/customer_service.go:129.82,131.3 1 0
github.com/softivite/puxbay/internal/services/customer_service.go:132.2,132.12 1 0
github.com/softivite/puxbay/internal/services/customer_service.go:134.110,135.50 1 0
github.com/softivite/puxbay/internal/services/customer_service.go:135.50,137.115 2 0
github.com/softivite/puxbay/internal/services/customer_service.go:137.115,139.4 1 0
github.com/softivite/puxbay/internal/services/customer_service.go:141.3,141.18 1 0
github.com/softivite/puxbay/internal/services/customer_service.go:141.18,143.4 1 0
github.com/softivite/puxbay/internal/services/customer_service.go:145.3,146.31 2 0
github.com/softivite/puxbay/internal/services/customer_service.go:146.31,147.41 1 0
github.com/softivite/puxbay/internal/services/customer_service.go:147.41,150.5 2 0
github.com/softivite/puxbay/internal/services/customer_service.go:150.10,153.5 2 0
github.com/softivite/puxbay/internal/services/customer_service.go:157.3,157.20 1 0
github.com/softivite/puxbay/internal/services/customer_service.go:157.20,167.53 3 0
github.com/softivite/puxbay/internal/services/customer_service.go:167.53,169.5 1 0
github.com/softivite/puxbay/internal/services/customer_service.go:172.3,172.34 1 0
github.com/softivite/puxbay/internal/services/email_service.go:33.76,35.2 1 0
github.com/softivite/puxbay/internal/services/email_service.go:37.65,39.74 2 0
github.com/softivite/puxbay/internal/services/email_service.go:39.74,42.3 1 0
github.com/softivite/puxbay/internal/services/email_service.go:44.2,45.44 2 0
github.com/softivite/puxbay/internal/services/email_service.go:45.44,47.3 1 0
github.com/softivite/puxbay/internal/services/email_service.go:48.2,54.23 3 0
github.com/softivite/puxbay/internal/services/email_service.go:54.23,56.3 1 0
github.com/softivite/puxbay/internal/services/email_service.go:58.2,63.23 4 0
github.com/softivite/puxbay/internal/services/email_service.go:63.23,64.86 1 0
github.com/softivite/puxbay/internal/services/email_service.go:64.86,66.4 1 0
github.com/softivite/puxbay/internal/services/email_service.go:67.8,69.3 1 0
github.com/softivite/puxbay/internal/services/email_service.go:71.2,71.12 1 0
github.com/softivite/puxbay/internal/services/email_service.go:74.71,76.119 2 0
github.com/softivite/puxbay/internal/services/email_service.go:76.119,78.3 1 0
github.com/softivite/puxbay/internal/services/email_service.go:80.2,81.16 2 0
github.com/softivite/puxbay/internal/services/email_service.go:81.16,83.3 1 0
github.com/softivite/puxbay/internal/services/email_service.go:85.2,89.10 1 0
github.com/softivite/puxbay/internal/services/email_service.go:96.81,100.16 3 0
github.com/softivite/puxbay/internal/services/email_service.go:100.16,103.3 2 0
github.com/softivite/puxbay/internal/services/email_service.go:105.2,106.50 2 0
github.com/softivite/puxbay/internal/services/email_service.go:106.50,109.3 2 0
github.com/softivite/puxbay/internal/services/email_service.go:111.2,111.23 1 0
github.com/softivite/puxbay/internal/services/email_service.go:111.23,114.3 2 0
github.com/softivite/puxbay/internal/services/email_service.go:116.2,125.82 5 0
github.com/softivite/puxbay/internal/services/email_service.go:125.82,127.3 1 0
github.com/softivite/puxbay/internal/services/email_service.go:131.69,133.136 2 0
github.com/softivite/puxbay/internal/services/email_service.go:133.136,135.3 1 0
github.com/softivite/puxbay/internal/services/email_service.go:136.2,136.27 1 0
github.com/softivite/puxbay/internal/services/email_service.go:139.83,141.14 2 0
github.com/softivite/puxbay/internal/services/email_service.go:141.14,143.3 1 0
github.com/softivite/puxbay/internal/services/email_service.go:145.2,157.36 3 0
github.com/softivite/puxbay/internal/services/email_service.go:160.68,162.14 2 0
github.com/softivite/puxbay/internal/services/email_service.go:162.14,164.3 1 0
github.com/softivite/puxbay/internal/services/email_service.go:166.2,178.36 3 0
github.com/softivite/puxbay/internal/services/email_service.go:181.69,183.14 2 0
github.com/softivite/puxbay/internal/services/email_service.go:183.14,185.3 1 0
github.com/softivite/puxbay/internal/services/email_service.go:187.2,199.36 3 0
github.com/softivite/puxbay/internal/services/encryption_service.go:21.81,22.19 1 0
github.com/softivite/puxbay/internal/services/encryption_service.go:22.19,24.3 1 0
github.com/softivite/puxbay/internal/services/encryption_service.go:27.2,28.16 2 0
github.com/softivite/puxbay/internal/services/encryption_service.go:28.16,31.17 2 0
github.com/softivite/puxbay/internal/services/encryption_service.go:31.17,33.4 1 0
github.com/softivite/puxbay/internal/services/encryption_service.go:38.2,38.19 1 0
github.com/softivite/puxbay/internal/services/encryption_service.go:38.19,40.3 1 0
github.com/softivite/puxbay/internal/services/encryption_service.go:41.2,41.19 1 0
github.com/softivite/puxbay/internal/services/encryption_service.go:41.19,43.3 1 0
github.com/softivite/puxbay/internal/services/encryption_service.go:45.2,45.42 1 0
github.com/softivite/puxbay/internal/services/encryption_service.go:49.71,50.37 1 0
github.com/softivite/puxbay/internal/services/encryption_service.go:50.37,52.3 1 0
github.com/softivite/puxbay/internal/services/encryption_service.go:54.2,55.16 2 0
github.com/softivite/puxbay/internal/services/encryption_service.go:55.16,57.3 1 0
github.com/softivite/puxbay/internal/services/encryption_service.go:59.2,60.16 2 0
github.com/softivite/puxbay/internal/services/encryption_service.go:60.16,62.3 1 0
github.com/softivite/puxbay/internal/services/encryption_service.go:64.2,65.59 2 0
github.com/softivite/puxbay/internal/services/encryption_service.go:65.59,67.3 1 0
github.com/softivite/puxbay/internal/services/encryption_service.go:69.2,70.59 2 0
github.com/softivite/puxbay/internal/services/encryption_service.go:74.69,75.35 1 0
github.com/softivite/puxbay/internal/services/encryption_service.go:75.35,77.3 1 0
github.com/softivite/puxbay/internal/services/encryption_service.go:79.2,80.16 2 0
github.com/softivite/puxbay/internal/services/encryption_service.go:80.16,83.3 1 0
github.com/softivite/puxbay/internal/services/encryption_service.go:85.2,86.16 2 0
github.com/softivite/puxbay/internal/services/encryption_service.go:86.16,88.3 1 0
github.com/softivite/puxbay/internal/services/encryption_service.go:90.2,91.16 2 0
github.com/softivite/puxbay/internal/services/encryption_service.go:91.16,93.3 1 0
github.com/softivite/puxbay/internal/services/encryption_service.go:95.2,96.33 2 0
github.com/softivite/puxbay/internal/services/encryption_service.go:96.33,98.3 1 0
github.com/softivite/puxbay/internal/services/encryption_service.go:100.2,102.16 3 0
github.com/softivite/puxbay/internal/services/encryption_service.go:102.16,105.3 1 0
github.com/softivite/puxbay/internal/services/encryption_service.go:107.2,107.31 1 0
github.com/softivite/puxbay/internal/services/export_service.go:17.51,19.2 1 0
github.com/softivite/puxbay/internal/services/export_service.go:21.108,23.20 2 0
github.com/softivite/puxbay/internal/services/export_service.go:23.20,25.3 1 0
github.com/softivite/puxbay/internal/services/export_service.go:26.2,26.24 1 0
github.com/softivite/puxbay/internal/services/export_service.go:26.24,27.67 1 0
github.com/softivite/puxbay/internal/services/export_service.go:27.67,29.4 1 0
github.com/softivite/puxbay/internal/services/export_service.go:31.2,31.22 1 0
github.com/softivite/puxbay/internal/services/export_service.go:31.22,32.65 1 0
github.com/softivite/puxbay/internal/services/export_service.go:32.65,34.4 1 0
github.com/softivite/puxbay/internal/services/export_service.go:37.2,38.50 2 0
github.com/softivite/puxbay/internal/services/export_service.go:38.50,40.3 1 0
github.com/softivite/puxbay/internal/services/export_service.go:42.2,47.31 4 0
github.com/softivite/puxbay/internal/services/export_service.go:47.31,59.3 1 0
github.com/softivite/puxbay/internal/services/export_service.go:60.2,60.12 1 0
github.com/softivite/puxbay/internal/services/export_service.go:63.84,65.20 2 0
github.com/softivite/puxbay/internal/services/export_service.go:65.20,67.3 1 0
github.com/softivite/puxbay/internal/services/export_service.go:69.2,70.52 2 0
github.com/softivite/puxbay/internal/services/export_service.go:70.52,72.3 1 0
github.com/softivite/puxbay/internal/services/export_service.go:74.2,79.35 4 0
github.com/softivite/puxbay/internal/services/export_service.go:79.35,81.29 2 0
github.com/softivite/puxbay/internal/services/export_service.go:81.29,83.4 1 0
github.com/softivite/puxbay/internal/services/export_service.go:84.3,94.5 1 0
github.com/softivite/puxbay/internal/services/export_service.go:96.2,96.12 1 0
github.com/softivite/puxbay/internal/services/export_service.go:99.85,101.20 2 0
github.com/softivite/puxbay/internal/services/export_service.go:101.20,103.3 1 0
github.com/softivite/puxbay/internal/services/export_service.go:105.2,106.70 2 0
github.com/softivite/puxbay/internal/services/export_service.go:106.70,108.3 1 0
github.com/softivite/puxbay/internal/services/export_service.go:110.2,115.35 4 0
github.com/softivite/puxbay/internal/services/export_service.go:115.35,126.3 1 0
github.com/softivite/puxbay/internal/services/export_service.go:127.2,127.12 1 0
github.com/softivite/puxbay/internal/services/export_service.go:130.68,132.70 2 0
github.com/softivite/puxbay/internal/services/export_service.go:132.70,134.3 1 0
github.com/softivite/puxbay/internal/services/export_service.go:136.2,141.37 4 0
github.com/softivite/puxbay/internal/services/export_service.go:141.37,143.28 2 0
github.com/softivite/puxbay/internal/services/export_service.go:143.28,145.4 1 0
github.com/softivite/puxbay/internal/services/export_service.go:146.3,147.28 2 0
github.com/softivite/puxbay/internal/services/export_service.go:147.28,149.4 1 0
github.com/softivite/puxbay/internal/services/export_service.go:150.3,159.5 1 0
github.com/softivite/puxbay/internal/services/export_service.go:161.2,161.12 1 0
github.com/softivite/puxbay/internal/services/financial_service.go:16.57,18.2 1 0
github.com/softivite/puxbay/internal/services/financial_service.go:20.131,23.20 3 0
github.com/softivite/puxbay/internal/services/financial_service.go:23.20,25.3 1 0
github.com/softivite/puxbay/internal/services/financial_service.go:26.2,26.21 1 0
github.com/softivite/puxbay/internal/services/financial_service.go:26.21,27.56 1 0
github.com/softivite/puxbay/internal/services/financial_service.go:27.56,29.4 1 0
github.com/softivite/puxbay/internal/services/financial_service.go:31.2,31.19 1 0
github.com/softivite/puxbay/internal/services/financial_service.go:31.19,32.54 1 0
github.com/softivite/puxbay/internal/services/financial_service.go:32.54,35.4 1 0
github.com/softivite/puxbay/internal/services/financial_service.go:37.2,37.52 1 0
github.com/softivite/puxbay/internal/services/financial_service.go:37.52,39.3 1 0
github.com/softivite/puxbay/internal/services/financial_service.go:40.2,40.22 1 0
github.com/softivite/puxbay/internal/services/financial_service.go:55.58,57.61 1 0
github.com/softivite/puxbay/internal/services/financial_service.go:57.61,59.3 1 0
github.com/softivite/puxbay/internal/services/financial_service.go:60.2,60.61 1 0
github.com/softivite/puxbay/internal/services/financial_service.go:60.61,62.3 1 0
github.com/softivite/puxbay/internal/services/financial_service.go:63.2,63.87 1 0
github.com/softivite/puxbay/internal/services/financial_service.go:66.93,68.16 2 0
github.com/softivite/puxbay/internal/services/financial_service.go:68.16,70.3 1 0
github.com/softivite/puxbay/internal/services/financial_service.go:72.2,73.16 2 0
github.com/softivite/puxbay/internal/services/financial_service.go:73.16,75.3 1 0
github.com/softivite/puxbay/internal/services/financial_service.go:77.2,86.28 2 0
github.com/softivite/puxbay/internal/services/financial_service.go:86.28,88.3 1 0
github.com/softivite/puxbay/internal/services/financial_service.go:89.2,91.52 2 0
github.com/softivite/puxbay/internal/services/financial_service.go:91.52,93.3 1 0
github.com/softivite/puxbay/internal/services/financial_service.go:95.2,95.22 1 0
github.com/softivite/puxbay/internal/services/financial_service.go:108.107,110.65 2 0
github.com/softivite/puxbay/internal/services/financial_service.go:110.65,112.3 1 0
github.com/softivite/puxbay/internal/services/financial_service.go:114.2,119.28 2 0
github.com/softivite/puxbay/internal/services/financial_service.go:119.28,121.17 2 0
github.com/softivite/puxbay/internal/services/financial_service.go:121.17,123.4 1 0
github.com/softivite/puxbay/internal/services/financial_service.go:126.2,126.22 1 0
github.com/softivite/puxbay/internal/services/financial_service.go:126.22,128.17 2 0
github.com/softivite/puxbay/internal/services/financial_service.go:128.17,130.4 1 0
github.com/softivite/puxbay/internal/services/financial_service.go:133.2,133.30 1 0
github.com/softivite/puxbay/internal/services/financial_service.go:133.30,135.3 1 0
github.com/softivite/puxbay/internal/services/financial_service.go:136.2,136.37 1 0
github.com/softivite/puxbay/internal/services/financial_service.go:136.37,138.3 1 0
github.com/softivite/puxbay/internal/services/financial_service.go:139.2,139.29 1 0
github.com/softivite/puxbay/internal/services/financial_service.go:139.29,141.3 1 0
github.com/softivite/puxbay/internal/services/financial_service.go:143.2,143.68 1 0
github.com/softivite/puxbay/internal/services/financial_service.go:143.68,145.3 1 0
github.com/softivite/puxbay/internal/services/financial_service.go:147.2,147.22 1 0
github.com/softivite/puxbay/internal/services/financial_service.go:150.62,152.2 1 0
github.com/softivite/puxbay/internal/services/financial_service.go:171.137,184.20 5 0
github.com/softivite/puxbay/internal/services/financial_service.go:184.20,186.3 1 0
github.com/softivite/puxbay/internal/services/financial_service.go:187.2,187.21 1 0
github.com/softivite/puxbay/internal/services/financial_service.go:187.21,188.56 1 0
github.com/softivite/puxbay/internal/services/financial_service.go:188.56,190.4 1 0
github.com/softivite/puxbay/internal/services/financial_service.go:192.2,192.19 1 0
github.com/softivite/puxbay/internal/services/financial_service.go:192.19,193.54 1 0
github.com/softivite/puxbay/internal/services/financial_service.go:193.54,195.4 1 0
github.com/softivite/puxbay/internal/services/financial_service.go:197.2,204.20 4 0
github.com/softivite/puxbay/internal/services/financial_service.go:204.20,206.3 1 0
github.com/softivite/puxbay/internal/services/financial_service.go:207.2,207.21 1 0
github.com/softivite/puxbay/internal/services/financial_service.go:207.21,208.56 1 0
github.com/softivite/puxbay/internal/services/financial_service.go:208.56,210.4 1 0
github.com/softivite/puxbay/internal/services/financial_service.go:212.2,212.19 1 0
github.com/softivite/puxbay/internal/services/financial_service.go:212.19,213.54 1 0
github.com/softivite/puxbay/internal/services/financial_service.go:213.54,215.4 1 0
github.com/softivite/puxbay/internal/services/financial_service.go:217.2,222.20 4 0
github.com/softivite/puxbay/internal/services/financial_service.go:222.20,224.3 1 0
github.com/softivite/puxbay/internal/services/financial_service.go:225.2,225.21 1 0
github.com/softivite/puxbay/internal/services/financial_service.go:225.21,226.56 1 0
github.com/softivite/puxbay/internal/services/financial_service.go:226.56,228.4 1 0
github.com/softivite/puxbay/internal/services/financial_service.go:230.2,230.19 1 0
github.com/softivite/puxbay/internal/services/financial_service.go:230.19,231.54 1 0
github.com/softivite/puxbay/internal/services/financial_service.go:231.54,233.4 1 0
github.com/softivite/puxbay/internal/services/financial_service.go:235.2,248.20 8 0
github.com/softivite/puxbay/internal/services/financial_service.go:248.20,250.3 1 0
github.com/softivite/puxbay/internal/services/financial_service.go:251.2,259.20 4 0
github.com/softivite/puxbay/internal/services/financial_service.go:259.20,261.3 1 0
github.com/softivite/puxbay/internal/services/financial_service.go:262.2,267.26 4 0
github.com/softivite/puxbay/internal/services/financial_service.go:267.26,269.3 1 0
github.com/softivite/puxbay/internal/services/financial_service.go:270.2,270.36 1 0
github.com/softivite/puxbay/internal/services/financial_service.go:270.36,271.36 1 0
github.com/softivite/puxbay/internal/services/financial_service.go:271.36,273.4 1 0
github.com/softivite/puxbay/internal/services/financial_service.go:275.2,275.36 1 0
github.com/softivite/puxbay/internal/services/financial_service.go:275.36,276.36 1 0
github.com/softivite/puxbay/internal/services/financial_service.go:276.36,278.4 1 0
github.com/softivite/puxbay/internal/services/financial_service.go:281.2,290.8 1 0
github.com/softivite/puxbay/internal/services/financial_service.go:293.77,295.53 2 0
github.com/softivite/puxbay/internal/services/financial_service.go:295.53,297.3 1 0
github.com/softivite/puxbay/internal/services/financial_service.go:298.2,298.24 1 0
github.com/softivite/puxbay/internal/services/financial_service.go:308.110,311.20 3 0
github.com/softivite/puxbay/internal/services/financial_service.go:311.20,313.3 1 0
github.com/softivite/puxbay/internal/services/financial_service.go:314.2,314.21 1 0
github.com/softivite/puxbay/internal/services/financial_service.go:314.21,315.56 1 0
github.com/softivite/puxbay/internal/services/financial_service.go:315.56,317.4 1 0
github.com/softivite/puxbay/internal/services/financial_service.go:319.2,319.19 1 0
github.com/softivite/puxbay/internal/services/financial_service.go:319.19,320.54 1 0
github.com/softivite/puxbay/internal/services/financial_service.go:320.54,322.4 1 0
github.com/softivite/puxbay/internal/services/financial_service.go:324.2,326.25 2 0
github.com/softivite/puxbay/internal/services/fnb_service.go:15.45,17.2 1 0
github.com/softivite/puxbay/internal/services/fnb_service.go:19.65,21.78 2 0
github.com/softivite/puxbay/internal/services/fnb_service.go:21.78,23.3 1 0
github.com/softivite/puxbay/internal/services/fnb_service.go:24.2,24.20 1 0
github.com/softivite/puxbay/internal/services/fnb_service.go:27.67,29.2 1 0
github.com/softivite/puxbay/internal/services/fnb_service.go:31.95,33.63 2 0
github.com/softivite/puxbay/internal/services/fnb_service.go:33.63,35.3 1 0
github.com/softivite/puxbay/internal/services/fnb_service.go:37.2,38.48 2 0
github.com/softivite/puxbay/internal/services/fnb_service.go:38.48,40.3 1 0
github.com/softivite/puxbay/internal/services/fnb_service.go:42.2,42.20 1 0
github.com/softivite/puxbay/internal/services/fnb_service.go:45.60,47.139 2 0
github.com/softivite/puxbay/internal/services/fnb_service.go:47.139,49.3 1 0
github.com/softivite/puxbay/internal/services/fnb_service.go:50.2,50.21 1 0
github.com/softivite/puxbay/internal/services/fnb_service.go:53.80,55.64 2 0
github.com/softivite/puxbay/internal/services/fnb_service.go:55.64,57.3 1 0
github.com/softivite/puxbay/internal/services/fnb_service.go:59.2,66.13 3 0
github.com/softivite/puxbay/internal/services/fnb_service.go:66.13,68.3 1 0
github.com/softivite/puxbay/internal/services/fnb_service.go:70.2,73.31 3 0
github.com/softivite/puxbay/internal/services/fnb_service.go:73.31,75.3 1 0
github.com/softivite/puxbay/internal/services/fnb_service.go:75.8,75.34 1 0
github.com/softivite/puxbay/internal/services/fnb_service.go:75.34,77.3 1 0
github.com/softivite/puxbay/internal/services/fnb_service.go:79.2,79.49 1 0
github.com/softivite/puxbay/internal/services/fnb_service.go:79.49,81.3 1 0
github.com/softivite/puxbay/internal/services/fnb_service.go:83.2,83.21 1 0
github.com/softivite/puxbay/internal/services/hardware_proxy_service.go:18.58,20.2 1 0
github.com/softivite/puxbay/internal/services/hardware_proxy_service.go:22.74,23.16 1 0
github.com/softivite/puxbay/internal/services/hardware_proxy_service.go:23.16,25.3 1 0
github.com/softivite/puxbay/internal/services/hardware_proxy_service.go:26.2,27.12 2 0
github.com/softivite/puxbay/internal/services/hardware_proxy_service.go:30.57,31.16 1 0
github.com/softivite/puxbay/internal/services/hardware_proxy_service.go:31.16,33.3 1 0
github.com/softivite/puxbay/internal/services/hardware_proxy_service.go:34.2,35.12 2 0
github.com/softivite/puxbay/internal/services/hr_service.go:16.43,18.2 1 0
github.com/softivite/puxbay/internal/services/hr_service.go:20.109,23.20 3 0
github.com/softivite/puxbay/internal/services/hr_service.go:23.20,25.3 1 0
github.com/softivite/puxbay/internal/services/hr_service.go:26.2,26.20 1 0
github.com/softivite/puxbay/internal/services/hr_service.go:26.20,28.3 1 0
github.com/softivite/puxbay/internal/services/hr_service.go:29.2,29.18 1 0
github.com/softivite/puxbay/internal/services/hr_service.go:29.18,31.3 1 0
github.com/softivite/puxbay/internal/services/hr_service.go:32.2,32.19 1 0
github.com/softivite/puxbay/internal/services/hr_service.go:32.19,34.3 1 0
github.com/softivite/puxbay/internal/services/hr_service.go:35.2,35.78 1 0
github.com/softivite/puxbay/internal/services/hr_service.go:35.78,37.3 1 0
github.com/softivite/puxbay/internal/services/hr_service.go:38.2,38.25 1 0
github.com/softivite/puxbay/internal/services/hr_service.go:41.76,44.16 3 0
github.com/softivite/puxbay/internal/services/hr_service.go:44.16,46.3 1 0
github.com/softivite/puxbay/internal/services/hr_service.go:48.2,53.55 2 0
github.com/softivite/puxbay/internal/services/hr_service.go:53.55,55.3 1 0
github.com/softivite/puxbay/internal/services/hr_service.go:57.2,57.25 1 0
github.com/softivite/puxbay/internal/services/hr_service.go:60.77,63.16 3 0
github.com/softivite/puxbay/internal/services/hr_service.go:63.16,65.3 1 0
github.com/softivite/puxbay/internal/services/hr_service.go:67.2,69.53 3 0
github.com/softivite/puxbay/internal/services/hr_service.go:69.53,71.3 1 0
github.com/softivite/puxbay/internal/services/hr_service.go:73.2,73.25 1 0
github.com/softivite/puxbay/internal/services/hr_service.go:76.72,78.49 2 0
github.com/softivite/puxbay/internal/services/hr_service.go:78.49,80.3 1 0
github.com/softivite/puxbay/internal/services/hr_service.go:81.2,81.20 1 0
github.com/softivite/puxbay/internal/services/hr_service.go:92.94,94.16 2 0
github.com/softivite/puxbay/internal/services/hr_service.go:94.16,96.3 1 0
github.com/softivite/puxbay/internal/services/hr_service.go:98.2,99.16 2 0
github.com/softivite/puxbay/internal/services/hr_service.go:99.16,101.3 1 0
github.com/softivite/puxbay/internal/services/hr_service.go:103.2,112.50 2 0
github.com/softivite/puxbay/internal/services/hr_service.go:112.50,114.3 1 0
github.com/softivite/puxbay/internal/services/hr_service.go:116.2,116.20 1 0
github.com/softivite/puxbay/internal/services/hr_service.go:119.80,126.2 2 0
github.com/softivite/puxbay/internal/services/hr_service.go:128.79,135.2 2 0
github.com/softivite/puxbay/internal/services/image_service.go:16.38,21.2 3 0
github.com/softivite/puxbay/internal/services/image_service.go:26.100,27.20 1 0
github.com/softivite/puxbay/internal/services/image_service.go:27.20,29.3 1 0
github.com/softivite/puxbay/internal/services/image_service.go:47.2,51.39 3 0
github.com/softivite/puxbay/internal/services/image_service.go:55.94,59.16 3 0
github.com/softivite/puxbay/internal/services/image_service.go:59.16,61.3 1 0
github.com/softivite/puxbay/internal/services/image_service.go:62.2,64.50 2 0
github.com/softivite/puxbay/internal/services/image_service.go:64.50,66.3 1 0
github.com/softivite/puxbay/internal/services/image_service.go:68.2,68.42 1 0
github.com/softivite/puxbay/internal/services/intelligence_service.go:15.63,17.2 1 0
github.com/softivite/puxbay/internal/services/intelligence_service.go:26.96,29.20 3 0
github.com/softivite/puxbay/internal/services/intelligence_service.go:29.20,31.3 1 0
github.com/softivite/puxbay/internal/services/intelligence_service.go:32.2,32.56 1 0
github.com/softivite/puxbay/internal/services/intelligence_service.go:32.56,34.3 1 0
github.com/softivite/puxbay/internal/services/intelligence_service.go:36.2,52.31 6 0
github.com/softivite/puxbay/internal/services/intelligence_service.go:52.31,54.3 1 0
github.com/softivite/puxbay/internal/services/intelligence_service.go:56.2,57.29 2 0
github.com/softivite/puxbay/internal/services/intelligence_service.go:57.29,58.26 1 0
github.com/softivite/puxbay/internal/services/intelligence_service.go:58.26,59.12 1 0
github.com/softivite/puxbay/internal/services/intelligence_service.go:61.3,65.19 4 0
github.com/softivite/puxbay/internal/services/intelligence_service.go:65.19,67.4 1 0
github.com/softivite/puxbay/internal/services/intelligence_service.go:69.3,70.38 2 0
github.com/softivite/puxbay/internal/services/intelligence_service.go:70.38,72.4 1 0
github.com/softivite/puxbay/internal/services/intelligence_service.go:72.9,72.23 1 0
github.com/softivite/puxbay/internal/services/intelligence_service.go:72.23,74.4 1 0
github.com/softivite/puxbay/internal/services/intelligence_service.go:76.3,81.5 1 0
github.com/softivite/puxbay/internal/services/intelligence_service.go:84.2,84.23 1 0
github.com/softivite/puxbay/internal/services/intelligence_service.go:87.105,88.22 1 0
github.com/softivite/puxbay/internal/services/intelligence_service.go:88.22,90.3 1 0
github.com/softivite/puxbay/internal/services/intelligence_service.go:92.2,94.25 3 0
github.com/softivite/puxbay/internal/services/intelligence_service.go:94.25,95.15 1 0
github.com/softivite/puxbay/internal/services/intelligence_service.go:95.15,97.4 1 0
github.com/softivite/puxbay/internal/services/intelligence_service.go:100.2,113.48 3 0
github.com/softivite/puxbay/internal/services/intelligence_service.go:113.48,115.3 1 0
github.com/softivite/puxbay/internal/services/intelligence_service.go:117.2,117.33 1 0
github.com/softivite/puxbay/internal/services/intelligence_service.go:128.113,134.20 3 0
github.com/softivite/puxbay/internal/services/intelligence_service.go:134.20,136.3 1 0
github.com/softivite/puxbay/internal/services/intelligence_service.go:138.2,144.41 2 0
github.com/softivite/puxbay/internal/services/intelligence_service.go:144.41,146.4 1 0
github.com/softivite/puxbay/internal/services/intelligence_service.go:148.2,148.25 1 0
github.com/softivite/puxbay/internal/services/intelligence_service.go:160.106,173.34 3 0
github.com/softivite/puxbay/internal/services/intelligence_service.go:173.34,175.4 1 0
github.com/softivite/puxbay/internal/services/intelligence_service.go:177.2,187.27 3 0
github.com/softivite/puxbay/internal/services/intelligence_service.go:187.27,191.25 3 0
github.com/softivite/puxbay/internal/services/intelligence_service.go:191.25,192.51 1 0
github.com/softivite/puxbay/internal/services/intelligence_service.go:192.51,194.5 1 0
github.com/softivite/puxbay/internal/services/intelligence_service.go:194.10,194.33 1 0
github.com/softivite/puxbay/internal/services/intelligence_service.go:194.33,196.5 1 0
github.com/softivite/puxbay/internal/services/intelligence_service.go:196.10,198.5 1 0
github.com/softivite/puxbay/internal/services/intelligence_service.go:199.9,199.32 1 0
github.com/softivite/puxbay/internal/services/intelligence_service.go:199.32,200.28 1 0
github.com/softivite/puxbay/internal/services/intelligence_service.go:200.28,202.5 1 0
github.com/softivite/puxbay/internal/services/intelligence_service.go:202.10,204.5 1 0
github.com/softivite/puxbay/internal/services/intelligence_service.go:207.3,209.27 3 0
github.com/softivite/puxbay/internal/services/intelligence_service.go:212.2,215.8 1 0
github.com/softivite/puxbay/internal/services/intelligence_service.go:219.80,220.17 1 0
github.com/softivite/puxbay/internal/services/intelligence_service.go:221.13,222.139 1 0
github.com/softivite/puxbay/internal/services/intelligence_service.go:223.17,224.131 1 0
github.com/softivite/puxbay/internal/services/intelligence_service.go:225.10,226.94 1 0
github.com/softivite/puxbay/internal/services/intelligence_service.go:231.105,233.19 1 0
github.com/softivite/puxbay/internal/services/intelligence_service.go:233.19,235.3 1 0
github.com/softivite/puxbay/internal/services/intelligence_service.go:237.2,237.47 1 0
github.com/softivite/puxbay/internal/services/intelligence_service.go:237.47,239.3 1 0
github.com/softivite/puxbay/internal/services/intelligence_service.go:240.2,240.29 1 0
github.com/softivite/puxbay/internal/services/inventory_service.go:17.77,19.2 1 0
github.com/softivite/puxbay/internal/services/inventory_service.go:25.137,30.20 4 0
github.com/softivite/puxbay/internal/services/inventory_service.go:30.20,32.3 1 0
github.com/softivite/puxbay/internal/services/inventory_service.go:33.2,35.106 2 0
github.com/softivite/puxbay/internal/services/inventory_service.go:35.106,37.3 1 0
github.com/softivite/puxbay/internal/services/inventory_service.go:38.2,38.30 1 0
github.com/softivite/puxbay/internal/services/inventory_service.go:55.101,57.57 2 0
github.com/softivite/puxbay/internal/services/inventory_service.go:57.57,59.3 1 0
github.com/softivite/puxbay/internal/services/inventory_service.go:59.8,62.3 1 0
github.com/softivite/puxbay/internal/services/inventory_service.go:64.2,73.50 2 0
github.com/softivite/puxbay/internal/services/inventory_service.go:73.50,74.52 1 0
github.com/softivite/puxbay/internal/services/inventory_service.go:74.52,76.4 1 0
github.com/softivite/puxbay/internal/services/inventory_service.go:77.3,77.36 1 0
github.com/softivite/puxbay/internal/services/inventory_service.go:77.36,83.50 2 0
github.com/softivite/puxbay/internal/services/inventory_service.go:83.50,85.5 1 0
github.com/softivite/puxbay/internal/services/inventory_service.go:87.3,87.13 1 0
github.com/softivite/puxbay/internal/services/inventory_service.go:90.2,90.16 1 0
github.com/softivite/puxbay/internal/services/inventory_service.go:90.16,92.3 1 0
github.com/softivite/puxbay/internal/services/inventory_service.go:93.2,93.23 1 0
github.com/softivite/puxbay/internal/services/inventory_service.go:100.131,105.20 4 0
github.com/softivite/puxbay/internal/services/inventory_service.go:105.20,107.3 1 0
github.com/softivite/puxbay/internal/services/inventory_service.go:108.2,110.100 2 0
github.com/softivite/puxbay/internal/services/inventory_service.go:110.100,112.3 1 0
github.com/softivite/puxbay/internal/services/inventory_service.go:113.2,113.24 1 0
github.com/softivite/puxbay/internal/services/inventory_service.go:130.89,141.50 2 0
github.com/softivite/puxbay/internal/services/inventory_service.go:141.50,142.46 1 0
github.com/softivite/puxbay/internal/services/inventory_service.go:142.46,144.4 1 0
github.com/softivite/puxbay/internal/services/inventory_service.go:146.3,147.36 2 0
github.com/softivite/puxbay/internal/services/inventory_service.go:147.36,154.51 2 0
github.com/softivite/puxbay/internal/services/inventory_service.go:154.51,156.5 1 0
github.com/softivite/puxbay/internal/services/inventory_service.go:157.4,157.55 1 0
github.com/softivite/puxbay/internal/services/inventory_service.go:160.3,161.44 2 0
github.com/softivite/puxbay/internal/services/inventory_service.go:161.44,163.4 1 0
github.com/softivite/puxbay/internal/services/inventory_service.go:164.3,164.13 1 0
github.com/softivite/puxbay/internal/services/inventory_service.go:167.2,167.16 1 0
github.com/softivite/puxbay/internal/services/inventory_service.go:167.16,169.3 1 0
github.com/softivite/puxbay/internal/services/inventory_service.go:171.2,171.17 1 0
github.com/softivite/puxbay/internal/services/inventory_service.go:178.141,183.20 4 0
github.com/softivite/puxbay/internal/services/inventory_service.go:183.20,185.3 1 0
github.com/softivite/puxbay/internal/services/inventory_service.go:186.2,188.107 2 0
github.com/softivite/puxbay/internal/services/inventory_service.go:188.107,190.3 1 0
github.com/softivite/puxbay/internal/services/inventory_service.go:191.2,191.31 1 0
github.com/softivite/puxbay/internal/services/inventory_service.go:194.82,196.114 2 0
github.com/softivite/puxbay/internal/services/inventory_service.go:196.114,198.3 1 0
github.com/softivite/puxbay/internal/services/inventory_service.go:199.2,199.23 1 0
github.com/softivite/puxbay/internal/services/inventory_service.go:202.81,203.50 1 0
github.com/softivite/puxbay/internal/services/inventory_service.go:203.50,205.88 2 0
github.com/softivite/puxbay/internal/services/inventory_service.go:205.88,207.4 1 0
github.com/softivite/puxbay/internal/services/inventory_service.go:209.3,209.32 1 0
github.com/softivite/puxbay/internal/services/inventory_service.go:209.32,211.4 1 0
github.com/softivite/puxbay/internal/services/inventory_service.go:214.3,214.92 1 0
github.com/softivite/puxbay/internal/services/inventory_service.go:214.92,215.40 1 0
github.com/softivite/puxbay/internal/services/inventory_service.go:215.40,217.84 2 0
github.com/softivite/puxbay/internal/services/inventory_service.go:217.84,219.6 1 0
github.com/softivite/puxbay/internal/services/inventory_service.go:220.5,221.86 2 0
github.com/softivite/puxbay/internal/services/inventory_service.go:221.86,223.6 1 0
github.com/softivite/puxbay/internal/services/inventory_service.go:224.5,234.54 2 0
github.com/softivite/puxbay/internal/services/inventory_service.go:234.54,236.6 1 0
github.com/softivite/puxbay/internal/services/inventory_service.go:241.3,241.60 1 0
github.com/softivite/puxbay/internal/services/inventory_service.go:241.60,242.40 1 0
github.com/softivite/puxbay/internal/services/inventory_service.go:242.40,244.84 2 0
github.com/softivite/puxbay/internal/services/inventory_service.go:244.84,246.6 1 0
github.com/softivite/puxbay/internal/services/inventory_service.go:248.5,251.19 4 0
github.com/softivite/puxbay/internal/services/inventory_service.go:251.19,257.57 5 0
github.com/softivite/puxbay/internal/services/inventory_service.go:257.57,259.7 1 0
github.com/softivite/puxbay/internal/services/inventory_service.go:260.6,261.30 2 0
github.com/softivite/puxbay/internal/services/inventory_service.go:262.11,267.27 2 0
github.com/softivite/puxbay/internal/services/inventory_service.go:267.27,269.7 1 0
github.com/softivite/puxbay/internal/services/inventory_service.go:270.6,270.27 1 0
github.com/softivite/puxbay/internal/services/inventory_service.go:273.5,283.54 2 0
github.com/softivite/puxbay/internal/services/inventory_service.go:283.54,285.6 1 0
github.com/softivite/puxbay/internal/services/inventory_service.go:289.3,290.34 2 0
github.com/softivite/puxbay/internal/services/inventory_service.go:294.76,296.108 2 0
github.com/softivite/puxbay/internal/services/inventory_service.go:296.108,298.3 1 0
github.com/softivite/puxbay/internal/services/inventory_service.go:299.2,299.17 1 0
github.com/softivite/puxbay/internal/services/inventory_service.go:311.77,312.50 1 0
github.com/softivite/puxbay/internal/services/inventory_service.go:312.50,314.82 2 0
github.com/softivite/puxbay/internal/services/inventory_service.go:314.82,316.4 1 0
github.com/softivite/puxbay/internal/services/inventory_service.go:318.3,320.36 3 0
github.com/softivite/puxbay/internal/services/inventory_service.go:320.36,322.4 1 0
github.com/softivite/puxbay/internal/services/inventory_service.go:324.3,324.33 1 0
github.com/softivite/puxbay/internal/services/inventory_service.go:324.33,326.24 2 0
github.com/softivite/puxbay/internal/services/inventory_service.go:326.24,328.55 2 0
github.com/softivite/puxbay/internal/services/inventory_service.go:328.55,330.6 1 0
github.com/softivite/puxbay/internal/services/inventory_service.go:332.5,333.84 2 0
github.com/softivite/puxbay/internal/services/inventory_service.go:333.84,335.6 1 0
github.com/softivite/puxbay/internal/services/inventory_service.go:337.5,338.27 2 0
github.com/softivite/puxbay/internal/services/inventory_service.go:338.27,340.6 1 0
github.com/softivite/puxbay/internal/services/inventory_service.go:340.11,342.6 1 0
github.com/softivite/puxbay/internal/services/inventory_service.go:345.5,348.19 4 0
github.com/softivite/puxbay/internal/services/inventory_service.go:348.19,354.58 5 0
github.com/softivite/puxbay/internal/services/inventory_service.go:354.58,356.7 1 0
github.com/softivite/puxbay/internal/services/inventory_service.go:357.6,357.29 1 0
github.com/softivite/puxbay/internal/services/inventory_service.go:358.11,360.91 2 0
github.com/softivite/puxbay/internal/services/inventory_service.go:360.91,362.7 1 0
github.com/softivite/puxbay/internal/services/inventory_service.go:365.5,375.54 2 0
github.com/softivite/puxbay/internal/services/inventory_service.go:375.54,377.6 1 0
github.com/softivite/puxbay/internal/services/inventory_service.go:380.4,380.59 1 0
github.com/softivite/puxbay/internal/services/inventory_service.go:380.59,382.5 1 0
github.com/softivite/puxbay/internal/services/inventory_service.go:385.3,385.18 1 0
github.com/softivite/puxbay/internal/services/inventory_service.go:385.18,387.4 1 0
github.com/softivite/puxbay/internal/services/inventory_service.go:387.9,389.4 1 0
github.com/softivite/puxbay/internal/services/inventory_service.go:391.3,391.44 1 0
github.com/softivite/puxbay/internal/services/inventory_service.go:391.44,393.4 1 0
github.com/softivite/puxbay/internal/services/inventory_service.go:395.3,396.82 2 0
github.com/softivite/puxbay/internal/services/inventory_service.go:396.82,398.4 1 0
github.com/softivite/puxbay/internal/services/inventory_service.go:400.3,400.18 1 0
github.com/softivite/puxbay/internal/services/inventory_service.go:400.18,402.89 2 0
github.com/softivite/puxbay/internal/services/inventory_service.go:402.89,404.5 1 0
github.com/softivite/puxbay/internal/services/inventory_service.go:407.4,417.56 4 0
github.com/softivite/puxbay/internal/services/inventory_service.go:417.56,419.5 1 0
github.com/softivite/puxbay/internal/services/inventory_service.go:422.3,422.13 1 0
github.com/softivite/puxbay/internal/services/inventory_service.go:431.100,439.50 3 0
github.com/softivite/puxbay/internal/services/inventory_service.go:439.50,440.46 1 0
github.com/softivite/puxbay/internal/services/inventory_service.go:440.46,442.4 1 0
github.com/softivite/puxbay/internal/services/inventory_service.go:444.3,445.119 2 0
github.com/softivite/puxbay/internal/services/inventory_service.go:445.119,447.4 1 0
github.com/softivite/puxbay/internal/services/inventory_service.go:449.3,449.24 1 0
github.com/softivite/puxbay/internal/services/inventory_service.go:449.24,451.31 2 0
github.com/softivite/puxbay/internal/services/inventory_service.go:451.31,459.5 1 0
github.com/softivite/puxbay/internal/services/inventory_service.go:460.4,460.52 1 0
github.com/softivite/puxbay/internal/services/inventory_service.go:460.52,462.5 1 0
github.com/softivite/puxbay/internal/services/inventory_service.go:465.3,465.13 1 0
github.com/softivite/puxbay/internal/services/inventory_service.go:468.2,468.16 1 0
github.com/softivite/puxbay/internal/services/inventory_service.go:468.16,470.3 1 0
github.com/softivite/puxbay/internal/services/inventory_service.go:472.2,472.17 1 0
github.com/softivite/puxbay/internal/services/inventory_service.go:475.86,477.112 2 0
github.com/softivite/puxbay/internal/services/inventory_service.go:477.112,479.3 1 0
github.com/softivite/puxbay/internal/services/inventory_service.go:480.2,480.17 1 0
github.com/softivite/puxbay/internal/services/inventory_service.go:483.63,484.50 1 0
github.com/softivite/puxbay/internal/services/inventory_service.go:484.50,486.116 2 0
github.com/softivite/puxbay/internal/services/inventory_service.go:486.116,488.4 1 0
github.com/softivite/puxbay/internal/services/inventory_service.go:490.3,490.36 1 0
github.com/softivite/puxbay/internal/services/inventory_service.go:490.36,492.4 1 0
github.com/softivite/puxbay/internal/services/inventory_service.go:494.3,494.41 1 0
github.com/softivite/puxbay/internal/services/inventory_service.go:494.41,495.29 1 0
github.com/softivite/puxbay/internal/services/inventory_service.go:495.29,497.91 2 0
github.com/softivite/puxbay/internal/services/inventory_service.go:497.91,499.6 1 0
github.com/softivite/puxbay/internal/services/inventory_service.go:501.5,510.54 2 0
github.com/softivite/puxbay/internal/services/inventory_service.go:510.54,512.6 1 0
github.com/softivite/puxbay/internal/services/inventory_service.go:516.3,519.33 4 0
github.com/softivite/puxbay/internal/services/inventory_service.go:523.111,525.84 2 0
github.com/softivite/puxbay/internal/services/inventory_service.go:525.84,527.3 1 0
github.com/softivite/puxbay/internal/services/inventory_service.go:529.2,531.17 3 0
github.com/softivite/puxbay/internal/services/inventory_service.go:531.17,533.3 1 0
github.com/softivite/puxbay/internal/services/inventory_service.go:534.2,534.58 1 0
github.com/softivite/puxbay/internal/services/inventory_service.go:534.58,536.3 1 0
github.com/softivite/puxbay/internal/services/inventory_service.go:538.2,539.29 2 0
github.com/softivite/puxbay/internal/services/inventory_service.go:539.29,542.111 3 0
github.com/softivite/puxbay/internal/services/inventory_service.go:542.111,544.4 1 0
github.com/softivite/puxbay/internal/services/inventory_service.go:546.3,552.5 1 0
github.com/softivite/puxbay/internal/services/inventory_service.go:554.2,554.21 1 0
github.com/softivite/puxbay/internal/services/inventory_service.go:557.132,559.50 2 0
github.com/softivite/puxbay/internal/services/inventory_service.go:559.50,561.83 2 0
github.com/softivite/puxbay/internal/services/inventory_service.go:561.83,563.4 1 0
github.com/softivite/puxbay/internal/services/inventory_service.go:564.3,564.36 1 0
github.com/softivite/puxbay/internal/services/inventory_service.go:564.36,566.4 1 0
github.com/softivite/puxbay/internal/services/inventory_service.go:568.3,569.77 2 0
github.com/softivite/puxbay/internal/services/inventory_service.go:569.77,571.4 1 0
github.com/softivite/puxbay/internal/services/inventory_service.go:573.3,575.17 3 0
github.com/softivite/puxbay/internal/services/inventory_service.go:575.17,576.37 1 0
github.com/softivite/puxbay/internal/services/inventory_service.go:576.37,584.51 2 0
github.com/softivite/puxbay/internal/services/inventory_service.go:584.51,586.6 1 0
github.com/softivite/puxbay/internal/services/inventory_service.go:587.10,589.5 1 0
github.com/softivite/puxbay/internal/services/inventory_service.go:592.3,592.20 1 0
github.com/softivite/puxbay/internal/services/inventory_service.go:592.20,594.4 1 0
github.com/softivite/puxbay/internal/services/inventory_service.go:594.9,596.4 1 0
github.com/softivite/puxbay/internal/services/inventory_service.go:597.3,599.31 3 0
github.com/softivite/puxbay/internal/services/inventory_service.go:601.2,601.22 1 0
github.com/softivite/puxbay/internal/services/inventory_service.go:604.137,609.20 4 0
github.com/softivite/puxbay/internal/services/inventory_service.go:609.20,611.3 1 0
github.com/softivite/puxbay/internal/services/inventory_service.go:612.2,614.106 2 0
github.com/softivite/puxbay/internal/services/inventory_service.go:614.106,616.3 1 0
github.com/softivite/puxbay/internal/services/inventory_service.go:617.2,617.30 1 0
github.com/softivite/puxbay/internal/services/inventory_service.go:620.137,621.50 1 0
github.com/softivite/puxbay/internal/services/inventory_service.go:621.50,623.77 2 0
github.com/softivite/puxbay/internal/services/inventory_service.go:623.77,625.4 1 0
github.com/softivite/puxbay/internal/services/inventory_service.go:627.3,630.120 3 0
github.com/softivite/puxbay/internal/services/inventory_service.go:630.120,632.4 1 0
github.com/softivite/puxbay/internal/services/inventory_service.go:634.3,645.36 2 0
github.com/softivite/puxbay/internal/services/inventory_service.go:649.96,651.112 2 0
github.com/softivite/puxbay/internal/services/inventory_service.go:651.112,653.3 1 0
github.com/softivite/puxbay/internal/services/inventory_service.go:654.2,654.23 1 0
github.com/softivite/puxbay/internal/services/inventory_service.go:656.71,659.119 2 0
github.com/softivite/puxbay/internal/services/inventory_service.go:659.119,661.3 1 0
github.com/softivite/puxbay/internal/services/inventory_service.go:662.2,662.20 1 0
github.com/softivite/puxbay/internal/services/inventory_service.go:678.87,683.36 2 0
github.com/softivite/puxbay/internal/services/inventory_service.go:683.36,685.3 1 0
github.com/softivite/puxbay/internal/services/inventory_service.go:686.2,686.21 1 0
github.com/softivite/puxbay/internal/services/inventory_service.go:689.92,698.50 2 0
github.com/softivite/puxbay/internal/services/inventory_service.go:698.50,700.3 1 0
github.com/softivite/puxbay/internal/services/inventory_service.go:701.2,702.20 2 0
github.com/softivite/puxbay/internal/services/inventory_service.go:705.103,707.63 2 0
github.com/softivite/puxbay/internal/services/inventory_service.go:707.63,709.3 1 0
github.com/softivite/puxbay/internal/services/inventory_service.go:710.2,714.48 5 0
github.com/softivite/puxbay/internal/services/inventory_service.go:714.48,716.3 1 0
github.com/softivite/puxbay/internal/services/inventory_service.go:717.2,718.20 2 0
github.com/softivite/puxbay/internal/services/inventory_service.go:721.57,723.2 1 0
github.com/softivite/puxbay/internal/services/inventory_service.go:725.104,730.20 4 0
github.com/softivite/puxbay/internal/services/inventory_service.go:730.20,732.3 1 0
github.com/softivite/puxbay/internal/services/inventory_service.go:733.2,733.76 1 0
github.com/softivite/puxbay/internal/services/inventory_service.go:733.76,735.3 1 0
github.com/softivite/puxbay/internal/services/inventory_service.go:736.2,736.21 1 0
github.com/softivite/puxbay/internal/services/ledger_service.go:15.51,17.2 1 0
github.com/softivite/puxbay/internal/services/ledger_service.go:20.150,23.29 2 0
github.com/softivite/puxbay/internal/services/ledger_service.go:23.29,24.19 1 0
github.com/softivite/puxbay/internal/services/ledger_service.go:24.19,26.4 1 0
github.com/softivite/puxbay/internal/services/ledger_service.go:26.9,28.4 1 0
github.com/softivite/puxbay/internal/services/ledger_service.go:31.2,31.23 1 0
github.com/softivite/puxbay/internal/services/ledger_service.go:31.23,33.3 1 0
github.com/softivite/puxbay/internal/services/ledger_service.go:35.2,43.50 2 0
github.com/softivite/puxbay/internal/services/ledger_service.go:43.50,44.30 1 0
github.com/softivite/puxbay/internal/services/ledger_service.go:44.30,47.4 2 0
github.com/softivite/puxbay/internal/services/ledger_service.go:48.3,48.49 1 0
github.com/softivite/puxbay/internal/services/ledger_service.go:48.49,50.4 1 0
github.com/softivite/puxbay/internal/services/ledger_service.go:51.3,51.13 1 0
github.com/softivite/puxbay/internal/services/ledger_service.go:56.72,68.2 2 0
github.com/softivite/puxbay/internal/services/marketing_service.go:17.57,19.2 1 0
github.com/softivite/puxbay/internal/services/marketing_service.go:23.80,25.77 2 0
github.com/softivite/puxbay/internal/services/marketing_service.go:25.77,27.3 1 0
github.com/softivite/puxbay/internal/services/marketing_service.go:28.2,28.23 1 0
github.com/softivite/puxbay/internal/services/marketing_service.go:45.48,46.15 1 0
github.com/softivite/puxbay/internal/services/marketing_service.go:46.15,48.3 1 0
github.com/softivite/puxbay/internal/services/marketing_service.go:50.2,50.57 1 0
github.com/softivite/puxbay/internal/services/marketing_service.go:50.57,52.3 1 0
github.com/softivite/puxbay/internal/services/marketing_service.go:53.2,53.57 1 0
github.com/softivite/puxbay/internal/services/marketing_service.go:53.57,55.3 1 0
github.com/softivite/puxbay/internal/services/marketing_service.go:56.2,56.47 1 0
github.com/softivite/puxbay/internal/services/marketing_service.go:59.99,61.16 2 0
github.com/softivite/puxbay/internal/services/marketing_service.go:61.16,63.3 1 0
github.com/softivite/puxbay/internal/services/marketing_service.go:65.2,74.25 2 0
github.com/softivite/puxbay/internal/services/marketing_service.go:74.25,76.3 1 0
github.com/softivite/puxbay/internal/services/marketing_service.go:77.2,79.27 2 0
github.com/softivite/puxbay/internal/services/marketing_service.go:79.27,81.17 2 0
github.com/softivite/puxbay/internal/services/marketing_service.go:81.17,83.4 1 0
github.com/softivite/puxbay/internal/services/marketing_service.go:86.2,86.53 1 0
github.com/softivite/puxbay/internal/services/marketing_service.go:86.53,88.3 1 0
github.com/softivite/puxbay/internal/services/marketing_service.go:89.2,89.23 1 0
github.com/softivite/puxbay/internal/services/marketing_service.go:92.86,94.66 2 0
github.com/softivite/puxbay/internal/services/marketing_service.go:94.66,96.3 1 0
github.com/softivite/puxbay/internal/services/marketing_service.go:97.2,97.23 1 0
github.com/softivite/puxbay/internal/services/marketing_service.go:100.110,102.66 2 0
github.com/softivite/puxbay/internal/services/marketing_service.go:102.66,104.3 1 0
github.com/softivite/puxbay/internal/services/marketing_service.go:106.2,107.16 2 0
github.com/softivite/puxbay/internal/services/marketing_service.go:107.16,109.3 1 0
github.com/softivite/puxbay/internal/services/marketing_service.go:111.2,117.25 7 0
github.com/softivite/puxbay/internal/services/marketing_service.go:117.25,119.3 1 0
github.com/softivite/puxbay/internal/services/marketing_service.go:120.2,120.25 1 0
github.com/softivite/puxbay/internal/services/marketing_service.go:120.25,122.3 1 0
github.com/softivite/puxbay/internal/services/marketing_service.go:123.2,123.27 1 0
github.com/softivite/puxbay/internal/services/marketing_service.go:123.27,125.17 2 0
github.com/softivite/puxbay/internal/services/marketing_service.go:125.17,127.4 1 0
github.com/softivite/puxbay/internal/services/marketing_service.go:128.8,130.3 1 0
github.com/softivite/puxbay/internal/services/marketing_service.go:132.2,132.51 1 0
github.com/softivite/puxbay/internal/services/marketing_service.go:132.51,134.3 1 0
github.com/softivite/puxbay/internal/services/marketing_service.go:135.2,135.23 1 0
github.com/softivite/puxbay/internal/services/marketing_service.go:138.60,140.2 1 0
github.com/softivite/puxbay/internal/services/marketing_service.go:142.58,144.66 2 0
github.com/softivite/puxbay/internal/services/marketing_service.go:144.66,146.3 1 0
github.com/softivite/puxbay/internal/services/marketing_service.go:148.2,148.31 1 0
github.com/softivite/puxbay/internal/services/marketing_service.go:148.31,150.3 1 0
github.com/softivite/puxbay/internal/services/marketing_service.go:152.2,159.35 5 0
github.com/softivite/puxbay/internal/services/marketing_service.go:163.64,166.2 1 0
github.com/softivite/puxbay/internal/services/marketing_service.go:169.87,175.2 1 0
github.com/softivite/puxbay/internal/services/marketing_service.go:179.104,182.38 2 0
github.com/softivite/puxbay/internal/services/marketing_service.go:182.38,184.3 1 0
github.com/softivite/puxbay/internal/services/marketing_service.go:186.2,187.27 2 0
github.com/softivite/puxbay/internal/services/marketing_service.go:187.27,190.3 2 0
github.com/softivite/puxbay/internal/services/marketing_service.go:191.2,191.23 1 0
github.com/softivite/puxbay/internal/services/marketing_service.go:196.77,198.69 2 0
github.com/softivite/puxbay/internal/services/marketing_service.go:198.69,200.3 1 0
github.com/softivite/puxbay/internal/services/marketing_service.go:201.2,201.22 1 0
github.com/softivite/puxbay/internal/services/marketing_service.go:210.95,216.52 2 0
github.com/softivite/puxbay/internal/services/marketing_service.go:216.52,218.3 1 0
github.com/softivite/puxbay/internal/services/marketing_service.go:219.2,219.22 1 0
github.com/softivite/puxbay/internal/services/marketing_service.go:222.106,224.65 2 0
github.com/softivite/puxbay/internal/services/marketing_service.go:224.65,226.3 1 0
github.com/softivite/puxbay/internal/services/marketing_service.go:227.2,230.50 4 0
github.com/softivite/puxbay/internal/services/marketing_service.go:230.50,232.3 1 0
github.com/softivite/puxbay/internal/services/marketing_service.go:233.2,233.22 1 0
github.com/softivite/puxbay/internal/services/marketing_service.go:236.59,238.2 1 0
github.com/softivite/puxbay/internal/services/marketing_service.go:242.73,244.49 2 0
github.com/softivite/puxbay/internal/services/marketing_service.go:244.49,246.3 1 0
github.com/softivite/puxbay/internal/services/marketing_service.go:247.2,247.20 1 0
github.com/softivite/puxbay/internal/services/marketing_service.go:250.95,251.50 1 0
github.com/softivite/puxbay/internal/services/marketing_service.go:251.50,253.3 1 0
github.com/softivite/puxbay/internal/services/marketing_service.go:254.2,254.20 1 0
github.com/softivite/puxbay/internal/services/marketing_service.go:257.106,259.63 2 0
github.com/softivite/puxbay/internal/services/marketing_service.go:259.63,261.3 1 0
github.com/softivite/puxbay/internal/services/marketing_service.go:262.2,263.48 2 0
github.com/softivite/puxbay/internal/services/marketing_service.go:263.48,265.3 1 0
github.com/softivite/puxbay/internal/services/marketing_service.go:266.2,266.20 1 0
github.com/softivite/puxbay/internal/services/marketing_service.go:269.61,271.2 1 0
github.com/softivite/puxbay/internal/services/marketing_service.go:275.75,277.52 2 0
github.com/softivite/puxbay/internal/services/marketing_service.go:277.52,279.3 1 0
github.com/softivite/puxbay/internal/services/marketing_service.go:280.2,280.23 1 0
github.com/softivite/puxbay/internal/services/marketing_service.go:283.100,284.50 1 0
github.com/softivite/puxbay/internal/services/marketing_service.go:284.50,286.3 1 0
github.com/softivite/puxbay/internal/services/marketing_service.go:287.2,287.20 1 0
github.com/softivite/puxbay/internal/services/marketing_service.go:290.60,292.2 1 0
github.com/softivite/puxbay/internal/services/marketing_service.go:295.136,307.49 2 0
github.com/softivite/puxbay/internal/services/marketing_service.go:307.49,309.3 1 0
github.com/softivite/puxbay/internal/services/marketing_service.go:310.2,310.19 1 0
github.com/softivite/puxbay/internal/services/marketing_service.go:313.31,313.44 1 0
github.com/softivite/puxbay/internal/services/marketing_service.go:314.38,314.51 1 0
github.com/softivite/puxbay/internal/services/notification_service.go:15.63,17.2 1 0
github.com/softivite/puxbay/internal/services/notification_service.go:27.107,33.108 4 0
github.com/softivite/puxbay/internal/services/notification_service.go:33.108,35.3 1 0
github.com/softivite/puxbay/internal/services/notification_service.go:36.2,37.73 1 0
github.com/softivite/puxbay/internal/services/notification_service.go:37.73,39.3 1 0
github.com/softivite/puxbay/internal/services/notification_service.go:41.2,43.93 2 0
github.com/softivite/puxbay/internal/services/notification_service.go:43.93,45.3 1 0
github.com/softivite/puxbay/internal/services/notification_service.go:47.2,53.8 1 0
github.com/softivite/puxbay/internal/services/notification_service.go:61.95,64.76 2 0
github.com/softivite/puxbay/internal/services/notification_service.go:64.76,66.3 1 0
github.com/softivite/puxbay/internal/services/notification_service.go:68.2,70.93 2 0
github.com/softivite/puxbay/internal/services/notification_service.go:70.93,72.3 1 0
github.com/softivite/puxbay/internal/services/notification_service.go:74.2,77.8 1 0
github.com/softivite/puxbay/internal/services/notification_service.go:80.77,82.16 2 0
github.com/softivite/puxbay/internal/services/notification_service.go:82.16,84.3 1 0
github.com/softivite/puxbay/internal/services/notification_service.go:86.2,90.25 2 0
github.com/softivite/puxbay/internal/services/notification_service.go:90.25,92.3 1 0
github.com/softivite/puxbay/internal/services/notification_service.go:93.2,93.30 1 0
github.com/softivite/puxbay/internal/services/notification_service.go:93.30,95.3 1 0
github.com/softivite/puxbay/internal/services/notification_service.go:97.2,97.12 1 0
github.com/softivite/puxbay/internal/services/notification_service.go:100.69,103.45 1 0
github.com/softivite/puxbay/internal/services/notification_service.go:103.45,105.3 1 0
github.com/softivite/puxbay/internal/services/notification_service.go:106.2,106.12 1 0
github.com/softivite/puxbay/internal/services/notification_service.go:109.98,111.81 2 0
github.com/softivite/puxbay/internal/services/notification_service.go:111.81,120.54 2 0
github.com/softivite/puxbay/internal/services/notification_service.go:120.54,122.4 1 0
github.com/softivite/puxbay/internal/services/notification_service.go:124.2,124.23 1 0
github.com/softivite/puxbay/internal/services/notification_service.go:127.134,129.81 2 0
github.com/softivite/puxbay/internal/services/notification_service.go:129.81,131.54 2 0
github.com/softivite/puxbay/internal/services/notification_service.go:131.54,133.4 1 0
github.com/softivite/puxbay/internal/services/notification_service.go:136.2,142.51 6 0
github.com/softivite/puxbay/internal/services/notification_service.go:142.51,144.3 1 0
github.com/softivite/puxbay/internal/services/notification_service.go:145.2,145.23 1 0
github.com/softivite/puxbay/internal/services/notification_service.go:148.85,150.16 2 0
github.com/softivite/puxbay/internal/services/notification_service.go:150.16,152.3 1 0
github.com/softivite/puxbay/internal/services/notification_service.go:154.2,156.25 2 0
github.com/softivite/puxbay/internal/services/notification_service.go:156.25,158.3 1 0
github.com/softivite/puxbay/internal/services/notification_service.go:159.2,159.30 1 0
github.com/softivite/puxbay/internal/services/notification_service.go:159.30,161.3 1 0
github.com/softivite/puxbay/internal/services/notification_service.go:162.2,162.12 1 0
github.com/softivite/puxbay/internal/services/order_service.go:21.66,23.2 1 0
github.com/softivite/puxbay/internal/services/order_service.go:35.90,38.27 2 0
github.com/softivite/puxbay/internal/services/order_service.go:38.27,40.3 1 0
github.com/softivite/puxbay/internal/services/order_service.go:41.2,41.25 1 0
github.com/softivite/puxbay/internal/services/order_service.go:41.25,43.3 1 0
github.com/softivite/puxbay/internal/services/order_service.go:44.2,44.28 1 0
github.com/softivite/puxbay/internal/services/order_service.go:44.28,46.3 1 0
github.com/softivite/puxbay/internal/services/order_service.go:47.2,47.28 1 0
github.com/softivite/puxbay/internal/services/order_service.go:47.28,50.3 1 0
github.com/softivite/puxbay/internal/services/order_service.go:51.2,51.29 1 0
github.com/softivite/puxbay/internal/services/order_service.go:51.29,53.3 1 0
github.com/softivite/puxbay/internal/services/order_service.go:55.2,59.117 4 0
github.com/softivite/puxbay/internal/services/order_service.go:59.117,61.3 1 0
github.com/softivite/puxbay/internal/services/order_service.go:63.2,63.27 1 0
github.com/softivite/puxbay/internal/services/order_service.go:66.67,68.131 2 0
github.com/softivite/puxbay/internal/services/order_service.go:68.131,70.3 1 0
github.com/softivite/puxbay/internal/services/order_service.go:71.2,71.20 1 0
github.com/softivite/puxbay/internal/services/order_service.go:103.83,105.32 2 0
github.com/softivite/puxbay/internal/services/order_service.go:105.32,107.3 1 0
github.com/softivite/puxbay/internal/services/order_service.go:109.2,124.23 2 0
github.com/softivite/puxbay/internal/services/order_service.go:124.23,126.3 1 0
github.com/softivite/puxbay/internal/services/order_service.go:128.2,128.27 1 0
github.com/softivite/puxbay/internal/services/order_service.go:128.27,130.3 1 0
github.com/softivite/puxbay/internal/services/order_service.go:132.2,132.50 1 0
github.com/softivite/puxbay/internal/services/order_service.go:132.50,135.36 2 0
github.com/softivite/puxbay/internal/services/order_service.go:135.36,137.83 2 0
github.com/softivite/puxbay/internal/services/order_service.go:137.83,139.5 1 0
github.com/softivite/puxbay/internal/services/order_service.go:141.4,154.30 3 0
github.com/softivite/puxbay/internal/services/order_service.go:154.30,158.33 2 0
github.com/softivite/puxbay/internal/services/order_service.go:158.33,161.6 1 0
github.com/softivite/puxbay/internal/services/order_service.go:164.5,165.38 1 0
github.com/softivite/puxbay/internal/services/order_service.go:165.38,165.88 3 0
github.com/softivite/puxbay/internal/services/order_service.go:166.38,166.65 1 0
github.com/softivite/puxbay/internal/services/order_service.go:166.65,166.91 1 0
github.com/softivite/puxbay/internal/services/order_service.go:166.93,166.139 3 0
github.com/softivite/puxbay/internal/services/order_service.go:178.3,178.49 1 0
github.com/softivite/puxbay/internal/services/order_service.go:178.49,180.4 1 0
github.com/softivite/puxbay/internal/services/order_service.go:183.3,184.28 2 0
github.com/softivite/puxbay/internal/services/order_service.go:184.28,186.4 1 0
github.com/softivite/puxbay/internal/services/order_service.go:187.3,187.25 1 0
github.com/softivite/puxbay/internal/services/order_service.go:187.25,188.54 1 0
github.com/softivite/puxbay/internal/services/order_service.go:188.54,190.5 1 0
github.com/softivite/puxbay/internal/services/order_service.go:194.3,194.67 1 0
github.com/softivite/puxbay/internal/services/order_service.go:194.67,203.54 2 0
github.com/softivite/puxbay/internal/services/order_service.go:203.54,205.5 1 0
github.com/softivite/puxbay/internal/services/order_service.go:209.3,209.49 1 0
github.com/softivite/puxbay/internal/services/order_service.go:209.49,211.86 2 0
github.com/softivite/puxbay/internal/services/order_service.go:211.86,219.27 2 0
github.com/softivite/puxbay/internal/services/order_service.go:219.27,221.6 1 0
github.com/softivite/puxbay/internal/services/order_service.go:223.5,223.78 1 0
github.com/softivite/puxbay/internal/services/order_service.go:223.78,226.6 2 0
github.com/softivite/puxbay/internal/services/order_service.go:230.3,230.13 1 0
github.com/softivite/puxbay/internal/services/order_service.go:233.2,233.16 1 0
github.com/softivite/puxbay/internal/services/order_service.go:233.16,235.3 1 0
github.com/softivite/puxbay/internal/services/order_service.go:238.2,240.20 2 0
github.com/softivite/puxbay/internal/services/order_service.go:244.112,261.23 2 0
github.com/softivite/puxbay/internal/services/order_service.go:261.23,263.3 1 0
github.com/softivite/puxbay/internal/services/order_service.go:264.2,264.27 1 0
github.com/softivite/puxbay/internal/services/order_service.go:264.27,266.3 1 0
github.com/softivite/puxbay/internal/services/order_service.go:268.2,268.50 1 0
github.com/softivite/puxbay/internal/services/order_service.go:268.50,271.39 2 0
github.com/softivite/puxbay/internal/services/order_service.go:271.39,273.86 2 0
github.com/softivite/puxbay/internal/services/order_service.go:273.86,275.5 1 0
github.com/softivite/puxbay/internal/services/order_service.go:277.4,289.30 3 0
github.com/softivite/puxbay/internal/services/order_service.go:289.30,293.33 2 0
github.com/softivite/puxbay/internal/services/order_service.go:293.33,296.6 1 0
github.com/softivite/puxbay/internal/services/order_service.go:299.5,300.38 1 0
github.com/softivite/puxbay/internal/services/order_service.go:300.38,300.88 3 0
github.com/softivite/puxbay/internal/services/order_service.go:301.38,301.65 1 0
github.com/softivite/puxbay/internal/services/order_service.go:301.65,301.91 1 0
github.com/softivite/puxbay/internal/services/order_service.go:301.93,301.139 3 0
github.com/softivite/puxbay/internal/services/order_service.go:313.3,313.49 1 0
github.com/softivite/puxbay/internal/services/order_service.go:313.49,315.4 1 0
github.com/softivite/puxbay/internal/services/order_service.go:318.3,319.28 2 0
github.com/softivite/puxbay/internal/services/order_service.go:319.28,321.4 1 0
github.com/softivite/puxbay/internal/services/order_service.go:322.3,322.25 1 0
github.com/softivite/puxbay/internal/services/order_service.go:322.25,323.54 1 0
github.com/softivite/puxbay/internal/services/order_service.go:323.54,325.5 1 0
github.com/softivite/puxbay/internal/services/order_service.go:329.3,329.97 1 0
github.com/softivite/puxbay/internal/services/order_service.go:329.97,338.54 2 0
github.com/softivite/puxbay/internal/services/order_service.go:338.54,340.5 1 0
github.com/softivite/puxbay/internal/services/order_service.go:344.3,344.49 1 0
github.com/softivite/puxbay/internal/services/order_service.go:344.49,353.26 2 0
github.com/softivite/puxbay/internal/services/order_service.go:353.26,355.5 1 0
github.com/softivite/puxbay/internal/services/order_service.go:358.3,358.13 1 0
github.com/softivite/puxbay/internal/services/order_service.go:361.2,361.16 1 0
github.com/softivite/puxbay/internal/services/order_service.go:361.16,363.3 1 0
github.com/softivite/puxbay/internal/services/order_service.go:366.2,368.20 2 0
github.com/softivite/puxbay/internal/services/order_service.go:371.35,375.2 3 0
github.com/softivite/puxbay/internal/services/order_service.go:377.36,381.2 3 0
github.com/softivite/puxbay/internal/services/order_service.go:384.51,386.86 2 0
github.com/softivite/puxbay/internal/services/order_service.go:386.86,388.3 1 0
github.com/softivite/puxbay/internal/services/order_service.go:390.2,390.30 1 0
github.com/softivite/puxbay/internal/services/order_service.go:390.30,392.3 1 0
github.com/softivite/puxbay/internal/services/order_service.go:395.2,397.50 2 0
github.com/softivite/puxbay/internal/services/order_service.go:397.50,399.75 1 0
github.com/softivite/puxbay/internal/services/order_service.go:399.75,401.4 1 0
github.com/softivite/puxbay/internal/services/order_service.go:404.3,404.36 1 0
github.com/softivite/puxbay/internal/services/order_service.go:404.36,405.37 1 0
github.com/softivite/puxbay/internal/services/order_service.go:405.37,407.110 2 0
github.com/softivite/puxbay/internal/services/order_service.go:407.110,409.6 1 0
github.com/softivite/puxbay/internal/services/order_service.go:413.4,413.31 1 0
github.com/softivite/puxbay/internal/services/order_service.go:413.31,420.5 2 0
github.com/softivite/puxbay/internal/services/order_service.go:422.3,422.13 1 0
github.com/softivite/puxbay/internal/services/order_service.go:426.55,428.2 1 0
github.com/softivite/puxbay/internal/services/order_service.go:430.69,436.35 2 0
github.com/softivite/puxbay/internal/services/order_service.go:436.35,438.3 1 0
github.com/softivite/puxbay/internal/services/order_service.go:439.2,439.20 1 0
github.com/softivite/puxbay/internal/services/order_service.go:442.69,444.69 2 0
github.com/softivite/puxbay/internal/services/order_service.go:444.69,446.3 1 0
github.com/softivite/puxbay/internal/services/order_service.go:448.2,448.60 1 0
github.com/softivite/puxbay/internal/services/order_service.go:448.60,450.3 1 0
github.com/softivite/puxbay/internal/services/order_service.go:452.2,452.50 1 0
github.com/softivite/puxbay/internal/services/order_service.go:452.50,453.30 1 0
github.com/softivite/puxbay/internal/services/order_service.go:453.30,459.4 2 0
github.com/softivite/puxbay/internal/services/order_service.go:461.3,461.28 1 0
github.com/softivite/puxbay/internal/services/order_service.go:461.28,463.4 1 0
github.com/softivite/puxbay/internal/services/order_service.go:465.3,465.71 1 0
github.com/softivite/puxbay/internal/services/order_service.go:469.73,470.24 1 0
github.com/softivite/puxbay/internal/services/order_service.go:470.24,472.3 1 0
github.com/softivite/puxbay/internal/services/order_service.go:473.2,474.29 2 0
github.com/softivite/puxbay/internal/services/order_service.go:474.29,475.32 1 0
github.com/softivite/puxbay/internal/services/order_service.go:475.32,477.4 1 0
github.com/softivite/puxbay/internal/services/order_service.go:479.2,479.23 1 0
github.com/softivite/puxbay/internal/services/payment_gateway.go:19.65,21.2 1 0
github.com/softivite/puxbay/internal/services/payment_gateway.go:23.120,24.18 1 0
github.com/softivite/puxbay/internal/services/payment_gateway.go:24.18,26.3 1 0
github.com/softivite/puxbay/internal/services/payment_gateway.go:27.2,27.34 1 0
github.com/softivite/puxbay/internal/services/payment_gateway.go:30.97,31.18 1 0
github.com/softivite/puxbay/internal/services/payment_gateway.go:31.18,33.3 1 0
github.com/softivite/puxbay/internal/services/payment_gateway.go:34.2,34.12 1 0
github.com/softivite/puxbay/internal/services/privacy_service.go:19.53,21.2 1 0
github.com/softivite/puxbay/internal/services/privacy_service.go:23.63,28.52 4 0
github.com/softivite/puxbay/internal/services/privacy_service.go:28.52,28.66 1 0
github.com/softivite/puxbay/internal/services/privacy_service.go:29.2,29.49 1 0
github.com/softivite/puxbay/internal/services/privacy_service.go:29.49,29.63 1 0
github.com/softivite/puxbay/internal/services/privacy_service.go:30.2,30.51 1 0
github.com/softivite/puxbay/internal/services/privacy_service.go:30.51,30.65 1 0
github.com/softivite/puxbay/internal/services/privacy_service.go:32.2,41.16 3 0
github.com/softivite/puxbay/internal/services/privacy_service.go:41.16,41.30 1 0
github.com/softivite/puxbay/internal/services/privacy_service.go:42.2,48.16 5 0
github.com/softivite/puxbay/internal/services/privacy_service.go:48.16,48.30 1 0
github.com/softivite/puxbay/internal/services/privacy_service.go:50.2,52.51 3 0
github.com/softivite/puxbay/internal/services/privacy_service.go:52.51,52.65 1 0
github.com/softivite/puxbay/internal/services/privacy_service.go:55.2,58.12 2 0
github.com/softivite/puxbay/internal/services/privacy_service.go:61.81,64.2 1 0
github.com/softivite/puxbay/internal/services/privacy_service.go:66.89,68.50 1 0
github.com/softivite/puxbay/internal/services/privacy_service.go:68.50,70.126 2 0
github.com/softivite/puxbay/internal/services/privacy_service.go:70.126,72.4 1 0
github.com/softivite/puxbay/internal/services/privacy_service.go:74.3,82.110 2 0
github.com/softivite/puxbay/internal/services/product_service.go:20.53,22.2 1 0
github.com/softivite/puxbay/internal/services/product_service.go:32.98,38.27 4 0
github.com/softivite/puxbay/internal/services/product_service.go:38.27,40.3 1 0
github.com/softivite/puxbay/internal/services/product_service.go:42.2,42.29 1 0
github.com/softivite/puxbay/internal/services/product_service.go:42.29,44.3 1 0
github.com/softivite/puxbay/internal/services/product_service.go:46.2,46.25 1 0
github.com/softivite/puxbay/internal/services/product_service.go:46.25,48.3 1 0
github.com/softivite/puxbay/internal/services/product_service.go:50.2,52.114 2 0
github.com/softivite/puxbay/internal/services/product_service.go:52.114,54.3 1 0
github.com/softivite/puxbay/internal/services/product_service.go:56.2,56.29 1 0
github.com/softivite/puxbay/internal/services/product_service.go:86.91,88.80 2 0
github.com/softivite/puxbay/internal/services/product_service.go:88.80,90.3 1 0
github.com/softivite/puxbay/internal/services/product_service.go:92.2,112.27 2 0
github.com/softivite/puxbay/internal/services/product_service.go:112.27,114.3 1 0
github.com/softivite/puxbay/internal/services/product_service.go:115.2,115.27 1 0
github.com/softivite/puxbay/internal/services/product_service.go:115.27,117.3 1 0
github.com/softivite/puxbay/internal/services/product_service.go:119.2,119.27 1 0
github.com/softivite/puxbay/internal/services/product_service.go:119.27,121.3 1 0
github.com/softivite/puxbay/internal/services/product_service.go:122.2,122.25 1 0
github.com/softivite/puxbay/internal/services/product_service.go:122.25,124.3 1 0
github.com/softivite/puxbay/internal/services/product_service.go:126.2,126.28 1 0
github.com/softivite/puxbay/internal/services/product_service.go:126.28,127.71 1 0
github.com/softivite/puxbay/internal/services/product_service.go:127.71,129.4 1 0
github.com/softivite/puxbay/internal/services/product_service.go:131.2,131.35 1 0
github.com/softivite/puxbay/internal/services/product_service.go:131.35,132.78 1 0
github.com/softivite/puxbay/internal/services/product_service.go:132.78,134.4 1 0
github.com/softivite/puxbay/internal/services/product_service.go:137.2,137.56 1 0
github.com/softivite/puxbay/internal/services/product_service.go:137.56,139.17 2 0
github.com/softivite/puxbay/internal/services/product_service.go:139.17,141.4 1 0
github.com/softivite/puxbay/internal/services/product_service.go:144.2,144.52 1 0
github.com/softivite/puxbay/internal/services/product_service.go:144.52,146.17 2 0
github.com/softivite/puxbay/internal/services/product_service.go:146.17,148.4 1 0
github.com/softivite/puxbay/internal/services/product_service.go:151.2,151.50 1 0
github.com/softivite/puxbay/internal/services/product_service.go:151.50,152.51 1 0
github.com/softivite/puxbay/internal/services/product_service.go:152.51,154.4 1 0
github.com/softivite/puxbay/internal/services/product_service.go:157.3,157.32 1 0
github.com/softivite/puxbay/internal/services/product_service.go:157.32,165.31 2 0
github.com/softivite/puxbay/internal/services/product_service.go:165.31,167.5 1 0
github.com/softivite/puxbay/internal/services/product_service.go:167.11,171.5 0 0
github.com/softivite/puxbay/internal/services/product_service.go:172.4,172.50 1 0
github.com/softivite/puxbay/internal/services/product_service.go:172.50,174.5 1 0
github.com/softivite/puxbay/internal/services/product_service.go:177.3,177.13 1 0
github.com/softivite/puxbay/internal/services/product_service.go:180.2,180.16 1 0
github.com/softivite/puxbay/internal/services/product_service.go:180.16,182.3 1 0
github.com/softivite/puxbay/internal/services/product_service.go:184.2,184.22 1 0
github.com/softivite/puxbay/internal/services/product_service.go:187.73,189.91 2 0
github.com/softivite/puxbay/internal/services/product_service.go:189.91,191.3 1 0
github.com/softivite/puxbay/internal/services/product_service.go:192.2,192.22 1 0
github.com/softivite/puxbay/internal/services/product_service.go:195.102,197.16 2 0
github.com/softivite/puxbay/internal/services/product_service.go:197.16,199.3 1 0
github.com/softivite/puxbay/internal/services/product_service.go:201.2,201.30 1 0
github.com/softivite/puxbay/internal/services/product_service.go:201.30,203.97 2 0
github.com/softivite/puxbay/internal/services/product_service.go:203.97,205.4 1 0
github.com/softivite/puxbay/internal/services/product_service.go:208.2,218.27 10 0
github.com/softivite/puxbay/internal/services/product_service.go:218.27,220.3 1 0
github.com/softivite/puxbay/internal/services/product_service.go:221.2,221.27 1 0
github.com/softivite/puxbay/internal/services/product_service.go:221.27,223.3 1 0
github.com/softivite/puxbay/internal/services/product_service.go:225.2,225.27 1 0
github.com/softivite/puxbay/internal/services/product_service.go:225.27,227.3 1 0
github.com/softivite/puxbay/internal/services/product_service.go:228.2,228.25 1 0
github.com/softivite/puxbay/internal/services/product_service.go:228.25,230.3 1 0
github.com/softivite/puxbay/internal/services/product_service.go:232.2,232.56 1 0
github.com/softivite/puxbay/internal/services/product_service.go:232.56,234.17 2 0
github.com/softivite/puxbay/internal/services/product_service.go:234.17,236.4 1 0
github.com/softivite/puxbay/internal/services/product_service.go:237.8,237.63 1 0
github.com/softivite/puxbay/internal/services/product_service.go:237.63,239.3 1 0
github.com/softivite/puxbay/internal/services/product_service.go:241.2,241.52 1 0
github.com/softivite/puxbay/internal/services/product_service.go:241.52,243.17 2 0
github.com/softivite/puxbay/internal/services/product_service.go:243.17,245.4 1 0
github.com/softivite/puxbay/internal/services/product_service.go:246.8,246.59 1 0
github.com/softivite/puxbay/internal/services/product_service.go:246.59,248.3 1 0
github.com/softivite/puxbay/internal/services/product_service.go:250.2,250.50 1 0
github.com/softivite/puxbay/internal/services/product_service.go:250.50,252.3 1 0
github.com/softivite/puxbay/internal/services/product_service.go:254.2,254.21 1 0
github.com/softivite/puxbay/internal/services/product_service.go:257.57,259.2 1 0
github.com/softivite/puxbay/internal/services/product_service.go:261.126,263.16 2 0
github.com/softivite/puxbay/internal/services/product_service.go:263.16,265.3 1 0
github.com/softivite/puxbay/internal/services/product_service.go:267.2,270.19 3 0
github.com/softivite/puxbay/internal/services/product_service.go:270.19,272.3 1 0
github.com/softivite/puxbay/internal/services/product_service.go:274.2,277.27 3 0
github.com/softivite/puxbay/internal/services/product_service.go:277.27,278.29 1 0
github.com/softivite/puxbay/internal/services/product_service.go:278.29,279.12 1 0
github.com/softivite/puxbay/internal/services/product_service.go:282.3,285.30 3 0
github.com/softivite/puxbay/internal/services/product_service.go:285.30,286.12 1 0
github.com/softivite/puxbay/internal/services/product_service.go:288.3,288.24 1 0
github.com/softivite/puxbay/internal/services/product_service.go:288.24,289.12 1 0
github.com/softivite/puxbay/internal/services/product_service.go:291.3,302.19 3 0
github.com/softivite/puxbay/internal/services/product_service.go:302.19,303.84 1 0
github.com/softivite/puxbay/internal/services/product_service.go:303.84,305.5 1 0
github.com/softivite/puxbay/internal/services/product_service.go:308.3,308.19 1 0
github.com/softivite/puxbay/internal/services/product_service.go:308.19,309.84 1 0
github.com/softivite/puxbay/internal/services/product_service.go:309.84,311.5 1 0
github.com/softivite/puxbay/internal/services/product_service.go:314.3,314.19 1 0
github.com/softivite/puxbay/internal/services/product_service.go:314.19,315.84 1 0
github.com/softivite/puxbay/internal/services/product_service.go:315.84,317.5 1 0
github.com/softivite/puxbay/internal/services/product_service.go:320.3,320.19 1 0
github.com/softivite/puxbay/internal/services/product_service.go:320.19,321.84 1 0
github.com/softivite/puxbay/internal/services/product_service.go:321.84,323.5 1 0
github.com/softivite/puxbay/internal/services/product_service.go:326.3,326.19 1 0
github.com/softivite/puxbay/internal/services/product_service.go:326.19,327.84 1 0
github.com/softivite/puxbay/internal/services/product_service.go:327.84,329.5 1 0
github.com/softivite/puxbay/internal/services/product_service.go:332.3,332.19 1 0
github.com/softivite/puxbay/internal/services/product_service.go:332.19,333.84 1 0
github.com/softivite/puxbay/internal/services/product_service.go:333.84,335.5 1 0
github.com/softivite/puxbay/internal/services/product_service.go:338.3,338.19 1 0
github.com/softivite/puxbay/internal/services/product_service.go:338.19,340.21 2 0
github.com/softivite/puxbay/internal/services/product_service.go:340.21,342.5 1 0
github.com/softivite/puxbay/internal/services/product_service.go:345.3,345.20 1 0
github.com/softivite/puxbay/internal/services/product_service.go:345.20,346.82 1 0
github.com/softivite/puxbay/internal/services/product_service.go:346.82,348.5 1 0
github.com/softivite/puxbay/internal/services/product_service.go:351.3,351.20 1 0
github.com/softivite/puxbay/internal/services/product_service.go:351.20,353.4 1 0
github.com/softivite/puxbay/internal/services/product_service.go:355.3,355.20 1 0
github.com/softivite/puxbay/internal/services/product_service.go:355.20,357.4 1 0
github.com/softivite/puxbay/internal/services/product_service.go:359.3,359.20 1 0
github.com/softivite/puxbay/internal/services/product_service.go:359.20,361.4 1 0
github.com/softivite/puxbay/internal/services/product_service.go:363.3,363.20 1 0
github.com/softivite/puxbay/internal/services/product_service.go:363.20,365.48 2 0
github.com/softivite/puxbay/internal/services/product_service.go:365.48,367.5 1 0
github.com/softivite/puxbay/internal/services/product_service.go:370.3,370.20 1 0
github.com/softivite/puxbay/internal/services/product_service.go:370.20,371.82 1 0
github.com/softivite/puxbay/internal/services/product_service.go:371.82,373.5 1 0
github.com/softivite/puxbay/internal/services/product_service.go:376.3,376.20 1 0
github.com/softivite/puxbay/internal/services/product_service.go:376.20,378.4 1 0
github.com/softivite/puxbay/internal/services/product_service.go:380.3,380.20 1 0
github.com/softivite/puxbay/internal/services/product_service.go:380.20,382.4 1 0
github.com/softivite/puxbay/internal/services/product_service.go:384.3,384.20 1 0
github.com/softivite/puxbay/internal/services/product_service.go:384.20,386.4 1 0
github.com/softivite/puxbay/internal/services/product_service.go:388.3,388.45 1 0
github.com/softivite/puxbay/internal/services/product_service.go:391.2,391.27 1 0
github.com/softivite/puxbay/internal/services/product_service.go:391.27,393.3 1 0
github.com/softivite/puxbay/internal/services/product_service.go:395.2,396.49 2 0
github.com/softivite/puxbay/internal/services/product_service.go:396.49,400.33 3 0
github.com/softivite/puxbay/internal/services/product_service.go:400.33,402.4 1 0
github.com/softivite/puxbay/internal/services/product_service.go:404.3,407.36 3 0
github.com/softivite/puxbay/internal/services/product_service.go:407.36,409.4 1 0
github.com/softivite/puxbay/internal/services/product_service.go:411.3,412.33 2 0
github.com/softivite/puxbay/internal/services/product_service.go:412.33,413.27 1 0
github.com/softivite/puxbay/internal/services/product_service.go:413.27,415.5 1 0
github.com/softivite/puxbay/internal/services/product_service.go:418.3,418.25 1 0
github.com/softivite/puxbay/internal/services/product_service.go:418.25,420.4 1 0
github.com/softivite/puxbay/internal/services/product_service.go:423.3,423.65 1 0
github.com/softivite/puxbay/internal/services/product_service.go:423.65,425.4 1 0
github.com/softivite/puxbay/internal/services/product_service.go:427.3,428.30 2 0
github.com/softivite/puxbay/internal/services/product_service.go:428.30,429.27 1 0
github.com/softivite/puxbay/internal/services/product_service.go:429.27,437.26 2 0
github.com/softivite/puxbay/internal/services/product_service.go:437.26,439.6 1 0
github.com/softivite/puxbay/internal/services/product_service.go:439.11,439.31 1 0
github.com/softivite/puxbay/internal/services/product_service.go:439.31,441.6 1 0
github.com/softivite/puxbay/internal/services/product_service.go:442.5,442.53 1 0
github.com/softivite/puxbay/internal/services/product_service.go:446.3,446.31 1 0
github.com/softivite/puxbay/internal/services/product_service.go:446.31,447.73 1 0
github.com/softivite/puxbay/internal/services/product_service.go:447.73,449.5 1 0
github.com/softivite/puxbay/internal/services/product_service.go:452.3,453.13 2 0
github.com/softivite/puxbay/internal/services/product_service.go:456.2,456.16 1 0
github.com/softivite/puxbay/internal/services/product_service.go:456.16,458.3 1 0
github.com/softivite/puxbay/internal/services/product_service.go:460.2,460.19 1 0
github.com/softivite/puxbay/internal/services/public_portal_service.go:16.63,18.2 1 0
github.com/softivite/puxbay/internal/services/public_portal_service.go:27.87,35.2 1 0
github.com/softivite/puxbay/internal/services/public_portal_service.go:37.87,39.80 2 0
github.com/softivite/puxbay/internal/services/public_portal_service.go:39.80,41.3 1 0
github.com/softivite/puxbay/internal/services/public_portal_service.go:42.2,42.22 1 0
github.com/softivite/puxbay/internal/services/public_portal_service.go:52.95,54.74 2 0
github.com/softivite/puxbay/internal/services/public_portal_service.go:54.74,56.3 1 0
github.com/softivite/puxbay/internal/services/public_portal_service.go:58.2,63.8 1 0
github.com/softivite/puxbay/internal/services/public_portal_service.go:73.124,74.23 1 0
github.com/softivite/puxbay/internal/services/public_portal_service.go:74.23,76.3 1 0
github.com/softivite/puxbay/internal/services/public_portal_service.go:78.2,81.16 3 0
github.com/softivite/puxbay/internal/services/public_portal_service.go:81.16,82.45 1 0
github.com/softivite/puxbay/internal/services/public_portal_service.go:82.45,88.27 2 0
github.com/softivite/puxbay/internal/services/public_portal_service.go:88.27,90.5 1 0
github.com/softivite/puxbay/internal/services/public_portal_service.go:91.4,91.55 1 0
github.com/softivite/puxbay/internal/services/public_portal_service.go:91.55,93.5 1 0
github.com/softivite/puxbay/internal/services/public_portal_service.go:94.9,96.4 1 0
github.com/softivite/puxbay/internal/services/public_portal_service.go:99.2,105.25 2 0
github.com/softivite/puxbay/internal/services/public_portal_service.go:105.25,107.3 1 0
github.com/softivite/puxbay/internal/services/public_portal_service.go:109.2,109.53 1 0
github.com/softivite/puxbay/internal/services/public_portal_service.go:109.53,111.3 1 0
github.com/softivite/puxbay/internal/services/public_portal_service.go:113.2,113.23 1 0
github.com/softivite/puxbay/internal/services/return_service.go:17.71,19.2 1 0
github.com/softivite/puxbay/internal/services/return_service.go:28.94,30.27 2 0
github.com/softivite/puxbay/internal/services/return_service.go:30.27,32.3 1 0
github.com/softivite/puxbay/internal/services/return_service.go:33.2,33.25 1 0
github.com/softivite/puxbay/internal/services/return_service.go:33.25,35.3 1 0
github.com/softivite/puxbay/internal/services/return_service.go:37.2,42.103 4 0
github.com/softivite/puxbay/internal/services/return_service.go:42.103,44.3 1 0
github.com/softivite/puxbay/internal/services/return_service.go:46.2,46.28 1 0
github.com/softivite/puxbay/internal/services/return_service.go:60.87,72.50 3 0
github.com/softivite/puxbay/internal/services/return_service.go:72.50,73.47 1 0
github.com/softivite/puxbay/internal/services/return_service.go:73.47,75.4 1 0
github.com/softivite/puxbay/internal/services/return_service.go:77.3,77.30 1 0
github.com/softivite/puxbay/internal/services/return_service.go:77.30,79.59 2 0
github.com/softivite/puxbay/internal/services/return_service.go:79.59,81.5 1 0
github.com/softivite/puxbay/internal/services/return_service.go:83.3,83.13 1 0
github.com/softivite/puxbay/internal/services/return_service.go:86.2,86.16 1 0
github.com/softivite/puxbay/internal/services/return_service.go:86.16,88.3 1 0
github.com/softivite/puxbay/internal/services/return_service.go:90.2,90.18 1 0
github.com/softivite/puxbay/internal/services/return_service.go:93.70,95.16 2 0
github.com/softivite/puxbay/internal/services/return_service.go:95.16,97.3 1 0
github.com/softivite/puxbay/internal/services/return_service.go:99.2,102.33 2 0
github.com/softivite/puxbay/internal/services/return_service.go:102.33,104.3 1 0
github.com/softivite/puxbay/internal/services/return_service.go:106.2,106.18 1 0
github.com/softivite/puxbay/internal/services/return_service.go:109.74,111.16 2 0
github.com/softivite/puxbay/internal/services/return_service.go:111.16,113.3 1 0
github.com/softivite/puxbay/internal/services/return_service.go:115.2,116.73 2 0
github.com/softivite/puxbay/internal/services/return_service.go:116.73,118.3 1 0
github.com/softivite/puxbay/internal/services/return_service.go:120.2,120.49 1 0
github.com/softivite/puxbay/internal/services/return_service.go:120.49,124.45 4 0
github.com/softivite/puxbay/internal/services/return_service.go:124.45,126.4 1 0
github.com/softivite/puxbay/internal/services/return_service.go:128.3,129.102 2 0
github.com/softivite/puxbay/internal/services/return_service.go:129.102,131.4 1 0
github.com/softivite/puxbay/internal/services/return_service.go:132.3,132.30 1 0
github.com/softivite/puxbay/internal/services/return_service.go:132.30,133.29 1 0
github.com/softivite/puxbay/internal/services/return_service.go:133.29,135.84 2 0
github.com/softivite/puxbay/internal/services/return_service.go:135.84,137.6 1 0
github.com/softivite/puxbay/internal/services/return_service.go:140.5,145.28 4 0
github.com/softivite/puxbay/internal/services/return_service.go:145.28,147.6 1 0
github.com/softivite/puxbay/internal/services/return_service.go:149.5,149.65 1 0
github.com/softivite/puxbay/internal/services/return_service.go:149.65,152.93 2 0
github.com/softivite/puxbay/internal/services/return_service.go:152.93,154.7 1 0
github.com/softivite/puxbay/internal/services/return_service.go:155.6,155.27 1 0
github.com/softivite/puxbay/internal/services/return_service.go:156.11,159.20 2 0
github.com/softivite/puxbay/internal/services/return_service.go:159.20,165.59 5 0
github.com/softivite/puxbay/internal/services/return_service.go:165.59,167.8 1 0
github.com/softivite/puxbay/internal/services/return_service.go:168.7,168.31 1 0
github.com/softivite/puxbay/internal/services/return_service.go:169.12,172.98 2 0
github.com/softivite/puxbay/internal/services/return_service.go:172.98,174.8 1 0
github.com/softivite/puxbay/internal/services/return_service.go:178.5,189.54 3 0
github.com/softivite/puxbay/internal/services/return_service.go:189.54,191.6 1 0
github.com/softivite/puxbay/internal/services/return_service.go:194.3,194.13 1 0
github.com/softivite/puxbay/internal/services/return_service.go:197.2,197.16 1 0
github.com/softivite/puxbay/internal/services/return_service.go:197.16,199.3 1 0
github.com/softivite/puxbay/internal/services/return_service.go:201.2,201.18 1 0
github.com/softivite/puxbay/internal/services/return_service.go:204.73,206.16 2 0
github.com/softivite/puxbay/internal/services/return_service.go:206.16,208.3 1 0
github.com/softivite/puxbay/internal/services/return_service.go:210.2,211.73 2 0
github.com/softivite/puxbay/internal/services/return_service.go:211.73,213.3 1 0
github.com/softivite/puxbay/internal/services/return_service.go:215.2,216.46 2 0
github.com/softivite/puxbay/internal/services/return_service.go:216.46,218.3 1 0
github.com/softivite/puxbay/internal/services/return_service.go:220.2,220.18 1 0
github.com/softivite/puxbay/internal/services/return_service.go:223.83,225.16 2 0
github.com/softivite/puxbay/internal/services/return_service.go:225.16,227.3 1 0
github.com/softivite/puxbay/internal/services/return_service.go:229.2,230.100 2 0
github.com/softivite/puxbay/internal/services/return_service.go:230.100,232.3 1 0
github.com/softivite/puxbay/internal/services/return_service.go:234.2,236.49 2 0
github.com/softivite/puxbay/internal/services/return_service.go:236.49,237.66 1 0
github.com/softivite/puxbay/internal/services/return_service.go:237.66,239.94 1 0
github.com/softivite/puxbay/internal/services/return_service.go:239.94,241.5 1 0
github.com/softivite/puxbay/internal/services/return_service.go:244.3,247.45 4 0
github.com/softivite/puxbay/internal/services/return_service.go:247.45,249.4 1 0
github.com/softivite/puxbay/internal/services/return_service.go:250.3,250.13 1 0
github.com/softivite/puxbay/internal/services/return_service.go:253.2,253.16 1 0
github.com/softivite/puxbay/internal/services/return_service.go:253.16,255.3 1 0
github.com/softivite/puxbay/internal/services/return_service.go:257.2,257.29 1 0
github.com/softivite/puxbay/internal/services/security_service.go:24.55,26.2 1 0
github.com/softivite/puxbay/internal/services/security_service.go:35.43,37.45 2 1
github.com/softivite/puxbay/internal/services/security_service.go:37.45,39.3 1 0
github.com/softivite/puxbay/internal/services/security_service.go:40.2,40.85 1 1
github.com/softivite/puxbay/internal/services/security_service.go:43.79,45.16 2 0
github.com/softivite/puxbay/internal/services/security_service.go:45.16,47.3 1 0
github.com/softivite/puxbay/internal/services/security_service.go:50.2,54.24 1 0
github.com/softivite/puxbay/internal/services/security_service.go:54.24,56.3 1 0
github.com/softivite/puxbay/internal/services/security_service.go:59.2,68.8 4 0
github.com/softivite/puxbay/internal/services/security_service.go:71.74,72.20 1 0
github.com/softivite/puxbay/internal/services/security_service.go:72.20,74.3 1 0
github.com/softivite/puxbay/internal/services/security_service.go:76.2,77.80 2 0
github.com/softivite/puxbay/internal/services/security_service.go:77.80,79.3 1 0
github.com/softivite/puxbay/internal/services/security_service.go:81.2,81.58 1 0
github.com/softivite/puxbay/internal/services/security_service.go:81.58,83.3 1 0
github.com/softivite/puxbay/internal/services/security_service.go:86.2,86.49 1 0
github.com/softivite/puxbay/internal/services/security_service.go:86.49,88.3 1 0
github.com/softivite/puxbay/internal/services/security_service.go:91.2,91.66 1 0
github.com/softivite/puxbay/internal/services/security_service.go:96.49,98.41 2 1
github.com/softivite/puxbay/internal/services/security_service.go:98.41,100.3 1 0
github.com/softivite/puxbay/internal/services/security_service.go:102.2,104.45 2 1
github.com/softivite/puxbay/internal/services/security_service.go:104.45,108.23 4 1
github.com/softivite/puxbay/internal/services/security_service.go:108.23,110.4 1 1
github.com/softivite/puxbay/internal/services/security_service.go:112.2,112.14 1 1
github.com/softivite/puxbay/internal/services/security_service.go:116.54,119.26 2 1
github.com/softivite/puxbay/internal/services/security_service.go:119.26,122.3 2 1
github.com/softivite/puxbay/internal/services/security_service.go:125.2,137.33 7 1
github.com/softivite/puxbay/internal/services/security_service.go:140.62,146.2 1 0
github.com/softivite/puxbay/internal/services/security_service.go:149.114,158.2 6 0
github.com/softivite/puxbay/internal/services/security_service.go:161.79,167.52 5 0
github.com/softivite/puxbay/internal/services/security_service.go:167.52,167.70 1 0
github.com/softivite/puxbay/internal/services/security_service.go:168.2,168.49 1 0
github.com/softivite/puxbay/internal/services/security_service.go:168.49,168.67 1 0
github.com/softivite/puxbay/internal/services/security_service.go:169.2,169.51 1 0
github.com/softivite/puxbay/internal/services/security_service.go:169.51,169.69 1 0
github.com/softivite/puxbay/internal/services/security_service.go:170.2,170.53 1 0
github.com/softivite/puxbay/internal/services/security_service.go:170.53,170.71 1 0
github.com/softivite/puxbay/internal/services/security_service.go:172.2,180.16 3 0
github.com/softivite/puxbay/internal/services/security_service.go:180.16,182.3 1 0
github.com/softivite/puxbay/internal/services/security_service.go:184.2,185.16 2 0
github.com/softivite/puxbay/internal/services/security_service.go:185.16,187.3 1 0
github.com/softivite/puxbay/internal/services/security_service.go:188.2,191.51 3 0
github.com/softivite/puxbay/internal/services/security_service.go:195.85,199.16 3 0
github.com/softivite/puxbay/internal/services/security_service.go:199.16,201.3 1 0
github.com/softivite/puxbay/internal/services/security_service.go:203.2,209.65 2 0
github.com/softivite/puxbay/internal/services/security_service.go:209.65,211.3 1 0
github.com/softivite/puxbay/internal/services/security_service.go:213.2,213.50 1 0
github.com/softivite/puxbay/internal/services/security_service.go:213.50,215.106 1 0
github.com/softivite/puxbay/internal/services/security_service.go:215.106,215.120 1 0
github.com/softivite/puxbay/internal/services/security_service.go:216.3,216.108 1 0
github.com/softivite/puxbay/internal/services/security_service.go:216.108,216.122 1 0
github.com/softivite/puxbay/internal/services/security_service.go:217.3,217.109 1 0
github.com/softivite/puxbay/internal/services/security_service.go:217.109,217.123 1 0
github.com/softivite/puxbay/internal/services/security_service.go:218.3,218.109 1 0
github.com/softivite/puxbay/internal/services/security_service.go:218.109,218.123 1 0
github.com/softivite/puxbay/internal/services/security_service.go:220.3,220.43 1 0
github.com/softivite/puxbay/internal/services/security_service.go:220.43,221.46 1 0
github.com/softivite/puxbay/internal/services/security_service.go:221.46,221.60 1 0
github.com/softivite/puxbay/internal/services/security_service.go:223.3,223.41 1 0
github.com/softivite/puxbay/internal/services/security_service.go:223.41,224.46 1 0
github.com/softivite/puxbay/internal/services/security_service.go:224.46,224.60 1 0
github.com/softivite/puxbay/internal/services/security_service.go:226.3,226.42 1 0
github.com/softivite/puxbay/internal/services/security_service.go:226.42,227.46 1 0
github.com/softivite/puxbay/internal/services/security_service.go:227.46,227.60 1 0
github.com/softivite/puxbay/internal/services/security_service.go:229.3,229.39 1 0
github.com/softivite/puxbay/internal/services/security_service.go:229.39,230.46 1 0
github.com/softivite/puxbay/internal/services/security_service.go:230.46,230.60 1 0
github.com/softivite/puxbay/internal/services/security_service.go:233.3,233.13 1 0
github.com/softivite/puxbay/internal/services/service_service.go:16.45,18.2 1 0
github.com/softivite/puxbay/internal/services/service_service.go:20.63,23.80 2 0
github.com/softivite/puxbay/internal/services/service_service.go:23.80,25.3 1 0
github.com/softivite/puxbay/internal/services/service_service.go:26.2,26.22 1 0
github.com/softivite/puxbay/internal/services/service_service.go:36.87,45.52 2 0
github.com/softivite/puxbay/internal/services/service_service.go:45.52,47.3 1 0
github.com/softivite/puxbay/internal/services/service_service.go:49.2,49.22 1 0
github.com/softivite/puxbay/internal/services/service_service.go:52.71,55.94 2 0
github.com/softivite/puxbay/internal/services/service_service.go:55.94,57.3 1 0
github.com/softivite/puxbay/internal/services/service_service.go:58.2,58.26 1 0
github.com/softivite/puxbay/internal/services/service_service.go:68.99,70.16 2 0
github.com/softivite/puxbay/internal/services/service_service.go:70.16,72.3 1 0
github.com/softivite/puxbay/internal/services/service_service.go:74.2,75.16 2 0
github.com/softivite/puxbay/internal/services/service_service.go:75.16,77.3 1 0
github.com/softivite/puxbay/internal/services/service_service.go:79.2,80.16 2 0
github.com/softivite/puxbay/internal/services/service_service.go:80.16,82.3 1 0
github.com/softivite/puxbay/internal/services/service_service.go:84.2,85.16 2 0
github.com/softivite/puxbay/internal/services/service_service.go:85.16,87.3 1 0
github.com/softivite/puxbay/internal/services/service_service.go:89.2,97.56 2 0
github.com/softivite/puxbay/internal/services/service_service.go:97.56,99.3 1 0
github.com/softivite/puxbay/internal/services/service_service.go:101.2,101.26 1 0
github.com/softivite/puxbay/internal/services/shift_service.go:16.49,18.2 1 0
github.com/softivite/puxbay/internal/services/shift_service.go:20.133,24.15 3 0
github.com/softivite/puxbay/internal/services/shift_service.go:24.15,26.3 1 0
github.com/softivite/puxbay/internal/services/shift_service.go:28.2,37.50 2 0
github.com/softivite/puxbay/internal/services/shift_service.go:37.50,39.3 1 0
github.com/softivite/puxbay/internal/services/shift_service.go:41.2,41.20 1 0
github.com/softivite/puxbay/internal/services/shift_service.go:44.131,46.74 2 0
github.com/softivite/puxbay/internal/services/shift_service.go:46.74,48.3 1 0
github.com/softivite/puxbay/internal/services/shift_service.go:50.2,50.30 1 0
github.com/softivite/puxbay/internal/services/shift_service.go:50.30,52.3 1 0
github.com/softivite/puxbay/internal/services/shift_service.go:56.2,75.17 7 0
github.com/softivite/puxbay/internal/services/shift_service.go:75.17,77.3 1 0
github.com/softivite/puxbay/internal/services/shift_service.go:79.2,79.66 1 0
github.com/softivite/puxbay/internal/services/shift_service.go:79.66,81.3 1 0
github.com/softivite/puxbay/internal/services/shift_service.go:84.2,85.20 2 0
github.com/softivite/puxbay/internal/services/sms_service.go:18.54,20.2 1 0
github.com/softivite/puxbay/internal/services/sms_service.go:29.73,30.27 1 0
github.com/softivite/puxbay/internal/services/sms_service.go:30.27,33.3 2 0
github.com/softivite/puxbay/internal/services/sms_service.go:35.2,42.16 3 0
github.com/softivite/puxbay/internal/services/sms_service.go:42.16,44.3 1 0
github.com/softivite/puxbay/internal/services/sms_service.go:46.2,47.16 2 0
github.com/softivite/puxbay/internal/services/sms_service.go:47.16,49.3 1 0
github.com/softivite/puxbay/internal/services/sms_service.go:51.2,56.16 5 0
github.com/softivite/puxbay/internal/services/sms_service.go:56.16,58.3 1 0
github.com/softivite/puxbay/internal/services/sms_service.go:59.2,61.53 2 0
github.com/softivite/puxbay/internal/services/sms_service.go:61.53,64.3 2 0
github.com/softivite/puxbay/internal/services/sms_service.go:66.2,66.12 1 0
github.com/softivite/puxbay/internal/services/staff_service.go:18.85,20.2 1 0
github.com/softivite/puxbay/internal/services/staff_service.go:22.101,26.20 3 0
github.com/softivite/puxbay/internal/services/staff_service.go:26.20,28.3 1 0
github.com/softivite/puxbay/internal/services/staff_service.go:30.2,30.52 1 0
github.com/softivite/puxbay/internal/services/staff_service.go:30.52,32.3 1 0
github.com/softivite/puxbay/internal/services/staff_service.go:33.2,33.22 1 0
github.com/softivite/puxbay/internal/services/staff_service.go:47.109,50.117 2 0
github.com/softivite/puxbay/internal/services/staff_service.go:50.117,52.3 1 0
github.com/softivite/puxbay/internal/services/staff_service.go:54.2,58.30 4 0
github.com/softivite/puxbay/internal/services/staff_service.go:58.30,60.3 1 0
github.com/softivite/puxbay/internal/services/staff_service.go:60.8,60.30 1 0
github.com/softivite/puxbay/internal/services/staff_service.go:60.30,62.85 2 0
github.com/softivite/puxbay/internal/services/staff_service.go:62.85,64.4 1 0
github.com/softivite/puxbay/internal/services/staff_service.go:65.8,65.28 1 0
github.com/softivite/puxbay/internal/services/staff_service.go:65.28,67.3 1 0
github.com/softivite/puxbay/internal/services/staff_service.go:69.2,69.33 1 0
github.com/softivite/puxbay/internal/services/staff_service.go:69.33,71.3 1 0
github.com/softivite/puxbay/internal/services/staff_service.go:73.2,73.37 1 0
github.com/softivite/puxbay/internal/services/staff_service.go:73.37,75.3 1 0
github.com/softivite/puxbay/internal/services/staff_service.go:77.2,78.16 2 0
github.com/softivite/puxbay/internal/services/staff_service.go:78.16,80.3 1 0
github.com/softivite/puxbay/internal/services/staff_service.go:82.2,83.49 2 0
github.com/softivite/puxbay/internal/services/staff_service.go:83.49,86.111 2 0
github.com/softivite/puxbay/internal/services/staff_service.go:86.112,89.4 0 0
github.com/softivite/puxbay/internal/services/staff_service.go:89.9,100.49 2 0
github.com/softivite/puxbay/internal/services/staff_service.go:100.49,102.5 1 0
github.com/softivite/puxbay/internal/services/staff_service.go:105.3,111.51 2 0
github.com/softivite/puxbay/internal/services/staff_service.go:111.51,113.4 1 0
github.com/softivite/puxbay/internal/services/staff_service.go:115.3,116.13 2 0
github.com/softivite/puxbay/internal/services/staff_service.go:119.2,119.16 1 0
github.com/softivite/puxbay/internal/services/staff_service.go:119.16,121.3 1 0
github.com/softivite/puxbay/internal/services/staff_service.go:123.2,123.23 1 0
github.com/softivite/puxbay/internal/services/staff_service.go:123.23,126.3 2 0
github.com/softivite/puxbay/internal/services/staff_service.go:128.2,128.22 1 0
github.com/softivite/puxbay/internal/services/staff_service.go:131.93,133.115 2 0
github.com/softivite/puxbay/internal/services/staff_service.go:133.115,135.3 1 0
github.com/softivite/puxbay/internal/services/staff_service.go:136.2,136.22 1 0
github.com/softivite/puxbay/internal/services/staff_service.go:146.120,148.16 2 0
github.com/softivite/puxbay/internal/services/staff_service.go:148.16,150.3 1 0
github.com/softivite/puxbay/internal/services/staff_service.go:152.2,155.49 3 0
github.com/softivite/puxbay/internal/services/staff_service.go:155.49,156.48 1 0
github.com/softivite/puxbay/internal/services/staff_service.go:156.48,158.4 1 0
github.com/softivite/puxbay/internal/services/staff_service.go:159.3,161.54 3 0
github.com/softivite/puxbay/internal/services/staff_service.go:161.54,163.4 1 0
github.com/softivite/puxbay/internal/services/staff_service.go:164.3,164.13 1 0
github.com/softivite/puxbay/internal/services/staff_service.go:167.2,167.16 1 0
github.com/softivite/puxbay/internal/services/staff_service.go:167.16,169.3 1 0
github.com/softivite/puxbay/internal/services/staff_service.go:171.2,171.21 1 0
github.com/softivite/puxbay/internal/services/staff_service.go:174.73,176.2 1 0
github.com/softivite/puxbay/internal/services/storefront_service.go:22.98,24.2 1 0
github.com/softivite/puxbay/internal/services/storefront_service.go:26.79,28.20 2 0
github.com/softivite/puxbay/internal/services/storefront_service.go:28.20,29.83 1 0
github.com/softivite/puxbay/internal/services/storefront_service.go:29.83,31.65 2 0
github.com/softivite/puxbay/internal/services/storefront_service.go:31.65,33.5 1 0
github.com/softivite/puxbay/internal/services/storefront_service.go:37.2,38.52 2 0
github.com/softivite/puxbay/internal/services/storefront_service.go:38.52,45.3 1 0
github.com/softivite/puxbay/internal/services/storefront_service.go:47.2,47.20 1 0
github.com/softivite/puxbay/internal/services/storefront_service.go:47.20,48.54 1 0
github.com/softivite/puxbay/internal/services/storefront_service.go:48.54,50.4 1 0
github.com/softivite/puxbay/internal/services/storefront_service.go:53.2,53.23 1 0
github.com/softivite/puxbay/internal/services/storefront_service.go:56.112,58.52 2 0
github.com/softivite/puxbay/internal/services/storefront_service.go:58.52,59.48 1 0
github.com/softivite/puxbay/internal/services/storefront_service.go:59.48,61.4 1 0
github.com/softivite/puxbay/internal/services/storefront_service.go:62.3,62.18 1 0
github.com/softivite/puxbay/internal/services/storefront_service.go:65.2,78.51 13 0
github.com/softivite/puxbay/internal/services/storefront_service.go:78.51,80.3 1 0
github.com/softivite/puxbay/internal/services/storefront_service.go:81.2,81.23 1 0
github.com/softivite/puxbay/internal/services/storefront_service.go:104.102,106.20 2 0
github.com/softivite/puxbay/internal/services/storefront_service.go:106.20,107.83 1 0
github.com/softivite/puxbay/internal/services/storefront_service.go:107.83,109.63 2 0
github.com/softivite/puxbay/internal/services/storefront_service.go:109.63,111.5 1 0
github.com/softivite/puxbay/internal/services/storefront_service.go:115.2,119.27 3 0
github.com/softivite/puxbay/internal/services/storefront_service.go:119.27,121.3 1 0
github.com/softivite/puxbay/internal/services/storefront_service.go:122.2,122.25 1 0
github.com/softivite/puxbay/internal/services/storefront_service.go:122.25,124.3 1 0
github.com/softivite/puxbay/internal/services/storefront_service.go:125.2,125.29 1 0
github.com/softivite/puxbay/internal/services/storefront_service.go:125.29,127.3 1 0
github.com/softivite/puxbay/internal/services/storefront_service.go:128.2,128.27 1 0
github.com/softivite/puxbay/internal/services/storefront_service.go:128.27,130.3 1 0
github.com/softivite/puxbay/internal/services/storefront_service.go:131.2,131.27 1 0
github.com/softivite/puxbay/internal/services/storefront_service.go:131.27,133.3 1 0
github.com/softivite/puxbay/internal/services/storefront_service.go:134.2,134.30 1 0
github.com/softivite/puxbay/internal/services/storefront_service.go:134.30,136.3 1 0
github.com/softivite/puxbay/internal/services/storefront_service.go:138.2,138.23 1 0
github.com/softivite/puxbay/internal/services/storefront_service.go:139.19,140.43 1 0
github.com/softivite/puxbay/internal/services/storefront_service.go:141.20,142.44 1 0
github.com/softivite/puxbay/internal/services/storefront_service.go:143.10,144.41 1 0
github.com/softivite/puxbay/internal/services/storefront_service.go:147.2,151.110 4 0
github.com/softivite/puxbay/internal/services/storefront_service.go:151.110,153.3 1 0
github.com/softivite/puxbay/internal/services/storefront_service.go:155.2,163.20 2 0
github.com/softivite/puxbay/internal/services/storefront_service.go:163.20,164.52 1 0
github.com/softivite/puxbay/internal/services/storefront_service.go:164.52,166.4 1 0
github.com/softivite/puxbay/internal/services/storefront_service.go:169.2,169.20 1 0
github.com/softivite/puxbay/internal/services/storefront_service.go:172.88,177.20 3 0
github.com/softivite/puxbay/internal/services/storefront_service.go:177.20,180.3 1 0
github.com/softivite/puxbay/internal/services/storefront_service.go:182.2,182.54 1 0
github.com/softivite/puxbay/internal/services/storefront_service.go:182.54,184.3 1 0
github.com/softivite/puxbay/internal/services/storefront_service.go:185.2,185.24 1 0
github.com/softivite/puxbay/internal/services/storefront_service.go:196.75,198.16 2 0
github.com/softivite/puxbay/internal/services/storefront_service.go:198.16,200.3 1 0
github.com/softivite/puxbay/internal/services/storefront_service.go:202.2,204.57 2 0
github.com/softivite/puxbay/internal/services/storefront_service.go:204.57,206.3 1 0
github.com/softivite/puxbay/internal/services/storefront_service.go:208.2,225.31 9 0
github.com/softivite/puxbay/internal/services/storefront_service.go:225.31,229.3 1 0
github.com/softivite/puxbay/internal/services/storefront_service.go:231.2,237.8 1 0
github.com/softivite/puxbay/internal/services/storefront_service.go:240.83,241.23 1 0
github.com/softivite/puxbay/internal/services/storefront_service.go:241.23,243.3 1 0
github.com/softivite/puxbay/internal/services/storefront_service.go:245.2,247.52 2 0
github.com/softivite/puxbay/internal/services/storefront_service.go:247.52,249.3 1 0
github.com/softivite/puxbay/internal/services/storefront_service.go:251.2,251.20 1 0
github.com/softivite/puxbay/internal/services/storefront_service.go:260.113,262.16 2 0
github.com/softivite/puxbay/internal/services/storefront_service.go:262.16,264.3 1 0
github.com/softivite/puxbay/internal/services/storefront_service.go:266.2,267.16 2 0
github.com/softivite/puxbay/internal/services/storefront_service.go:267.16,269.3 1 0
github.com/softivite/puxbay/internal/services/storefront_service.go:271.2,279.51 2 0
github.com/softivite/puxbay/internal/services/storefront_service.go:279.51,281.3 1 0
github.com/softivite/puxbay/internal/services/storefront_service.go:283.2,283.21 1 0
github.com/softivite/puxbay/internal/services/storefront_service.go:286.69,288.135 2 0
github.com/softivite/puxbay/internal/services/storefront_service.go:288.135,290.3 1 0
github.com/softivite/puxbay/internal/services/storefront_service.go:291.2,291.12 1 0
github.com/softivite/puxbay/internal/services/storefront_service.go:294.91,296.16 2 0
github.com/softivite/puxbay/internal/services/storefront_service.go:296.16,298.3 1 0
github.com/softivite/puxbay/internal/services/storefront_service.go:299.2,303.23 2 0
github.com/softivite/puxbay/internal/services/storefront_service.go:303.23,305.3 1 0
github.com/softivite/puxbay/internal/services/storefront_service.go:306.2,306.12 1 0
github.com/softivite/puxbay/internal/services/storefront_service.go:315.106,317.98 2 0
github.com/softivite/puxbay/internal/services/storefront_service.go:317.98,319.3 1 0
github.com/softivite/puxbay/internal/services/storefront_service.go:321.2,321.36 1 0
github.com/softivite/puxbay/internal/services/storefront_service.go:321.36,323.3 1 0
github.com/softivite/puxbay/internal/services/storefront_service.go:325.2,326.41 2 0
github.com/softivite/puxbay/internal/services/storefront_service.go:326.41,328.3 1 0
github.com/softivite/puxbay/internal/services/storefront_service.go:328.8,330.3 1 0
github.com/softivite/puxbay/internal/services/storefront_service.go:331.2,331.32 1 0
github.com/softivite/puxbay/internal/services/storefront_service.go:331.32,333.3 1 0
github.com/softivite/puxbay/internal/services/storefront_service.go:335.2,339.8 1 0
github.com/softivite/puxbay/internal/services/storefront_service.go:342.68,344.75 2 0
github.com/softivite/puxbay/internal/services/storefront_service.go:344.75,346.3 1 0
github.com/softivite/puxbay/internal/services/storefront_service.go:347.2,347.21 1 0
github.com/softivite/puxbay/internal/services/storefront_service.go:350.71,352.2 1 0
github.com/softivite/puxbay/internal/services/storefront_service.go:354.98,356.16 2 0
github.com/softivite/puxbay/internal/services/storefront_service.go:356.16,358.3 1 0
github.com/softivite/puxbay/internal/services/storefront_service.go:360.2,361.76 2 0
github.com/softivite/puxbay/internal/services/storefront_service.go:361.76,363.3 1 0
github.com/softivite/puxbay/internal/services/storefront_service.go:365.2,373.49 8 0
github.com/softivite/puxbay/internal/services/storefront_service.go:373.49,375.3 1 0
github.com/softivite/puxbay/internal/services/storefront_service.go:376.2,376.21 1 0
github.com/softivite/puxbay/internal/services/supplier_service.go:15.55,17.2 1 0
github.com/softivite/puxbay/internal/services/supplier_service.go:19.70,21.52 2 0
github.com/softivite/puxbay/internal/services/supplier_service.go:21.52,23.3 1 0
github.com/softivite/puxbay/internal/services/supplier_service.go:24.2,24.23 1 0
github.com/softivite/puxbay/internal/services/supplier_service.go:27.76,29.66 2 0
github.com/softivite/puxbay/internal/services/supplier_service.go:29.66,31.3 1 0
github.com/softivite/puxbay/internal/services/supplier_service.go:32.2,32.23 1 0
github.com/softivite/puxbay/internal/services/supplier_service.go:46.89,59.53 2 0
github.com/softivite/puxbay/internal/services/supplier_service.go:59.53,61.3 1 0
github.com/softivite/puxbay/internal/services/supplier_service.go:63.2,63.23 1 0
github.com/softivite/puxbay/internal/services/supplier_service.go:66.100,68.66 2 0
github.com/softivite/puxbay/internal/services/supplier_service.go:68.66,70.3 1 0
github.com/softivite/puxbay/internal/services/supplier_service.go:72.2,81.51 9 0
github.com/softivite/puxbay/internal/services/supplier_service.go:81.51,83.3 1 0
github.com/softivite/puxbay/internal/services/supplier_service.go:85.2,85.23 1 0
github.com/softivite/puxbay/internal/services/supplier_service.go:88.59,89.76 1 0
github.com/softivite/puxbay/internal/services/supplier_service.go:89.76,91.3 1 0
github.com/softivite/puxbay/internal/services/supplier_service.go:92.2,92.12 1 0
github.com/softivite/puxbay/internal/services/supplier_service.go:95.101,97.107 2 0
github.com/softivite/puxbay/internal/services/supplier_service.go:97.107,99.3 1 0
github.com/softivite/puxbay/internal/services/supplier_service.go:100.2,100.22 1 0
github.com/softivite/puxbay/internal/services/supplier_service.go:109.126,117.60 2 0
github.com/softivite/puxbay/internal/services/supplier_service.go:117.60,119.3 1 0
github.com/softivite/puxbay/internal/services/supplier_service.go:121.2,121.30 1 0
github.com/softivite/puxbay/internal/services/supplier_service.go:124.102,126.112 2 0
github.com/softivite/puxbay/internal/services/supplier_service.go:126.112,128.3 1 0
github.com/softivite/puxbay/internal/services/supplier_service.go:129.2,129.21 1 0
github.com/softivite/puxbay/internal/services/supplier_service.go:139.122,142.50 2 0
github.com/softivite/puxbay/internal/services/supplier_service.go:142.50,144.79 2 0
github.com/softivite/puxbay/internal/services/supplier_service.go:144.79,146.4 1 0
github.com/softivite/puxbay/internal/services/supplier_service.go:148.3,148.35 1 0
github.com/softivite/puxbay/internal/services/supplier_service.go:148.35,150.4 1 0
github.com/softivite/puxbay/internal/services/supplier_service.go:150.9,150.42 1 0
github.com/softivite/puxbay/internal/services/supplier_service.go:150.42,152.4 1 0
github.com/softivite/puxbay/internal/services/supplier_service.go:154.3,154.50 1 0
github.com/softivite/puxbay/internal/services/supplier_service.go:154.50,156.4 1 0
github.com/softivite/puxbay/internal/services/supplier_service.go:158.3,167.48 2 0
github.com/softivite/puxbay/internal/services/supplier_service.go:167.48,169.4 1 0
github.com/softivite/puxbay/internal/services/supplier_service.go:171.3,171.13 1 0
github.com/softivite/puxbay/internal/services/supplier_service.go:174.2,174.16 1 0
github.com/softivite/puxbay/internal/services/supplier_service.go:174.16,176.3 1 0
github.com/softivite/puxbay/internal/services/supplier_service.go:178.2,178.19 1 0
github.com/softivite/puxbay/internal/services/tax_service.go:20.57,22.2 1 0
github.com/softivite/puxbay/internal/services/tax_service.go:25.107,26.32 1 0
github.com/softivite/puxbay/internal/services/tax_service.go:26.32,28.3 1 0
github.com/softivite/puxbay/internal/services/tax_service.go:30.2,31.102 2 0
github.com/softivite/puxbay/internal/services/tax_service.go:31.102,32.45 1 0
github.com/softivite/puxbay/internal/services/tax_service.go:32.45,35.4 1 0
github.com/softivite/puxbay/internal/services/tax_service.go:36.3,36.16 1 0
github.com/softivite/puxbay/internal/services/tax_service.go:39.2,40.23 2 0
github.com/softivite/puxbay/internal/services/tax_service.go:44.116,45.34 1 0
github.com/softivite/puxbay/internal/services/tax_service.go:45.34,47.3 1 0
github.com/softivite/puxbay/internal/services/tax_service.go:50.2,50.54 1 0
github.com/softivite/puxbay/internal/services/token_store.go:32.68,34.16 2 0
github.com/softivite/puxbay/internal/services/token_store.go:34.16,36.3 1 0
github.com/softivite/puxbay/internal/services/token_store.go:37.2,39.64 2 0
github.com/softivite/puxbay/internal/services/token_store.go:39.64,41.3 1 0
github.com/softivite/puxbay/internal/services/token_store.go:42.2,42.46 1 0
github.com/softivite/puxbay/internal/services/token_store.go:47.95,50.2 2 0
github.com/softivite/puxbay/internal/services/token_store.go:53.99,55.27 2 0
github.com/softivite/puxbay/internal/services/token_store.go:55.27,58.3 2 0
github.com/softivite/puxbay/internal/services/token_store.go:59.2,60.12 2 0
github.com/softivite/puxbay/internal/services/token_store.go:64.74,68.2 3 0
github.com/softivite/puxbay/internal/services/token_store.go:71.80,74.27 3 0
github.com/softivite/puxbay/internal/services/token_store.go:74.27,77.3 2 0
github.com/softivite/puxbay/internal/services/token_store.go:78.2,81.27 3 0
github.com/softivite/puxbay/internal/services/token_store.go:81.27,84.3 2 0
github.com/softivite/puxbay/internal/services/token_store.go:85.2,85.16 1 0
github.com/softivite/puxbay/internal/services/token_store.go:92.88,94.2 1 0
github.com/softivite/puxbay/internal/services/token_store.go:96.69,98.2 1 0
github.com/softivite/puxbay/internal/services/token_store.go:100.91,102.2 1 0
github.com/softivite/puxbay/internal/services/token_store.go:104.77,107.2 2 0
github.com/softivite/puxbay/internal/services/user_profile_service.go:15.61,17.2 1 0
github.com/softivite/puxbay/internal/services/user_profile_service.go:19.93,21.100 2 0
github.com/softivite/puxbay/internal/services/user_profile_service.go:21.100,23.3 1 0
github.com/softivite/puxbay/internal/services/user_profile_service.go:24.2,24.22 1 0
github.com/softivite/puxbay/internal/services/user_profile_service.go:27.101,29.115 2 0
github.com/softivite/puxbay/internal/services/user_profile_service.go:29.115,31.3 1 0
github.com/softivite/puxbay/internal/services/user_profile_service.go:32.2,32.22 1 0
github.com/softivite/puxbay/internal/services/user_profile_service.go:42.128,44.16 2 0
github.com/softivite/puxbay/internal/services/user_profile_service.go:44.16,46.3 1 0
github.com/softivite/puxbay/internal/services/user_profile_service.go:48.2,48.20 1 0
github.com/softivite/puxbay/internal/services/user_profile_service.go:48.20,50.3 1 0
github.com/softivite/puxbay/internal/services/user_profile_service.go:51.2,51.38 1 0
github.com/softivite/puxbay/internal/services/user_profile_service.go:51.38,53.3 1 0
github.com/softivite/puxbay/internal/services/user_profile_service.go:54.2,54.24 1 0
github.com/softivite/puxbay/internal/services/user_profile_service.go:54.24,56.3 1 0
github.com/softivite/puxbay/internal/services/user_profile_service.go:57.2,57.24 1 0
github.com/softivite/puxbay/internal/services/user_profile_service.go:57.24,59.3 1 0
github.com/softivite/puxbay/internal/services/user_profile_service.go:61.2,61.50 1 0
github.com/softivite/puxbay/internal/services/user_profile_service.go:61.50,63.3 1 0
github.com/softivite/puxbay/internal/services/user_profile_service.go:65.2,65.21 1 0
github.com/softivite/puxbay/internal/services/wallet_service.go:15.51,17.2 1 0
github.com/softivite/puxbay/internal/services/wallet_service.go:26.105,30.25 3 0
github.com/softivite/puxbay/internal/services/wallet_service.go:30.25,32.22 2 0
github.com/softivite/puxbay/internal/services/wallet_service.go:32.22,34.4 1 0
github.com/softivite/puxbay/internal/services/wallet_service.go:35.3,35.64 1 0
github.com/softivite/puxbay/internal/services/wallet_service.go:36.8,36.32 1 0
github.com/softivite/puxbay/internal/services/wallet_service.go:36.32,38.3 1 0
github.com/softivite/puxbay/internal/services/wallet_service.go:38.8,40.3 1 0
github.com/softivite/puxbay/internal/services/wallet_service.go:42.2,42.16 1 0
github.com/softivite/puxbay/internal/services/wallet_service.go:42.16,44.3 1 0
github.com/softivite/puxbay/internal/services/wallet_service.go:46.2,60.8 7 0
github.com/softivite/puxbay/internal/services/wallet_service.go:63.80,65.78 2 0
github.com/softivite/puxbay/internal/services/wallet_service.go:65.78,67.3 1 0
github.com/softivite/puxbay/internal/services/wallet_service.go:68.2,68.23 1 0
github.com/softivite/puxbay/internal/services/wallet_service.go:71.87,73.16 2 0
github.com/softivite/puxbay/internal/services/wallet_service.go:73.16,75.3 1 0
github.com/softivite/puxbay/internal/services/wallet_service.go:77.2,79.23 3 0
github.com/softivite/puxbay/internal/services/wallet_service.go:82.73,85.2 2 0
github.com/softivite/puxbay/internal/services/wallet_service.go:87.107,89.16 2 0
github.com/softivite/puxbay/internal/services/wallet_service.go:89.16,91.3 1 0
github.com/softivite/puxbay/internal/services/wallet_service.go:93.2,95.26 3 0
github.com/softivite/puxbay/internal/services/wallet_service.go:103.151,105.16 2 0
github.com/softivite/puxbay/internal/services/wallet_service.go:105.16,107.3 1 0
github.com/softivite/puxbay/internal/services/wallet_service.go:109.2,110.80 2 0
github.com/softivite/puxbay/internal/services/wallet_service.go:110.80,112.3 1 0
github.com/softivite/puxbay/internal/services/wallet_service.go:114.2,126.37 6 0
github.com/softivite/puxbay/internal/services/wallet_service.go:129.84,130.25 1 0
github.com/softivite/puxbay/internal/services/wallet_service.go:130.25,132.3 1 0
github.com/softivite/puxbay/internal/services/wallet_service.go:134.2,135.16 2 0
github.com/softivite/puxbay/internal/services/wallet_service.go:135.16,137.3 1 0
github.com/softivite/puxbay/internal/services/wallet_service.go:139.2,140.80 2 0
github.com/softivite/puxbay/internal/services/wallet_service.go:140.80,142.3 1 0
github.com/softivite/puxbay/internal/services/wallet_service.go:144.2,144.23 1 0
github.com/softivite/puxbay/internal/services/webhook_service.go:18.53,20.2 1 0
github.com/softivite/puxbay/internal/services/webhook_service.go:24.101,25.12 1 0
github.com/softivite/puxbay/internal/services/webhook_service.go:25.12,31.54 4 0
github.com/softivite/puxbay/internal/services/webhook_service.go:31.54,33.18 2 0
github.com/softivite/puxbay/internal/services/webhook_service.go:33.18,36.5 2 0
github.com/softivite/puxbay/internal/services/webhook_service.go:37.4,38.29 2 0
github.com/softivite/puxbay/internal/services/webhook_service.go:38.29,41.5 1 0
github.com/softivite/puxbay/internal/services/webhook_service.go:43.4,46.69 3 0
github.com/softivite/puxbay/internal/services/webhook_service.go:46.69,51.5 3 0
github.com/softivite/puxbay/internal/services/webhook_service.go:53.4,53.19 1 0
github.com/softivite/puxbay/internal/services/webhook_service.go:53.19,55.5 1 0
github.com/softivite/puxbay/internal/services/webhook_service.go:58.4,60.16 3 0
github.com/softivite/puxbay/internal/services/webhook_service.go:64.3,65.103 2 0
